CustomerID,TotalSpent,TotalOrders,TotalQuantity,LastPurchase,FirstPurchase,Recency,Frequency,Monetary,R_Score,F_Score,M_Score,RFM_Score,Segment,AverageOrderValue,CustomerLifetime,Churn
12346,77183.6,1,74215,2011-01-18 10:01:00,2011-01-18 10:01:00,325,1,77183.6,1,1,5,7,Potential Loyal,77183.6,0,1
12347,4310.0,7,2458,2011-12-07 15:52:00,2010-12-07 14:57:00,1,7,4310.0,5,5,5,15,VIP,615.7142857142857,365,0
12348,1797.24,4,2341,2011-09-25 13:13:00,2010-12-16 19:09:00,74,4,1797.24,2,4,4,10,Loyal,449.31,282,0
12349,1757.55,1,631,2011-11-21 09:51:00,2011-11-21 09:51:00,18,1,1757.55,4,1,4,9,Potential Loyal,1757.55,0,0
12350,334.4,1,197,2011-02-02 16:01:00,2011-02-02 16:01:00,309,1,334.4,1,1,2,4,Lost,334.4,0,1
12352,2506.04,8,536,2011-11-03 14:37:00,2011-02-16 12:33:00,35,8,2506.04,3,5,5,13,VIP,313.255,260,0
12353,89.0,1,20,2011-05-19 17:47:00,2011-05-19 17:47:00,203,1,89.0,1,1,1,3,Lost,89.0,0,1
12354,1079.4,1,530,2011-04-21 13:11:00,2011-04-21 13:11:00,231,1,1079.4,1,1,4,6,At Risk,1079.4,0,1
12355,459.4,1,240,2011-05-09 13:49:00,2011-05-09 13:49:00,213,1,459.4,1,1,2,4,Lost,459.4,0,1
12356,2811.43,3,1591,2011-11-17 08:40:00,2011-01-18 09:50:00,22,3,2811.43,4,3,5,12,Loyal,937.1433333333333,302,0
12357,6207.67,1,2708,2011-11-06 16:07:00,2011-11-06 16:07:00,32,1,6207.67,4,1,5,10,Loyal,6207.67,0,0
12358,1168.06,2,248,2011-12-08 10:26:00,2011-07-12 10:04:00,1,2,1168.06,5,2,4,11,Loyal,584.03,149,0
12359,6310.03,4,1609,2011-10-13 12:47:00,2011-01-12 12:43:00,57,4,6310.03,3,4,5,12,Loyal,1577.5075,274,0
12360,2662.06,3,1165,2011-10-18 15:22:00,2011-05-23 09:43:00,51,3,2662.06,3,3,5,11,Loyal,887.3533333333334,148,0
12361,189.9,1,91,2011-02-25 13:51:00,2011-02-25 13:51:00,286,1,189.9,1,1,1,3,Lost,189.9,0,1
12362,5226.23,10,2229,2011-12-06 15:40:00,2011-02-17 10:30:00,2,10,5226.23,5,5,5,15,VIP,522.6229999999999,292,0
12363,552.0,2,408,2011-08-22 10:18:00,2011-04-11 13:29:00,109,2,552.0,2,2,3,7,Potential Loyal,276.0,132,1
12364,1313.1,4,1506,2011-12-02 10:22:00,2011-08-19 15:24:00,7,4,1313.1,5,4,4,13,VIP,328.275,104,0
12365,641.38,2,174,2011-02-21 14:04:00,2011-02-21 13:51:00,290,2,641.38,1,2,3,6,At Risk,320.69,0,1
12367,168.9,1,173,2011-12-05 16:48:00,2011-12-05 16:48:00,3,1,168.9,5,1,1,7,Potential Loyal,168.9,0,0
12370,3541.94,4,2352,2011-10-19 14:51:00,2010-12-14 12:58:00,50,4,3541.94,3,4,5,12,Loyal,885.485,309,0
12371,1887.96,2,591,2011-10-26 10:16:00,2011-10-11 10:43:00,44,2,1887.96,3,2,4,9,Potential Loyal,943.98,14,0
12372,1298.04,3,794,2011-09-29 12:12:00,2011-02-16 12:46:00,71,3,1298.04,3,3,4,10,Loyal,432.68,224,0
12373,364.6,1,197,2011-02-01 13:10:00,2011-02-01 13:10:00,310,1,364.6,1,1,2,4,Lost,364.6,0,1
12374,742.9300000000001,1,342,2011-11-14 15:37:00,2011-11-14 15:37:00,24,1,742.9300000000001,4,1,3,8,Potential Loyal,742.9300000000001,0,0
12375,457.5,2,178,2011-11-29 10:36:00,2011-09-02 14:23:00,10,2,457.5,5,2,2,9,Potential Loyal,228.75,87,0
12377,1628.12,2,944,2011-01-28 15:45:00,2010-12-20 09:37:00,314,2,1628.12,1,2,4,7,Potential Loyal,814.06,39,1
12378,4008.62,1,2529,2011-08-02 10:34:00,2011-08-02 10:34:00,129,1,4008.62,2,1,5,8,Potential Loyal,4008.62,0,1
12379,852.24,2,407,2011-09-19 10:09:00,2011-06-22 16:32:00,81,2,852.24,2,2,3,7,Potential Loyal,426.12,88,0
12380,2724.81,4,1127,2011-11-18 11:27:00,2011-06-07 09:49:00,21,4,2724.81,4,4,5,13,VIP,681.2025,164,0
12381,1845.31,5,808,2011-12-05 12:44:00,2011-08-12 09:57:00,4,5,1845.31,5,4,4,13,VIP,369.062,115,0
12383,1850.56,5,1532,2011-06-08 08:02:00,2010-12-22 14:28:00,184,5,1850.56,1,4,4,9,Potential Loyal,370.11199999999997,167,1
12384,585.27,2,126,2011-11-11 08:39:00,2011-08-10 11:23:00,28,2,585.27,4,2,3,9,Potential Loyal,292.635,92,0
12386,401.9,2,354,2011-01-06 12:37:00,2010-12-08 09:53:00,337,2,401.9,1,2,2,5,At Risk,200.95,29,1
12388,2780.66,6,1462,2011-11-24 12:30:00,2011-01-17 11:12:00,15,6,2780.66,4,4,5,13,VIP,463.4433333333333,311,0
12390,549.84,1,353,2011-09-21 09:33:00,2011-09-21 09:33:00,79,1,549.84,2,1,3,6,At Risk,549.84,0,0
12391,439.66,1,293,2011-11-18 12:07:00,2011-11-18 12:07:00,21,1,439.66,4,1,2,7,Potential Loyal,439.66,0,0
12393,1582.6000000000001,4,816,2011-09-28 15:41:00,2011-01-11 09:47:00,71,4,1582.6000000000001,3,4,4,11,Loyal,395.65000000000003,260,0
12394,1272.48,2,819,2011-10-07 08:08:00,2011-05-06 14:01:00,63,2,1272.48,3,2,4,9,Potential Loyal,636.24,153,0
12395,3018.63,12,2118,2011-11-20 15:21:00,2010-12-03 16:35:00,18,12,3018.63,4,5,5,14,VIP,251.5525,351,0
12397,2409.9,2,1263,2011-11-04 09:52:00,2011-07-27 14:21:00,35,2,2409.9,3,2,5,10,Loyal,1204.95,99,0
12398,1635.6599999999999,1,1394,2011-10-25 10:27:00,2011-10-25 10:27:00,45,1,1635.6599999999999,3,1,4,8,Potential Loyal,1635.6599999999999,0,0
12399,1108.65,4,1178,2011-08-12 13:15:00,2011-03-23 09:42:00,118,4,1108.65,2,4,4,10,Loyal,277.1625,142,1
12401,84.3,1,11,2011-02-09 13:50:00,2011-02-09 13:50:00,302,1,84.3,1,1,1,3,Lost,84.3,0,1
12402,225.6,1,94,2011-01-20 13:49:00,2011-01-20 13:49:00,322,1,225.6,1,1,1,3,Lost,225.6,0,1
12403,427.7,1,96,2011-10-21 10:51:00,2011-10-21 10:51:00,49,1,427.7,3,1,2,6,At Risk,427.7,0,0
12405,1710.39,1,857,2011-07-14 08:52:00,2011-07-14 08:52:00,148,1,1710.39,2,1,4,7,Potential Loyal,1710.39,0,1
12406,3415.3,2,1818,2011-11-17 19:22:00,2011-06-09 10:23:00,21,2,3415.3,4,2,5,11,Loyal,1707.65,161,0
12407,1708.1200000000001,5,1416,2011-10-21 10:11:00,2011-03-20 13:21:00,49,5,1708.1200000000001,3,4,4,11,Loyal,341.624,214,0
12408,2888.55,5,1409,2011-11-07 12:27:00,2011-03-24 14:46:00,32,5,2888.55,4,4,5,13,VIP,577.71,227,0
12409,11072.67,3,5551,2011-09-22 10:38:00,2011-06-10 12:19:00,78,3,11072.67,2,3,5,10,Loyal,3690.89,103,0
12410,693.3299999999999,2,211,2011-02-04 10:39:00,2011-02-04 10:38:00,308,2,693.3299999999999,1,2,3,6,At Risk,346.66499999999996,0,1
12412,1226.88,3,829,2011-09-26 10:16:00,2011-06-23 13:51:00,74,3,1226.88,2,3,4,9,Potential Loyal,408.96000000000004,94,0
12413,758.1,3,286,2011-10-04 09:00:00,2011-01-06 16:12:00,66,3,758.1,3,3,3,9,Potential Loyal,252.70000000000002,270,0
12414,562.41,3,300,2011-05-06 14:51:00,2011-02-02 14:51:00,216,3,562.41,1,3,3,7,Potential Loyal,187.47,93,1
12415,124914.53,21,77374,2011-11-15 14:22:00,2011-01-06 11:12:00,23,21,124914.53,4,5,5,14,VIP,5948.310952380953,313,0
12417,3649.1,9,1552,2011-12-06 14:52:00,2010-12-17 11:51:00,2,9,3649.1,5,5,5,15,VIP,405.4555555555555,354,0
12418,668.58,1,407,2011-08-19 11:08:00,2011-08-19 11:08:00,112,1,668.58,2,1,3,6,At Risk,668.58,0,1
12420,600.39,1,345,2011-10-07 08:55:00,2011-10-07 08:55:00,63,1,600.39,3,1,3,7,Potential Loyal,600.39,0,0
12421,807.04,4,484,2011-11-24 09:07:00,2011-01-24 15:09:00,15,4,807.04,4,4,3,11,Loyal,201.76,303,0
12422,803.5600000000001,3,370,2011-09-05 09:48:00,2011-01-19 09:13:00,95,3,803.5600000000001,2,3,3,8,Potential Loyal,267.85333333333335,229,1
12423,1859.31,8,1339,2011-12-09 10:10:00,2010-12-21 10:54:00,0,8,1859.31,5,5,4,14,VIP,232.41375,352,0
12424,1760.96,2,740,2011-06-30 12:06:00,2011-06-30 12:06:00,162,2,1760.96,2,2,4,8,Potential Loyal,880.48,0,1
12425,777.2,1,496,2011-09-22 17:31:00,2011-09-22 17:31:00,77,1,777.2,2,1,3,6,At Risk,777.2,0,0
12426,582.73,1,258,2011-05-29 12:26:00,2011-05-29 12:26:00,194,1,582.73,1,1,3,5,At Risk,582.73,0,1
12427,825.8,3,533,2011-11-18 08:56:00,2010-12-03 10:44:00,21,3,825.8,4,3,3,10,Loyal,275.26666666666665,349,0
12428,7956.46,9,3536,2011-11-14 08:22:00,2011-03-01 09:33:00,25,9,7956.46,4,5,5,14,VIP,884.0511111111111,257,0
12429,3750.4,4,1557,2011-11-30 17:22:00,2010-12-09 12:05:00,8,4,3750.4,5,4,5,14,VIP,937.6,356,0
12430,256.4,1,117,2011-10-27 15:09:00,2011-10-27 15:09:00,42,1,256.4,3,1,2,6,At Risk,256.4,0,0
12431,6419.95,15,2896,2011-11-04 11:55:00,2010-12-01 10:03:00,35,15,6419.95,3,5,5,13,VIP,427.99666666666667,338,0
12432,5059.32,5,1801,2011-10-28 11:43:00,2011-06-20 13:27:00,42,5,5059.32,3,4,5,12,Loyal,1011.8639999999999,129,0
12433,13375.87,7,11071,2011-12-09 10:02:00,2010-12-01 13:24:00,0,7,13375.87,5,5,5,15,VIP,1910.8385714285716,372,0
12434,806.14,2,394,2011-09-16 12:38:00,2011-03-24 13:05:00,84,2,806.14,2,2,3,7,Potential Loyal,403.07,175,0
12435,7829.89,2,2055,2011-09-21 09:06:00,2011-03-17 07:40:00,79,2,7829.89,2,2,5,9,Potential Loyal,3914.945,188,0
12436,509.01,1,211,2011-09-01 12:09:00,2011-09-01 12:09:00,99,1,509.01,2,1,3,6,At Risk,509.01,0,1
12437,4951.41,18,2922,2011-12-08 11:35:00,2011-01-12 14:13:00,1,18,4951.41,5,5,5,15,VIP,275.0783333333333,329,0
12438,2906.85,2,1180,2011-11-25 13:28:00,2011-07-22 13:29:00,13,2,2906.85,4,2,5,11,Loyal,1453.425,125,0
12441,173.55,1,121,2010-12-08 10:45:00,2010-12-08 10:45:00,366,1,173.55,1,1,1,3,Lost,173.55,0,1
12442,172.06,1,182,2011-12-06 14:22:00,2011-12-06 14:22:00,2,1,172.06,5,1,1,7,Potential Loyal,172.06,0,0
12444,5005.46,5,1153,2011-11-18 13:23:00,2011-06-21 14:00:00,20,5,5005.46,4,4,5,13,VIP,1001.092,149,0
12445,133.4,1,62,2011-11-17 18:43:00,2011-11-17 18:43:00,21,1,133.4,4,1,1,6,At Risk,133.4,0,0
12446,1002.3100000000001,1,351,2011-10-13 12:50:00,2011-10-13 12:50:00,57,1,1002.3100000000001,3,1,4,8,Potential Loyal,1002.3100000000001,0,0
12447,476.49,1,190,2011-04-10 13:25:00,2011-04-10 13:25:00,242,1,476.49,1,1,2,4,Lost,476.49,0,1
12448,449.45,1,243,2011-10-26 13:46:00,2011-10-26 13:46:00,43,1,449.45,3,1,2,6,At Risk,449.45,0,0
12449,4067.29,4,1553,2011-11-17 13:46:00,2011-06-05 15:37:00,21,4,4067.29,4,4,5,13,VIP,1016.8225,164,0
12450,197.88,2,128,2011-07-06 14:41:00,2011-06-19 14:36:00,155,2,197.88,2,2,1,5,At Risk,98.94,17,1
12451,9035.52,5,6575,2011-11-29 08:40:00,2011-01-19 09:05:00,10,5,9035.52,5,4,5,14,VIP,1807.104,313,0
12452,430.57,2,185,2011-11-23 10:28:00,2011-11-23 08:05:00,16,2,430.57,4,2,2,8,Potential Loyal,215.285,0,0
12453,707.09,1,473,2011-07-28 14:08:00,2011-07-28 14:08:00,133,1,707.09,2,1,3,6,At Risk,707.09,0,1
12454,3528.34,1,1006,2011-10-14 17:13:00,2011-10-14 17:13:00,55,1,3528.34,3,1,5,9,Potential Loyal,3528.34,0,0
12455,2466.86,6,2089,2011-09-27 15:31:00,2011-02-16 09:56:00,72,6,2466.86,2,4,5,11,Loyal,411.1433333333334,223,0
12456,3181.04,3,1633,2011-10-26 14:41:00,2011-03-30 09:12:00,43,3,3181.04,3,3,5,11,Loyal,1060.3466666666666,210,0
12457,2363.23,7,843,2011-10-04 13:13:00,2011-04-14 18:57:00,65,7,2363.23,3,5,5,13,VIP,337.6042857142857,172,0
12458,947.4,2,506,2011-09-29 15:25:00,2011-02-28 10:55:00,70,2,947.4,3,2,4,9,Potential Loyal,473.7,213,0
12461,826.88,2,287,2011-09-06 16:57:00,2011-07-08 10:23:00,93,2,826.88,2,2,3,7,Potential Loyal,413.44,60,1
12462,1189.59,2,536,2011-11-21 09:11:00,2011-02-09 14:44:00,18,2,1189.59,4,2,4,10,Loyal,594.795,284,0
12463,1344.78,4,776,2011-10-17 13:44:00,2011-04-12 12:47:00,52,4,1344.78,3,4,4,11,Loyal,336.195,188,0
12464,1212.05,8,112,2011-11-29 13:33:00,2011-02-03 13:30:00,9,8,1212.05,5,5,4,14,VIP,151.50625,299,0
12465,742.1899999999999,2,479,2011-11-22 16:34:00,2011-06-23 13:37:00,16,2,742.1899999999999,4,2,3,9,Potential Loyal,371.09499999999997,152,0
12468,729.5400000000001,2,366,2011-06-05 11:36:00,2011-01-27 13:29:00,187,2,729.5400000000001,1,2,3,6,At Risk,364.77000000000004,128,1
12471,19788.65,30,8200,2011-12-07 15:43:00,2010-12-10 09:35:00,1,30,19788.65,5,5,5,15,VIP,659.6216666666667,362,0
12472,6572.11,7,4148,2011-11-07 14:01:00,2010-12-05 14:19:00,31,7,6572.11,4,5,5,14,VIP,938.8728571428571,336,0
12473,3928.0499999999997,5,2414,2011-11-10 13:46:00,2011-06-01 10:15:00,28,5,3928.0499999999997,4,4,5,13,VIP,785.6099999999999,162,0
12474,7324.09,18,4833,2011-11-22 14:39:00,2011-01-14 10:06:00,16,18,7324.09,4,5,5,14,VIP,406.8938888888889,312,0
12475,723.38,1,535,2011-10-17 10:10:00,2011-10-17 10:10:00,53,1,723.38,3,1,3,7,Potential Loyal,723.38,0,0
12476,6816.42,11,2408,2011-11-24 12:40:00,2010-12-13 14:39:00,15,11,6816.42,4,5,5,14,VIP,619.6745454545454,345,0
12477,13219.74,6,3653,2011-11-17 09:51:00,2011-02-11 12:45:00,22,6,13219.74,4,4,5,13,VIP,2203.29,278,0
12478,680.99,1,236,2011-12-06 09:56:00,2011-12-06 09:56:00,3,1,680.99,5,1,3,9,Potential Loyal,680.99,0,0
12479,527.2,1,385,2011-11-28 13:26:00,2011-11-28 13:26:00,10,1,527.2,5,1,3,9,Potential Loyal,527.2,0,0
12480,3281.63,4,1707,2011-11-11 14:52:00,2011-01-07 15:27:00,27,4,3281.63,4,4,5,13,VIP,820.4075,307,0
12481,5579.82,10,3294,2011-11-17 08:29:00,2010-12-09 10:13:00,22,10,5579.82,4,5,5,14,VIP,557.982,342,0
12483,2484.98,8,1110,2011-11-22 17:02:00,2011-01-04 14:20:00,16,8,2484.98,4,5,5,14,VIP,310.6225,322,0
12484,4527.32,6,2187,2011-11-07 11:37:00,2011-01-07 14:04:00,32,6,4527.32,4,4,5,13,VIP,754.5533333333333,303,0
12488,1298.66,3,529,2011-11-30 08:50:00,2011-09-25 10:34:00,9,3,1298.66,5,3,4,12,Loyal,432.8866666666667,65,0
12489,334.93,1,105,2011-01-07 13:13:00,2011-01-07 13:13:00,335,1,334.93,1,1,2,4,Lost,334.93,0,1
12490,5417.93,10,3064,2011-12-04 16:07:00,2011-01-14 09:13:00,4,10,5417.93,5,5,5,15,VIP,541.793,324,0
12491,460.40000000000003,1,260,2011-11-01 12:18:00,2011-11-01 12:18:00,38,1,460.40000000000003,3,1,2,6,At Risk,460.40000000000003,0,0
12492,263.21000000000004,2,192,2011-10-07 15:15:00,2011-08-26 14:51:00,62,2,263.21000000000004,3,2,2,7,Potential Loyal,131.60500000000002,42,0
12493,433.74,2,207,2011-06-27 10:17:00,2011-05-26 14:53:00,165,2,433.74,2,2,2,6,At Risk,216.87,31,1
12494,1246.1000000000001,7,707,2011-11-24 09:34:00,2010-12-09 11:31:00,15,7,1246.1000000000001,4,5,4,13,VIP,178.01428571428573,349,0
12497,1043.1,1,1236,2011-09-19 12:29:00,2011-09-19 12:29:00,81,1,1043.1,2,1,4,7,Potential Loyal,1043.1,0,0
12498,403.70000000000005,3,159,2011-11-18 12:53:00,2011-10-13 09:30:00,20,3,403.70000000000005,4,3,2,9,Potential Loyal,134.5666666666667,36,0
12500,4257.82,11,2678,2011-11-16 16:20:00,2011-01-10 09:48:00,22,11,4257.82,4,5,5,14,VIP,387.07454545454544,310,0
12501,2169.39,1,1783,2011-01-07 12:28:00,2011-01-07 12:28:00,336,1,2169.39,1,1,5,7,Potential Loyal,2169.39,0,1
12502,3723.87,5,820,2011-09-05 11:52:00,2011-02-03 10:41:00,95,5,3723.87,2,4,5,11,Loyal,744.774,214,1
12504,482.04999999999995,2,90,2011-11-21 16:02:00,2011-11-09 14:56:00,17,2,482.04999999999995,4,2,2,8,Potential Loyal,241.02499999999998,12,0
12506,73.5,1,23,2011-04-21 08:54:00,2011-04-21 08:54:00,232,1,73.5,1,1,1,3,Lost,73.5,0,1
12507,1304.81,3,894,2011-07-28 17:09:00,2011-02-14 09:24:00,133,3,1304.81,2,3,4,9,Potential Loyal,434.93666666666667,164,1
12508,397.88,2,271,2011-11-13 15:37:00,2011-11-10 16:27:00,25,2,397.88,4,2,2,8,Potential Loyal,198.94,2,0
12509,176.5,1,55,2011-02-28 14:45:00,2011-02-28 14:45:00,283,1,176.5,1,1,1,3,Lost,176.5,0,1
12510,982.5699999999999,2,353,2011-07-20 10:15:00,2011-01-18 14:04:00,142,2,982.5699999999999,2,2,4,8,Potential Loyal,491.28499999999997,182,1
12512,132.18,2,96,2011-10-04 14:55:00,2011-10-04 14:53:00,65,2,132.18,3,2,1,6,At Risk,66.09,0,0
12513,612.29,1,462,2011-08-19 10:51:00,2011-08-19 10:51:00,112,1,612.29,2,1,3,6,At Risk,612.29,0,1
12514,1017.68,1,440,2011-03-17 16:38:00,2011-03-17 16:38:00,266,1,1017.68,1,1,4,6,At Risk,1017.68,0,1
12515,383.7,1,131,2010-12-21 15:43:00,2010-12-21 15:43:00,352,1,383.7,1,1,2,4,Lost,383.7,0,1
12516,1312.06,2,875,2011-09-23 09:13:00,2011-06-12 11:37:00,77,2,1312.06,2,2,4,8,Potential Loyal,656.03,102,0
12517,2481.6,5,1361,2011-11-11 14:04:00,2011-06-02 15:13:00,27,5,2481.6,4,4,5,13,VIP,496.32,161,0
12518,2056.89,5,1318,2011-12-09 10:13:00,2011-08-21 13:18:00,0,5,2056.89,5,4,5,14,VIP,411.378,109,0
12519,330.84,1,175,2011-10-07 09:26:00,2011-10-07 09:26:00,63,1,330.84,3,1,2,6,At Risk,330.84,0,0
12520,2634.26,5,1439,2011-09-21 15:23:00,2011-03-11 11:35:00,78,5,2634.26,2,4,5,11,Loyal,526.8520000000001,194,0
12521,599.68,1,309,2011-07-20 10:51:00,2011-07-20 10:51:00,142,1,599.68,2,1,3,6,At Risk,599.68,0,1
12522,192.72,2,194,2011-10-31 15:30:00,2011-10-19 14:41:00,38,2,192.72,3,2,1,6,At Risk,96.36,12,0
12523,1789.77,11,865,2011-11-20 12:55:00,2011-01-12 09:43:00,18,11,1789.77,4,5,4,13,VIP,162.70636363636365,312,0
12524,4485.72,8,3699,2011-11-30 15:31:00,2011-01-10 10:35:00,8,8,4485.72,5,5,5,15,VIP,560.715,324,0
12526,1316.66,3,632,2011-12-09 12:09:00,2011-09-06 14:19:00,0,3,1316.66,5,3,4,12,Loyal,438.8866666666667,93,0
12527,348.71000000000004,3,234,2011-09-19 11:55:00,2011-01-18 12:05:00,81,3,348.71000000000004,2,3,2,7,Potential Loyal,116.23666666666668,243,0
12528,1933.48,6,756,2011-11-30 14:40:00,2011-01-31 09:05:00,8,6,1933.48,5,5,4,14,VIP,322.24666666666667,303,0
12530,1662.28,4,913,2011-10-11 12:34:00,2011-01-07 10:04:00,59,4,1662.28,3,4,4,11,Loyal,415.57,277,0
12531,125.22,1,45,2011-11-25 11:12:00,2011-11-25 11:12:00,14,1,125.22,4,1,1,6,At Risk,125.22,0,0
12532,349.83000000000004,1,153,2011-11-09 13:47:00,2011-11-09 13:47:00,29,1,349.83000000000004,4,1,2,7,Potential Loyal,349.83000000000004,0,0
12534,1089.18,1,651,2011-08-01 10:26:00,2011-08-01 10:26:00,130,1,1089.18,2,1,4,7,Potential Loyal,1089.18,0,1
12535,716.35,2,219,2011-09-09 08:48:00,2011-06-06 12:47:00,91,2,716.35,2,2,3,7,Potential Loyal,358.175,94,1
12536,12601.830000000002,3,2803,2011-10-27 14:20:00,2011-10-11 14:52:00,42,3,12601.830000000002,3,3,5,11,Loyal,4200.610000000001,15,0
12538,363.95,1,191,2011-11-10 17:16:00,2011-11-10 17:16:00,28,1,363.95,4,1,2,7,Potential Loyal,363.95,0,0
12539,5568.35,4,2067,2011-11-17 13:30:00,2011-01-10 09:11:00,21,4,5568.35,4,4,5,13,VIP,1392.0875,311,0
12540,13400.24,17,6685,2011-11-20 11:31:00,2010-12-13 09:39:00,19,17,13400.24,4,5,5,14,VIP,788.2494117647059,342,0
12541,981.18,3,680,2011-11-10 10:40:00,2011-03-04 09:32:00,29,3,981.18,4,3,4,11,Loyal,327.06,251,0
12544,372.7,1,136,2011-11-03 16:15:00,2011-11-03 16:15:00,35,1,372.7,3,1,2,6,At Risk,372.7,0,0
12545,1000.39,2,523,2011-09-25 13:39:00,2011-03-25 12:04:00,74,2,1000.39,2,2,4,8,Potential Loyal,500.195,184,0
12546,1161.5,2,633,2011-10-24 12:09:00,2011-09-23 09:44:00,46,2,1161.5,3,2,4,9,Potential Loyal,580.75,31,0
12547,207.79999999999998,2,134,2011-05-26 12:38:00,2011-03-04 12:46:00,197,2,207.79999999999998,1,2,1,4,Lost,103.89999999999999,82,1
12548,95.19999999999999,1,49,2011-06-26 15:35:00,2011-06-26 15:35:00,165,1,95.19999999999999,2,1,1,4,Lost,95.19999999999999,0,1
12550,964.83,1,569,2011-09-21 14:35:00,2011-09-21 14:35:00,78,1,964.83,2,1,4,7,Potential Loyal,964.83,0,0
12551,168.0,1,100,2010-12-17 11:23:00,2010-12-17 11:23:00,357,1,168.0,1,1,1,3,Lost,168.0,0,1
12552,437.82,2,88,2011-11-01 10:02:00,2011-10-31 12:11:00,38,2,437.82,3,2,2,7,Potential Loyal,218.91,0,0
12553,3692.28,10,1965,2011-12-01 16:38:00,2011-01-14 10:42:00,7,10,3692.28,5,5,5,15,VIP,369.228,321,0
12556,599.56,2,355,2011-10-20 13:06:00,2011-07-11 13:35:00,49,2,599.56,3,2,3,8,Potential Loyal,299.78,100,0
12557,11990.960000000001,5,4384,2011-11-23 16:59:00,2010-12-03 12:20:00,15,5,11990.960000000001,4,4,5,13,VIP,2398.192,355,0
12558,269.96,1,196,2011-12-02 10:41:00,2011-12-02 10:41:00,7,1,269.96,5,1,2,8,Potential Loyal,269.96,0,0
12559,561.71,2,283,2011-02-02 09:49:00,2011-01-24 10:12:00,310,2,561.71,1,2,3,6,At Risk,280.855,8,1
12560,2134.01,3,1110,2011-12-04 13:54:00,2011-07-19 15:55:00,4,3,2134.01,5,3,5,13,VIP,711.3366666666667,137,0
12561,238.85,1,177,2011-02-10 11:39:00,2011-02-10 11:39:00,302,1,238.85,1,1,1,3,Lost,238.85,0,1
12562,3781.7400000000002,7,1779,2011-12-01 17:20:00,2011-05-25 12:44:00,7,7,3781.7400000000002,5,5,5,15,VIP,540.2485714285715,190,0
12564,456.9,1,133,2011-03-23 14:55:00,2011-03-23 14:55:00,260,1,456.9,1,1,2,4,Lost,456.9,0,1
12565,145.92,1,80,2011-02-24 10:34:00,2011-02-24 10:34:00,288,1,145.92,1,1,1,3,Lost,145.92,0,1
12566,351.65,1,265,2011-09-14 14:30:00,2011-09-14 14:30:00,85,1,351.65,2,1,2,5,At Risk,351.65,0,0
12567,9401.28,10,4305,2011-11-17 11:02:00,2010-12-05 11:57:00,22,10,9401.28,4,5,5,14,VIP,940.128,346,0
12569,4124.69,32,1801,2011-12-07 16:24:00,2011-04-01 13:47:00,1,32,4124.69,5,5,5,15,VIP,128.8965625,250,0
12571,519.61,2,523,2011-10-31 10:19:00,2011-08-10 12:35:00,39,2,519.61,3,2,3,8,Potential Loyal,259.805,81,0
12572,1020.42,2,452,2011-12-01 09:20:00,2011-10-19 08:20:00,8,2,1020.42,5,2,4,11,Loyal,510.21,43,0
12573,160.54000000000002,1,84,2011-04-26 15:52:00,2011-04-26 15:52:00,226,1,160.54000000000002,1,1,1,3,Lost,160.54000000000002,0,1
12574,218.45,1,61,2011-01-28 09:20:00,2011-01-28 09:20:00,315,1,218.45,1,1,1,3,Lost,218.45,0,1
12576,1315.83,5,967,2011-11-04 10:11:00,2011-02-08 11:31:00,35,5,1315.83,3,4,4,11,Loyal,263.166,268,0
12577,626.6,3,469,2011-11-04 13:24:00,2010-12-15 16:21:00,34,3,626.6,3,3,3,9,Potential Loyal,208.86666666666667,323,0
12578,2794.51,2,1196,2011-11-18 13:30:00,2011-01-13 15:34:00,20,2,2794.51,4,2,5,11,Loyal,1397.255,308,0
12579,440.42,1,285,2011-09-22 17:15:00,2011-09-22 17:15:00,77,1,440.42,2,1,2,5,At Risk,440.42,0,0
12580,415.7,1,238,2011-04-07 10:24:00,2011-04-07 10:24:00,246,1,415.7,1,1,2,4,Lost,415.7,0,1
12581,197.71,1,161,2011-10-31 08:56:00,2011-10-31 08:56:00,39,1,197.71,3,1,1,5,At Risk,197.71,0,0
12582,511.36,2,300,2011-04-15 08:45:00,2011-02-24 11:42:00,238,2,511.36,1,2,3,6,At Risk,255.68,49,1
12583,7281.38,15,5060,2011-12-07 08:07:00,2010-12-01 08:45:00,2,15,7281.38,5,5,5,15,VIP,485.42533333333336,370,0
12584,2338.15,9,416,2011-12-06 09:35:00,2011-03-04 15:15:00,3,9,2338.15,5,5,5,15,VIP,259.7944444444445,276,0
12585,2040.1,2,1279,2011-04-19 13:39:00,2010-12-23 12:58:00,233,2,2040.1,1,2,4,7,Potential Loyal,1020.05,117,1
12586,196.94000000000003,1,79,2011-11-22 16:24:00,2011-11-22 16:24:00,16,1,196.94000000000003,4,1,1,6,At Risk,196.94000000000003,0,0
12587,144.0,1,51,2011-12-02 12:47:00,2011-12-02 12:47:00,7,1,144.0,5,1,1,7,Potential Loyal,144.0,0,0
12588,214.89999999999998,1,53,2011-10-31 15:01:00,2011-10-31 15:01:00,38,1,214.89999999999998,3,1,1,5,At Risk,214.89999999999998,0,0
12589,646.68,2,306,2011-11-11 10:19:00,2011-07-18 12:05:00,28,2,646.68,4,2,3,9,Potential Loyal,323.34,115,0
12590,9864.26,2,4283,2011-05-12 14:52:00,2011-05-12 14:46:00,210,2,9864.26,1,2,5,8,Potential Loyal,4932.13,0,1
12591,452.84999999999997,1,228,2011-01-26 14:35:00,2011-01-26 14:35:00,316,1,452.84999999999997,1,1,2,4,Lost,452.84999999999997,0,1
12592,437.6,2,290,2011-09-08 15:04:00,2011-05-10 13:44:00,91,2,437.6,2,2,2,6,At Risk,218.8,121,1
12593,418.09999999999997,3,206,2011-08-23 12:43:00,2011-05-05 09:29:00,108,3,418.09999999999997,2,3,2,7,Potential Loyal,139.36666666666665,110,1
12594,3338.2200000000003,10,1777,2011-11-02 12:20:00,2011-01-21 09:52:00,37,10,3338.2200000000003,3,5,5,13,VIP,333.822,285,0
12596,618.27,2,474,2011-10-19 13:02:00,2011-04-11 13:22:00,50,2,618.27,3,2,3,8,Potential Loyal,309.135,190,0
12597,3811.22,4,2236,2011-11-20 13:33:00,2011-03-16 14:00:00,18,4,3811.22,4,4,5,13,VIP,952.805,248,0
12598,3023.08,8,1964,2011-11-30 12:18:00,2011-02-28 11:58:00,9,8,3023.08,5,5,5,15,VIP,377.885,275,0
12599,1032.58,7,956,2011-11-10 13:34:00,2011-02-08 13:28:00,28,7,1032.58,4,5,4,13,VIP,147.51142857142855,275,0
12600,2599.04,10,774,2011-11-11 10:29:00,2010-12-03 12:57:00,28,10,2599.04,4,5,5,14,VIP,259.904,342,0
12601,577.0600000000001,5,245,2011-06-03 10:17:00,2011-01-11 10:38:00,189,5,577.0600000000001,1,4,3,8,Potential Loyal,115.412,142,1
12602,153.12,1,162,2011-10-12 11:22:00,2011-10-12 11:22:00,58,1,153.12,3,1,1,5,At Risk,153.12,0,0
12603,739.1999999999999,1,63,2011-11-18 10:42:00,2011-11-18 10:42:00,21,1,739.1999999999999,4,1,3,8,Potential Loyal,739.1999999999999,0,0
12604,254.18,2,201,2011-09-21 14:08:00,2011-03-23 12:06:00,78,2,254.18,2,2,2,6,At Risk,127.09,182,0
12607,1579.51,1,1228,2011-10-10 16:06:00,2011-10-10 16:06:00,59,1,1579.51,3,1,4,8,Potential Loyal,1579.51,0,0
12609,1126.85,3,648,2011-09-22 16:34:00,2011-01-25 15:13:00,77,3,1126.85,2,3,4,9,Potential Loyal,375.6166666666666,240,0
12610,2099.54,5,1049,2011-11-17 09:34:00,2011-08-05 13:52:00,22,5,2099.54,4,4,5,13,VIP,419.908,103,0
12611,1193.32,1,846,2011-10-18 13:12:00,2011-10-18 13:12:00,51,1,1193.32,3,1,4,8,Potential Loyal,1193.32,0,0
12612,704.0400000000001,1,262,2011-09-26 15:35:00,2011-09-26 15:35:00,73,1,704.0400000000001,2,1,3,6,At Risk,704.0400000000001,0,0
12613,3344.38,5,1644,2011-10-13 14:59:00,2011-03-22 15:42:00,56,5,3344.38,3,4,5,12,Loyal,668.876,204,0
12614,315.6,1,76,2011-03-07 10:22:00,2011-03-07 10:22:00,277,1,315.6,1,1,2,4,Lost,315.6,0,1
12615,2291.19,4,1376,2011-12-07 15:02:00,2011-06-24 13:35:00,1,4,2291.19,5,4,5,14,VIP,572.7975,166,0
12616,713.3,2,284,2011-09-05 15:17:00,2011-02-15 14:17:00,94,2,713.3,2,2,3,7,Potential Loyal,356.65,202,1
12617,352.98,1,210,2011-11-10 14:39:00,2011-11-10 14:39:00,28,1,352.98,4,1,2,7,Potential Loyal,352.98,0,0
12618,177.31,1,96,2011-11-18 11:10:00,2011-11-18 11:10:00,21,1,177.31,4,1,1,6,At Risk,177.31,0,0
12619,3641.24,9,3378,2011-11-23 14:52:00,2011-03-31 13:10:00,15,9,3641.24,4,5,5,14,VIP,404.5822222222222,237,0
12620,1339.41,3,1181,2011-11-25 10:20:00,2011-05-19 12:10:00,14,3,1339.41,4,3,4,11,Loyal,446.47,189,0
12621,13689.67,20,7440,2011-12-08 11:25:00,2010-12-09 10:16:00,1,20,13689.67,5,5,5,15,VIP,684.4835,364,0
12622,180.1,1,69,2011-04-21 16:39:00,2011-04-21 16:39:00,231,1,180.1,1,1,1,3,Lost,180.1,0,1
12623,305.1,1,191,2011-03-08 13:50:00,2011-03-08 13:50:00,275,1,305.1,1,1,2,4,Lost,305.1,0,1
12624,641.13,2,355,2011-08-25 15:04:00,2011-06-15 12:34:00,105,2,641.13,2,2,3,7,Potential Loyal,320.565,71,1
12625,2683.82,2,1612,2011-05-12 09:54:00,2011-01-24 13:27:00,211,2,2683.82,1,2,5,8,Potential Loyal,1341.91,107,1
12626,6620.48,9,3453,2011-11-16 16:06:00,2011-01-17 11:01:00,22,9,6620.48,4,5,5,14,VIP,735.6088888888888,303,0
12627,4478.53,7,2752,2011-11-29 12:07:00,2011-07-22 13:59:00,10,7,4478.53,5,5,5,15,VIP,639.79,129,0
12628,786.46,3,448,2011-12-05 13:15:00,2011-10-06 09:28:00,3,3,786.46,5,3,3,11,Loyal,262.15333333333336,60,0
12630,1270.88,2,548,2011-11-30 10:48:00,2011-10-27 10:41:00,9,2,1270.88,5,2,4,11,Loyal,635.44,34,0
12631,640.5,1,236,2011-10-13 13:53:00,2011-10-13 13:53:00,56,1,640.5,3,1,3,7,Potential Loyal,640.5,0,0
12633,2163.98,4,1162,2011-10-12 11:40:00,2011-02-25 08:44:00,58,4,2163.98,3,4,5,12,Loyal,540.995,229,0
12635,1689.18,2,1172,2011-09-11 11:04:00,2011-07-08 08:43:00,89,2,1689.18,2,2,4,8,Potential Loyal,844.59,65,0
12637,6002.9,8,2994,2011-10-03 13:46:00,2011-01-20 10:47:00,66,8,6002.9,3,5,5,13,VIP,750.3625,256,0
12638,671.69,1,577,2011-11-06 13:11:00,2011-11-06 13:11:00,32,1,671.69,4,1,3,8,Potential Loyal,671.69,0,0
12639,486.1,1,201,2011-04-15 12:48:00,2011-04-15 12:48:00,238,1,486.1,1,1,2,4,Lost,486.1,0,1
12640,1174.58,3,311,2011-11-16 11:52:00,2011-09-19 12:01:00,23,3,1174.58,4,3,4,11,Loyal,391.52666666666664,57,0
12641,185.9,1,72,2011-08-16 13:26:00,2011-08-16 13:26:00,114,1,185.9,2,1,1,4,Lost,185.9,0,1
12642,1013.26,3,552,2011-11-14 15:03:00,2011-08-24 09:23:00,24,3,1013.26,4,3,4,11,Loyal,337.75333333333333,82,0
12643,3344.64,6,1808,2011-08-03 12:56:00,2011-01-11 11:48:00,127,6,3344.64,2,5,5,12,Loyal,557.4399999999999,204,1
12644,477.91,1,325,2011-08-02 10:33:00,2011-08-02 10:33:00,129,1,477.91,2,1,2,5,At Risk,477.91,0,1
12645,1775.18,4,1084,2011-11-06 12:38:00,2011-01-27 13:08:00,33,4,1775.18,3,4,4,11,Loyal,443.795,282,0
12646,1346.97,2,897,2011-12-05 10:14:00,2011-10-21 12:52:00,4,2,1346.97,5,2,4,11,Loyal,673.485,44,0
12647,3722.82,12,1431,2011-11-17 12:56:00,2010-12-05 14:02:00,21,12,3722.82,4,5,5,14,VIP,310.235,346,0
12648,318.05,1,160,2011-07-08 11:55:00,2011-07-08 11:55:00,154,1,318.05,2,1,2,5,At Risk,318.05,0,1
12649,623.51,3,586,2011-08-24 14:41:00,2011-05-11 14:37:00,106,3,623.51,2,3,3,8,Potential Loyal,207.83666666666667,105,1
12650,314.44,1,254,2011-12-06 16:34:00,2011-12-06 16:34:00,2,1,314.44,5,1,2,8,Potential Loyal,314.44,0,0
12651,114.0,1,78,2011-01-09 12:46:00,2011-01-09 12:46:00,334,1,114.0,1,1,1,3,Lost,114.0,0,1
12652,919.98,1,505,2011-01-12 15:00:00,2011-01-12 15:00:00,330,1,919.98,1,1,3,5,At Risk,919.98,0,1
12653,2209.85,2,919,2011-07-14 10:41:00,2011-02-16 10:53:00,148,2,2209.85,2,2,5,9,Potential Loyal,1104.925,147,1
12654,601.98,5,264,2011-11-29 10:10:00,2011-02-17 13:16:00,10,5,601.98,5,4,3,12,Loyal,120.396,284,0
12656,4051.17,5,1723,2011-11-22 13:42:00,2011-04-20 09:20:00,16,5,4051.17,4,4,5,13,VIP,810.234,216,0
12657,1643.18,4,1044,2011-11-28 15:47:00,2011-09-22 11:40:00,10,4,1643.18,5,4,4,13,VIP,410.795,67,0
12658,686.05,1,320,2011-11-21 10:22:00,2011-11-21 10:22:00,18,1,686.05,4,1,3,8,Potential Loyal,686.05,0,0
12659,91.68,1,105,2011-11-10 11:53:00,2011-11-10 11:53:00,29,1,91.68,4,1,1,6,At Risk,91.68,0,0
12660,245.1,1,127,2011-11-28 13:26:00,2011-11-28 13:26:00,10,1,245.1,5,1,1,7,Potential Loyal,245.1,0,0
12662,3849.78,11,2058,2011-12-09 11:59:00,2010-12-01 13:04:00,0,11,3849.78,5,5,5,15,VIP,349.98,372,0
12664,4881.88,9,1203,2011-12-01 17:07:00,2011-01-21 11:42:00,7,9,4881.88,5,5,5,15,VIP,542.4311111111111,314,0
12665,63.0,1,37,2011-01-19 08:34:00,2011-01-19 08:34:00,324,1,63.0,1,1,1,3,Lost,63.0,0,1
12667,620.13,1,395,2011-10-12 17:00:00,2011-10-12 17:00:00,57,1,620.13,3,1,3,7,Potential Loyal,620.13,0,0
12668,3807.15,4,1634,2011-11-28 10:56:00,2010-12-19 12:46:00,11,4,3807.15,5,4,5,14,VIP,951.7875,343,0
12669,2744.0299999999997,3,1115,2011-07-12 09:54:00,2011-03-28 10:15:00,150,3,2744.0299999999997,2,3,5,10,Loyal,914.6766666666666,105,1
12670,2996.05,5,1397,2011-11-29 15:23:00,2011-04-21 10:16:00,9,5,2996.05,5,4,5,14,VIP,599.21,222,0
12672,225.89999999999998,1,78,2011-01-14 09:20:00,2011-01-14 09:20:00,329,1,225.89999999999998,1,1,1,3,Lost,225.89999999999998,0,1
12673,610.52,2,351,2011-12-04 13:55:00,2011-01-17 11:46:00,4,2,610.52,5,2,3,10,Loyal,305.26,321,0
12674,1970.6,4,1133,2011-11-01 12:12:00,2011-05-16 09:10:00,38,4,1970.6,3,4,4,11,Loyal,492.65,169,0
12676,1331.39,6,670,2011-11-15 12:25:00,2011-02-01 15:41:00,24,6,1331.39,4,5,4,13,VIP,221.89833333333334,286,0
12678,17628.46,12,10923,2011-10-28 13:04:00,2010-12-21 11:00:00,41,12,17628.46,3,5,5,13,VIP,1469.0383333333332,311,0
12679,1113.02,4,554,2011-10-12 12:30:00,2011-03-01 12:26:00,58,4,1113.02,3,4,4,11,Loyal,278.255,225,0
12680,862.81,4,443,2011-12-09 12:50:00,2011-08-18 15:44:00,0,4,862.81,5,4,3,12,Loyal,215.7025,112,0
12681,13787.54,22,7536,2011-11-25 11:33:00,2010-12-07 10:08:00,14,22,13787.54,4,5,5,14,VIP,626.7063636363637,353,0
12682,12279.82,31,5555,2011-12-06 10:00:00,2010-12-03 13:59:00,3,31,12279.82,5,5,5,15,VIP,396.1232258064516,367,0
12683,8476.57,15,4987,2011-12-05 16:31:00,2010-12-09 10:37:00,3,15,8476.57,5,5,5,15,VIP,565.1046666666666,361,0
12684,2283.63,7,1985,2011-12-02 09:53:00,2011-05-10 12:55:00,7,7,2283.63,5,5,5,15,VIP,326.23285714285714,205,0
12685,2863.08,6,1523,2011-11-11 13:46:00,2011-09-07 10:28:00,27,6,2863.08,4,5,5,14,VIP,477.18,65,0
12686,89.14,1,107,2010-12-03 09:51:00,2010-12-03 09:51:00,371,1,89.14,1,1,1,3,Lost,89.14,0,1
12688,4873.8099999999995,1,3028,2011-08-18 08:49:00,2011-08-18 08:49:00,113,1,4873.8099999999995,2,1,5,8,Potential Loyal,4873.8099999999995,0,1
12689,1247.61,2,628,2011-11-14 08:31:00,2011-08-04 10:04:00,25,2,1247.61,4,2,4,10,Loyal,623.805,101,0
12690,389.01,1,106,2011-05-18 09:09:00,2011-05-18 09:09:00,205,1,389.01,1,1,2,4,Lost,389.01,0,1
12691,1035.8,6,394,2011-11-11 16:49:00,2010-12-17 14:46:00,27,6,1035.8,4,5,4,13,VIP,172.63333333333333,329,0
12693,855.91,4,255,2011-08-04 17:51:00,2011-01-24 12:58:00,126,4,855.91,2,4,3,9,Potential Loyal,213.9775,192,1
12694,869.67,2,509,2011-09-30 13:06:00,2011-06-09 17:48:00,69,2,869.67,3,2,3,8,Potential Loyal,434.835,112,0
12695,582.1,4,220,2011-12-02 13:22:00,2011-05-13 13:15:00,6,4,582.1,5,4,3,12,Loyal,145.525,203,0
12697,957.59,3,508,2011-11-11 08:47:00,2011-06-23 15:44:00,28,3,957.59,4,3,4,11,Loyal,319.19666666666666,140,0
12700,4939.99,4,2967,2011-12-02 10:47:00,2011-05-08 16:10:00,7,4,4939.99,5,4,5,14,VIP,1234.9975,207,0
12701,797.71,2,678,2011-09-21 10:47:00,2011-04-11 13:02:00,79,2,797.71,2,2,3,7,Potential Loyal,398.855,162,0
12702,219.0,1,53,2011-11-20 10:36:00,2011-11-20 10:36:00,19,1,219.0,4,1,1,6,At Risk,219.0,0,0
12703,283.55,1,164,2011-09-29 17:52:00,2011-09-29 17:52:00,70,1,283.55,3,1,2,6,At Risk,283.55,0,0
12704,2340.84,8,1006,2011-12-02 13:15:00,2011-06-23 10:20:00,6,8,2340.84,5,5,5,15,VIP,292.605,162,0
12705,6868.29,9,3997,2011-11-24 13:17:00,2010-12-17 15:58:00,14,9,6868.29,4,5,5,14,VIP,763.1433333333333,341,0
12707,603.42,1,256,2011-02-21 08:38:00,2011-02-21 08:38:00,291,1,603.42,1,1,3,5,At Risk,603.42,0,1
12708,2712.91,10,1307,2011-11-10 09:52:00,2010-12-06 10:43:00,29,10,2712.91,4,5,5,14,VIP,271.291,338,0
12709,9706.52,15,3912,2011-11-24 15:38:00,2010-12-08 09:49:00,14,15,9706.52,4,5,5,14,VIP,647.1013333333334,351,0
12710,1149.02,3,851,2011-09-04 12:00:00,2011-05-22 14:05:00,96,3,1149.02,2,3,4,9,Potential Loyal,383.00666666666666,104,1
12712,4396.13,13,1062,2011-11-11 08:19:00,2010-12-03 14:30:00,28,13,4396.13,4,5,5,14,VIP,338.1638461538462,342,0
12713,848.55,1,508,2011-12-09 12:16:00,2011-12-09 12:16:00,0,1,848.55,5,1,3,9,Potential Loyal,848.55,0,0
12714,4708.86,5,3069,2011-11-30 15:43:00,2011-02-18 10:53:00,8,5,4708.86,5,4,5,14,VIP,941.7719999999999,285,0
12715,343.36,1,192,2011-08-25 15:22:00,2011-08-25 15:22:00,105,1,343.36,2,1,2,5,At Risk,343.36,0,1
12716,1053.49,2,708,2011-12-06 08:55:00,2011-07-29 13:28:00,3,2,1053.49,5,2,4,11,Loyal,526.745,129,0
12717,1030.98,2,506,2011-07-11 14:47:00,2011-04-08 10:32:00,150,2,1030.98,2,2,4,8,Potential Loyal,515.49,94,1
12718,238.25,1,203,2011-09-29 16:38:00,2011-09-29 16:38:00,70,1,238.25,3,1,1,5,At Risk,238.25,0,0
12719,644.95,2,374,2011-12-04 13:45:00,2011-10-05 14:50:00,4,2,644.95,5,2,3,10,Loyal,322.475,59,0
12720,5781.73,25,4672,2011-12-07 08:03:00,2010-12-05 15:21:00,2,25,5781.73,5,5,5,15,VIP,231.26919999999998,366,0
12721,2656.13,6,1959,2011-11-08 12:13:00,2010-12-20 11:38:00,31,6,2656.13,4,5,5,14,VIP,442.68833333333333,323,0
12722,997.63,4,566,2011-09-15 14:50:00,2011-07-12 11:55:00,84,4,997.63,2,4,4,10,Loyal,249.4075,65,0
12723,725.07,5,434,2011-12-06 10:19:00,2011-10-05 15:52:00,3,5,725.07,5,4,3,12,Loyal,145.014,61,0
12724,1031.41,4,445,2011-12-04 16:02:00,2011-01-11 15:00:00,4,4,1031.41,5,4,4,13,VIP,257.8525,327,0
12725,427.8,1,164,2010-12-03 15:45:00,2010-12-03 15:45:00,370,1,427.8,1,1,2,4,Lost,427.8,0,1
12726,2609.1,7,3143,2011-11-11 13:35:00,2010-12-17 12:56:00,27,7,2609.1,4,5,5,14,VIP,372.7285714285714,329,0
12727,3980.7,7,2098,2011-11-29 11:46:00,2011-01-23 15:17:00,10,7,3980.7,5,5,5,15,VIP,568.6714285714286,309,0
12728,836.33,4,419,2011-09-29 15:31:00,2011-01-11 13:31:00,70,4,836.33,3,4,3,10,Loyal,209.0825,261,0
12729,453.01,1,233,2011-08-18 11:40:00,2011-08-18 11:40:00,113,1,453.01,2,1,2,5,At Risk,453.01,0,1
12731,18895.91,12,8437,2011-11-16 11:59:00,2010-12-10 10:56:00,23,12,18895.91,4,5,5,14,VIP,1574.6591666666666,341,0
12732,236.26000000000002,1,111,2011-06-13 11:33:00,2011-06-13 11:33:00,179,1,236.26000000000002,1,1,1,3,Lost,236.26000000000002,0,1
12733,383.95,1,137,2011-04-19 16:19:00,2011-04-19 16:19:00,233,1,383.95,1,1,2,4,Lost,383.95,0,1
12734,110.39999999999999,1,88,2010-12-22 12:47:00,2010-12-22 12:47:00,352,1,110.39999999999999,1,1,1,3,Lost,110.39999999999999,0,1
12735,779.5699999999999,2,368,2011-01-28 13:37:00,2011-01-06 14:26:00,314,2,779.5699999999999,1,2,3,6,At Risk,389.78499999999997,21,1
12736,234.0,1,173,2011-01-11 07:57:00,2011-01-11 07:57:00,332,1,234.0,1,1,1,3,Lost,234.0,0,1
12738,155.35,1,148,2010-12-02 18:27:00,2010-12-02 18:27:00,371,1,155.35,1,1,1,3,Lost,155.35,0,1
12739,1013.04,2,486,2011-09-22 13:00:00,2011-09-01 17:45:00,77,2,1013.04,2,2,4,8,Potential Loyal,506.52,20,0
12740,427.6,1,342,2011-10-07 10:44:00,2011-10-07 10:44:00,63,1,427.6,3,1,2,6,At Risk,427.6,0,0
12743,540.13,2,315,2011-07-28 16:21:00,2011-07-28 16:06:00,133,2,540.13,2,2,3,7,Potential Loyal,270.065,0,1
12744,21279.29,7,5241,2011-10-19 11:18:00,2011-01-25 13:26:00,51,7,21279.29,3,5,5,13,VIP,3039.8985714285714,266,0
12747,4196.01,11,1275,2011-12-07 14:34:00,2010-12-05 15:38:00,1,11,4196.01,5,5,5,15,VIP,381.4554545454546,366,0
12748,33053.19,209,25287,2011-12-09 12:20:00,2010-12-01 12:48:00,0,209,33053.19,5,5,5,15,VIP,158.14923444976077,372,0
12749,4090.88,5,1471,2011-12-06 09:56:00,2011-05-10 15:25:00,3,5,4090.88,5,4,5,14,VIP,818.176,209,0
12750,275.88,1,137,2011-08-03 09:13:00,2011-08-03 09:13:00,128,1,275.88,2,1,2,5,At Risk,275.88,0,1
12752,4366.78,1,2262,2011-09-19 13:32:00,2011-09-19 13:32:00,80,1,4366.78,2,1,5,8,Potential Loyal,4366.78,0,0
12753,21429.39,6,11421,2011-11-17 10:52:00,2010-12-12 11:44:00,22,6,21429.39,4,5,5,14,VIP,3571.565,339,0
12754,3010.74,3,6481,2011-04-18 09:00:00,2011-02-04 10:31:00,235,3,3010.74,1,3,5,9,Potential Loyal,1003.5799999999999,72,1
12755,3811.95,2,1491,2011-03-04 12:42:00,2010-12-09 10:44:00,280,2,3811.95,1,2,5,8,Potential Loyal,1905.975,85,1
12756,112.07999999999998,1,144,2011-09-14 09:31:00,2011-09-14 09:31:00,86,1,112.07999999999998,2,1,1,4,Lost,112.07999999999998,0,0
12757,7834.650000000001,13,2395,2011-11-24 12:30:00,2011-05-12 19:01:00,15,13,7834.650000000001,4,5,5,14,VIP,602.6653846153847,195,0
12758,2791.59,2,2135,2011-08-15 10:22:00,2011-03-08 12:05:00,116,2,2791.59,2,2,5,9,Potential Loyal,1395.795,159,1
12759,1531.44,3,902,2011-10-18 14:49:00,2011-03-09 08:09:00,51,3,1531.44,3,3,4,10,Loyal,510.48,223,0
12762,1898.52,2,1227,2011-12-02 10:23:00,2011-11-14 14:23:00,7,2,1898.52,5,2,4,11,Loyal,949.26,17,0
12763,494.08,2,316,2011-07-24 14:12:00,2010-12-05 15:46:00,137,2,494.08,2,2,3,7,Potential Loyal,247.04,230,1
12764,1693.88,1,386,2011-01-27 10:19:00,2011-01-27 10:19:00,316,1,1693.88,1,1,4,6,At Risk,1693.88,0,1
12766,6989.63,7,3646,2011-12-06 08:46:00,2010-12-08 13:53:00,3,7,6989.63,5,5,5,15,VIP,998.5185714285715,362,0
12769,1143.6,1,356,2011-04-15 10:25:00,2011-04-15 10:25:00,238,1,1143.6,1,1,4,6,At Risk,1143.6,0,1
12770,1351.45,1,743,2011-05-13 09:33:00,2011-05-13 09:33:00,210,1,1351.45,1,1,4,6,At Risk,1351.45,0,1
12772,892.47,1,556,2011-10-11 09:19:00,2011-10-11 09:19:00,59,1,892.47,3,1,3,7,Potential Loyal,892.47,0,0
12775,1386.04,5,877,2011-11-22 16:33:00,2011-02-01 13:45:00,16,5,1386.04,4,4,4,12,Loyal,277.20799999999997,294,0
12778,822.23,6,825,2011-11-20 11:30:00,2011-01-31 14:35:00,19,6,822.23,4,5,3,12,Loyal,137.03833333333333,292,0
12779,3981.36,8,2024,2011-11-02 11:43:00,2010-12-03 13:40:00,37,8,3981.36,3,5,5,13,VIP,497.67,333,0
12781,826.74,2,671,2011-10-07 10:37:00,2011-02-28 08:43:00,63,2,826.74,3,2,3,8,Potential Loyal,413.37,221,0
12782,2330.92,5,1086,2011-12-05 09:16:00,2010-12-17 11:30:00,4,5,2330.92,5,4,5,14,VIP,466.184,352,0
12783,2225.91,6,624,2011-12-07 15:56:00,2011-09-25 15:35:00,1,6,2225.91,5,5,5,15,VIP,370.98499999999996,73,0
12784,532.8199999999999,2,280,2011-11-30 15:38:00,2011-11-24 12:53:00,8,2,532.8199999999999,5,2,3,10,Loyal,266.40999999999997,6,0
12785,311.95,1,131,2010-12-10 13:48:00,2010-12-10 13:48:00,363,1,311.95,1,1,2,4,Lost,311.95,0,1
12787,463.66,3,261,2011-11-30 08:44:00,2011-05-31 09:36:00,9,3,463.66,5,3,2,10,Loyal,154.55333333333334,182,0
12789,91.85,1,4,2011-10-05 13:34:00,2011-10-05 13:34:00,64,1,91.85,3,1,1,5,At Risk,91.85,0,0
12790,324.92,1,166,2011-05-31 14:14:00,2011-05-31 14:14:00,191,1,324.92,1,1,2,4,Lost,324.92,0,1
12791,192.60000000000002,1,97,2010-12-01 11:27:00,2010-12-01 11:27:00,373,1,192.60000000000002,1,1,1,3,Lost,192.60000000000002,0,1
12792,400.53999999999996,1,217,2011-03-28 11:36:00,2011-03-28 11:36:00,256,1,400.53999999999996,1,1,2,4,Lost,400.53999999999996,0,1
12793,545.48,2,295,2011-01-09 12:12:00,2010-12-03 15:14:00,334,2,545.48,1,2,3,6,At Risk,272.74,36,1
12794,860.41,2,592,2011-10-17 14:54:00,2011-09-02 12:01:00,52,2,860.41,3,2,3,8,Potential Loyal,430.205,45,0
12795,430.48,1,68,2011-11-21 10:27:00,2011-11-21 10:27:00,18,1,430.48,4,1,2,7,Potential Loyal,430.48,0,0
12797,254.03,1,118,2010-12-09 10:55:00,2010-12-09 10:55:00,365,1,254.03,1,1,2,4,Lost,254.03,0,1
12798,6977.04,3,5256,2011-11-29 15:52:00,2011-06-22 10:11:00,9,3,6977.04,5,3,5,13,VIP,2325.68,160,0
12802,427.58,1,314,2011-06-06 09:36:00,2011-06-06 09:36:00,186,1,427.58,1,1,2,4,Lost,427.58,0,1
12808,483.65000000000003,3,188,2011-11-03 10:05:00,2010-12-06 10:27:00,36,3,483.65000000000003,3,3,2,8,Potential Loyal,161.21666666666667,331,0
12809,489.31,1,220,2011-06-15 10:51:00,2011-06-15 10:51:00,177,1,489.31,2,1,3,6,At Risk,489.31,0,1
12811,514.85,3,230,2011-03-24 09:42:00,2011-02-28 15:39:00,260,3,514.85,1,3,3,7,Potential Loyal,171.61666666666667,23,1
12812,229.64000000000001,1,164,2011-10-26 09:54:00,2011-10-26 09:54:00,44,1,229.64000000000001,3,1,1,5,At Risk,229.64000000000001,0,0
12814,125.92,1,49,2011-08-30 12:11:00,2011-08-30 12:11:00,101,1,125.92,2,1,1,4,Lost,125.92,0,1
12815,1063.46,2,379,2011-07-15 10:21:00,2011-05-25 13:34:00,147,2,1063.46,2,2,4,8,Potential Loyal,531.73,50,1
12816,572.2,2,128,2011-09-05 12:41:00,2011-06-16 13:24:00,95,2,572.2,2,2,3,7,Potential Loyal,286.1,80,1
12817,166.04,1,53,2011-03-03 16:28:00,2011-03-03 16:28:00,280,1,166.04,1,1,1,3,Lost,166.04,0,1
12818,1542.08,1,929,2011-03-23 12:06:00,2011-03-23 12:06:00,261,1,1542.08,1,1,4,6,At Risk,1542.08,0,1
12820,942.34,4,722,2011-12-06 15:12:00,2011-01-17 12:34:00,2,4,942.34,5,4,4,13,VIP,235.585,323,0
12821,92.72,1,70,2011-05-09 15:51:00,2011-05-09 15:51:00,213,1,92.72,1,1,1,3,Lost,92.72,0,1
12822,948.88,2,550,2011-09-30 10:04:00,2011-09-13 13:46:00,70,2,948.88,3,2,4,9,Potential Loyal,474.44,16,0
12823,1759.5,5,230,2011-09-26 07:35:00,2011-02-16 12:15:00,74,5,1759.5,2,4,4,10,Loyal,351.9,221,0
12824,397.12,1,232,2011-10-11 12:49:00,2011-10-11 12:49:00,59,1,397.12,3,1,2,6,At Risk,397.12,0,0
12826,1474.72,7,1058,2011-12-07 10:25:00,2010-12-09 15:21:00,2,7,1474.72,5,5,4,14,VIP,210.67428571428573,362,0
12827,430.15000000000003,3,197,2011-12-04 12:17:00,2011-10-26 15:44:00,5,3,430.15000000000003,5,3,2,10,Loyal,143.38333333333335,38,0
12828,1018.71,6,494,2011-12-07 08:45:00,2011-08-01 16:16:00,2,6,1018.71,5,5,4,14,VIP,169.785,127,0
12829,293.0,2,376,2011-01-07 11:13:00,2010-12-14 14:54:00,336,2,293.0,1,2,2,5,At Risk,146.5,23,1
12830,6814.64,6,9848,2011-11-02 11:54:00,2011-06-21 10:53:00,37,6,6814.64,3,5,5,13,VIP,1135.7733333333333,134,0
12831,215.05,1,135,2011-03-22 13:02:00,2011-03-22 13:02:00,261,1,215.05,1,1,1,3,Lost,215.05,0,1
12832,383.03,2,195,2011-11-07 13:30:00,2011-09-02 13:48:00,31,2,383.03,4,2,2,8,Potential Loyal,191.515,65,0
12833,417.38,1,156,2011-07-17 13:46:00,2011-07-17 13:46:00,144,1,417.38,2,1,2,5,At Risk,417.38,0,1
12834,312.38,1,110,2011-03-02 09:49:00,2011-03-02 09:49:00,282,1,312.38,1,1,2,4,Lost,312.38,0,1
12836,2610.36,4,1062,2011-10-11 15:10:00,2011-02-01 11:19:00,58,4,2610.36,3,4,5,12,Loyal,652.59,252,0
12837,134.1,1,24,2011-06-19 16:07:00,2011-06-19 16:07:00,172,1,134.1,2,1,1,4,Lost,134.1,0,1
12838,671.95,2,355,2011-11-06 12:20:00,2010-12-01 11:57:00,33,2,671.95,3,2,3,8,Potential Loyal,335.975,340,0
12839,5591.42,14,3807,2011-12-07 12:33:00,2010-12-07 15:48:00,2,14,5591.42,5,5,5,15,VIP,399.38714285714286,364,0
12840,2726.77,4,1511,2011-07-19 09:29:00,2011-04-27 12:21:00,143,4,2726.77,2,4,5,11,Loyal,681.6925,82,1
12841,3991.58,25,2720,2011-12-05 11:13:00,2010-12-03 10:43:00,4,25,3991.58,5,5,5,15,VIP,159.6632,367,0
12842,1118.99,2,547,2011-09-30 15:33:00,2011-02-04 12:36:00,69,2,1118.99,3,2,4,9,Potential Loyal,559.495,238,0
12843,1702.26,8,781,2011-10-05 12:09:00,2011-03-20 14:38:00,65,8,1702.26,3,5,4,12,Loyal,212.7825,198,0
12844,325.96000000000004,2,125,2011-11-10 13:31:00,2011-08-01 13:11:00,28,2,325.96000000000004,4,2,2,8,Potential Loyal,162.98000000000002,101,0
12845,354.09,4,204,2011-03-17 13:34:00,2011-02-22 14:10:00,266,4,354.09,1,4,2,7,Potential Loyal,88.5225,22,1
12847,843.64,1,873,2011-11-17 13:16:00,2011-11-17 13:16:00,21,1,843.64,4,1,3,8,Potential Loyal,843.64,0,0
12849,1010.29,2,597,2011-11-08 13:41:00,2011-03-16 12:26:00,30,2,1010.29,4,2,4,10,Loyal,505.145,237,0
12851,131.81,1,106,2011-09-04 12:41:00,2011-09-04 12:41:00,96,1,131.81,2,1,1,4,Lost,131.81,0,1
12852,311.55,1,149,2011-02-18 08:47:00,2011-02-18 08:47:00,294,1,311.55,1,1,2,4,Lost,311.55,0,1
12853,1957.1000000000001,6,800,2011-07-28 11:29:00,2011-01-28 10:28:00,134,6,1957.1000000000001,2,5,4,11,Loyal,326.18333333333334,181,1
12854,1316.25,3,626,2011-09-22 12:15:00,2011-01-25 13:35:00,78,3,1316.25,2,3,4,9,Potential Loyal,438.75,239,0
12855,38.1,1,30,2010-12-02 09:37:00,2010-12-02 09:37:00,372,1,38.1,1,1,1,3,Lost,38.1,0,1
12856,2170.78,6,1076,2011-12-02 10:52:00,2011-10-07 12:38:00,7,6,2170.78,5,5,5,15,VIP,361.7966666666667,55,0
12857,1106.4,2,343,2011-05-13 10:20:00,2011-02-10 12:32:00,210,2,1106.4,1,2,4,7,Potential Loyal,553.2,91,1
12863,521.2,1,188,2011-10-18 14:15:00,2011-10-18 14:15:00,51,1,521.2,3,1,3,7,Potential Loyal,521.2,0,0
12864,147.12,1,216,2011-07-24 13:03:00,2011-07-24 13:03:00,137,1,147.12,2,1,1,4,Lost,147.12,0,1
12865,1568.23,2,925,2011-11-13 14:31:00,2011-08-08 10:11:00,25,2,1568.23,4,2,4,10,Loyal,784.115,97,0
12866,559.12,1,171,2011-03-01 14:11:00,2011-03-01 14:11:00,282,1,559.12,1,1,3,5,At Risk,559.12,0,1
12867,4009.34,7,4284,2011-11-13 15:30:00,2010-12-14 16:39:00,25,7,4009.34,4,5,5,14,VIP,572.7628571428571,333,0
12868,1607.0600000000002,6,928,2011-06-07 10:42:00,2010-12-01 12:50:00,185,6,1607.0600000000002,1,5,4,10,Loyal,267.84333333333336,187,1
12871,380.64,2,200,2011-09-16 15:07:00,2011-05-16 13:32:00,83,2,380.64,2,2,2,6,At Risk,190.32,123,0
12872,599.97,2,319,2011-01-17 10:52:00,2010-12-09 14:44:00,326,2,599.97,1,2,3,6,At Risk,299.985,38,1
12873,374.0,1,128,2011-03-02 14:58:00,2011-03-02 14:58:00,281,1,374.0,1,1,2,4,Lost,374.0,0,1
12875,343.2300000000001,2,2019,2011-07-19 15:30:00,2010-12-12 12:03:00,142,2,343.2300000000001,2,2,2,6,At Risk,171.61500000000004,219,1
12876,2218.02,2,1941,2011-10-13 12:26:00,2011-05-27 13:34:00,57,2,2218.02,3,2,5,10,Loyal,1109.01,138,0
12877,1535.77,12,1178,2011-12-06 10:30:00,2010-12-16 12:23:00,3,12,1535.77,5,5,4,14,VIP,127.98083333333334,354,0
12878,854.99,2,547,2011-04-17 13:07:00,2011-03-18 14:02:00,235,2,854.99,1,2,3,6,At Risk,427.495,29,1
12879,573.22,3,370,2011-10-26 12:24:00,2011-09-09 12:11:00,44,3,573.22,3,3,3,9,Potential Loyal,191.07333333333335,47,0
12881,298.0,1,21,2011-03-09 11:44:00,2011-03-09 11:44:00,275,1,298.0,1,1,2,4,Lost,298.0,0,1
12882,1463.04,2,246,2011-11-30 16:18:00,2011-11-06 11:22:00,8,2,1463.04,5,2,4,11,Loyal,731.52,24,0
12883,703.47,4,196,2011-11-15 09:32:00,2011-09-11 15:18:00,24,4,703.47,4,4,3,11,Loyal,175.8675,64,0
12884,309.05,1,43,2011-09-12 13:10:00,2011-09-12 13:10:00,87,1,309.05,2,1,2,5,At Risk,309.05,0,0
12885,1175.22,3,655,2011-10-07 13:40:00,2011-08-08 11:45:00,62,3,1175.22,3,3,4,10,Loyal,391.74,60,0
12886,1378.4,2,770,2011-10-03 10:09:00,2011-05-04 11:21:00,67,2,1378.4,3,2,4,9,Potential Loyal,689.2,151,0
12888,354.12,2,76,2011-05-09 16:02:00,2011-03-29 14:31:00,213,2,354.12,1,2,2,5,At Risk,177.06,41,1
12890,376.71999999999997,1,256,2011-11-15 17:26:00,2011-11-15 17:26:00,23,1,376.71999999999997,4,1,2,7,Potential Loyal,376.71999999999997,0,0
12891,331.0,3,950,2011-06-07 12:31:00,2011-02-20 11:28:00,185,3,331.0,1,3,2,6,At Risk,110.33333333333333,107,1
12893,176.55,1,90,2011-11-09 12:34:00,2011-11-09 12:34:00,30,1,176.55,4,1,1,6,At Risk,176.55,0,0
12895,372.8,2,210,2011-10-28 13:51:00,2011-09-14 08:35:00,41,2,372.8,3,2,2,7,Potential Loyal,186.4,44,0
12897,216.5,2,110,2011-05-19 12:13:00,2011-02-11 11:40:00,204,2,216.5,1,2,1,4,Lost,108.25,97,1
12901,17654.54,28,23075,2011-12-01 10:07:00,2011-03-14 10:41:00,8,28,17654.54,5,5,5,15,VIP,630.5192857142857,261,0
12902,138.68,1,66,2011-03-20 12:06:00,2011-03-20 12:06:00,264,1,138.68,1,1,1,3,Lost,138.68,0,1
12904,496.06,2,294,2011-11-21 14:34:00,2011-06-20 13:18:00,17,2,496.06,4,2,3,9,Potential Loyal,248.03,154,0
12906,2919.81,5,1749,2011-11-28 09:55:00,2011-09-22 15:03:00,11,5,2919.81,5,4,5,14,VIP,583.962,66,0
12908,750.0,2,1200,2011-06-16 15:39:00,2011-01-31 12:37:00,175,2,750.0,2,2,3,7,Potential Loyal,375.0,136,1
12909,2178.67,5,1280,2011-10-31 12:43:00,2011-03-31 12:51:00,39,5,2178.67,3,4,5,12,Loyal,435.73400000000004,213,0
12910,3075.04,8,1692,2011-11-16 14:28:00,2011-04-12 10:01:00,22,8,3075.04,4,5,5,14,VIP,384.38,218,0
12912,1662.3,5,670,2011-12-07 08:55:00,2011-10-30 11:35:00,2,5,1662.3,5,4,4,13,VIP,332.46,37,0
12913,2483.63,5,1419,2011-12-05 12:11:00,2010-12-06 16:36:00,4,5,2483.63,5,4,5,14,VIP,496.726,363,0
12915,363.65,2,93,2011-07-14 11:34:00,2010-12-02 12:33:00,148,2,363.65,2,2,2,6,At Risk,181.825,223,1
12916,2944.95,4,1083,2011-07-24 10:35:00,2011-01-23 10:43:00,138,4,2944.95,2,4,5,11,Loyal,736.2375,181,1
12917,594.0,1,120,2011-08-03 16:42:00,2011-08-03 16:42:00,127,1,594.0,2,1,3,6,At Risk,594.0,0,1
12919,1335.19,6,673,2011-12-01 13:47:00,2011-06-23 09:22:00,7,6,1335.19,5,5,4,14,VIP,222.53166666666667,161,0
12920,162.78,1,128,2011-11-22 15:05:00,2011-11-22 15:05:00,16,1,162.78,4,1,1,6,At Risk,162.78,0,0
12921,16587.09,37,9526,2011-11-30 16:22:00,2010-12-01 15:06:00,8,37,16587.09,5,5,5,15,VIP,448.29972972972973,364,0
12922,405.38,1,370,2011-07-01 15:35:00,2011-07-01 15:35:00,160,1,405.38,2,1,2,5,At Risk,405.38,0,1
12923,172.82,1,68,2011-10-06 16:20:00,2011-10-06 16:20:00,63,1,172.82,3,1,1,5,At Risk,172.82,0,0
12924,933.7,4,481,2011-09-12 13:55:00,2011-01-16 11:49:00,87,4,933.7,2,4,4,10,Loyal,233.425,239,0
12925,694.05,2,541,2011-12-05 11:11:00,2011-09-26 11:05:00,4,2,694.05,5,2,3,10,Loyal,347.025,70,0
12928,2062.7000000000003,5,1472,2011-11-04 14:24:00,2010-12-15 15:45:00,34,5,2062.7000000000003,3,4,5,12,Loyal,412.5400000000001,323,0
12929,117.85,1,37,2011-02-01 12:08:00,2011-02-01 12:08:00,311,1,117.85,1,1,1,3,Lost,117.85,0,1
12930,415.8,2,252,2011-09-22 15:18:00,2011-06-21 13:25:00,77,2,415.8,2,2,2,6,At Risk,207.9,93,0
12931,42055.96,15,28004,2011-11-18 12:39:00,2010-12-17 09:45:00,21,15,42055.96,4,5,5,14,VIP,2803.730666666667,336,0
12933,607.53,3,499,2011-11-15 16:38:00,2011-03-01 11:30:00,23,3,607.53,4,3,3,10,Loyal,202.51,259,0
12935,2160.7,7,1853,2011-12-07 17:25:00,2011-01-24 13:58:00,1,7,2160.7,5,5,5,15,VIP,308.6714285714285,317,0
12936,1063.9,4,559,2011-11-22 17:32:00,2011-09-22 13:51:00,16,4,1063.9,4,4,4,12,Loyal,265.975,61,0
12937,1504.27,4,1007,2011-11-24 15:05:00,2011-03-17 14:19:00,14,4,1504.27,4,4,4,12,Loyal,376.0675,252,0
12938,114.14,1,140,2011-11-14 11:21:00,2011-11-14 11:21:00,25,1,114.14,4,1,1,6,At Risk,114.14,0,0
12939,11581.8,8,4876,2011-10-06 14:33:00,2011-01-09 11:20:00,63,8,11581.8,3,5,5,13,VIP,1447.725,270,0
12940,899.69,2,404,2011-10-16 12:09:00,2011-09-13 10:16:00,54,2,899.69,3,2,3,8,Potential Loyal,449.845,33,0
12942,675.6,3,198,2011-07-31 14:39:00,2010-12-09 09:34:00,130,3,675.6,2,3,3,8,Potential Loyal,225.20000000000002,234,1
12944,604.51,2,289,2011-11-04 11:04:00,2010-12-20 10:41:00,35,2,604.51,3,2,3,8,Potential Loyal,302.255,319,0
12945,462.95,1,165,2011-02-24 14:15:00,2011-02-24 14:15:00,287,1,462.95,1,1,2,4,Lost,462.95,0,1
12947,1603.99,6,1165,2011-07-19 10:06:00,2010-12-01 16:21:00,143,6,1603.99,2,5,4,11,Loyal,267.33166666666665,229,1
12948,2064.95,7,1080,2011-11-23 17:10:00,2011-03-20 10:17:00,15,7,2064.95,4,5,5,14,VIP,294.99285714285713,248,0
12949,4167.22,8,2381,2011-11-09 11:25:00,2011-04-01 13:20:00,30,8,4167.22,4,5,5,14,VIP,520.9025,221,0
12950,1843.0,3,1380,2011-12-07 13:17:00,2011-11-15 13:48:00,1,3,1843.0,5,3,4,12,Loyal,614.3333333333334,21,0
12951,1064.07,6,503,2011-12-01 12:14:00,2011-01-13 10:33:00,8,6,1064.07,5,5,4,14,VIP,177.345,322,0
12952,1387.79,4,653,2011-12-04 10:35:00,2011-09-22 16:37:00,5,4,1387.79,5,4,4,13,VIP,346.9475,72,0
12953,329.85,1,84,2011-11-30 09:24:00,2011-11-30 09:24:00,9,1,329.85,5,1,2,8,Potential Loyal,329.85,0,0
12955,4757.16,11,3664,2011-12-08 16:29:00,2011-03-17 09:03:00,0,11,4757.16,5,5,5,15,VIP,432.4690909090909,266,0
12956,108.07,1,34,2011-02-06 16:08:00,2011-02-06 16:08:00,305,1,108.07,1,1,1,3,Lost,108.07,0,1
12957,4017.54,8,2549,2011-11-30 09:53:00,2011-01-04 12:18:00,9,8,4017.54,5,5,5,15,VIP,502.1925,329,0
12962,266.39,2,129,2011-12-02 15:55:00,2011-08-18 13:38:00,6,2,266.39,5,2,2,9,Potential Loyal,133.195,106,0
12963,1856.63,8,881,2011-12-01 12:55:00,2010-12-09 09:14:00,7,8,1856.63,5,5,4,14,VIP,232.07875,357,0
12965,769.8100000000001,1,282,2011-09-11 15:31:00,2011-09-11 15:31:00,88,1,769.8100000000001,2,1,3,6,At Risk,769.8100000000001,0,0
12966,160.18,1,75,2011-11-30 12:38:00,2011-11-30 12:38:00,9,1,160.18,5,1,1,7,Potential Loyal,160.18,0,0
12967,1660.9,2,438,2010-12-16 19:10:00,2010-12-03 09:49:00,357,2,1660.9,1,2,4,7,Potential Loyal,830.45,13,1
12968,135.95,1,73,2011-08-19 15:44:00,2011-08-19 15:44:00,111,1,135.95,2,1,1,4,Lost,135.95,0,1
12970,405.47,4,268,2011-12-02 14:30:00,2011-01-21 14:04:00,6,4,405.47,5,4,2,11,Loyal,101.3675,315,0
12971,11189.91,86,9289,2011-12-06 12:20:00,2010-12-02 16:42:00,3,86,11189.91,5,5,5,15,VIP,130.11523255813952,368,0
12974,144.8,1,24,2011-05-26 09:33:00,2011-05-26 09:33:00,197,1,144.8,1,1,1,3,Lost,144.8,0,1
12976,738.6,1,561,2011-05-12 09:55:00,2011-05-12 09:55:00,211,1,738.6,1,1,3,5,At Risk,738.6,0,1
12977,39.239999999999995,1,12,2011-07-06 16:40:00,2011-07-06 16:40:00,155,1,39.239999999999995,2,1,1,4,Lost,39.239999999999995,0,1
12980,7374.900000000001,9,886,2011-07-05 09:34:00,2010-12-16 11:36:00,157,9,7374.900000000001,2,5,5,12,Loyal,819.4333333333334,200,1
12981,372.21999999999997,2,242,2011-11-10 12:00:00,2011-07-29 14:14:00,29,2,372.21999999999997,4,2,2,8,Potential Loyal,186.10999999999999,103,0
12982,390.54,1,288,2011-04-11 11:51:00,2011-04-11 11:51:00,242,1,390.54,1,1,2,4,Lost,390.54,0,1
12984,97.5,1,26,2011-11-21 12:37:00,2011-11-21 12:37:00,18,1,97.5,4,1,1,6,At Risk,97.5,0,0
12985,1239.38,2,1533,2011-12-09 10:46:00,2011-11-11 12:44:00,0,2,1239.38,5,2,4,11,Loyal,619.69,27,0
12987,558.7,2,219,2011-09-27 12:03:00,2011-05-26 12:00:00,73,2,558.7,2,2,3,7,Potential Loyal,279.35,124,0
12988,505.82,1,126,2011-02-20 14:31:00,2011-02-20 14:31:00,291,1,505.82,1,1,3,5,At Risk,505.82,0,1
12989,6924.110000000001,15,2943,2011-12-06 15:28:00,2010-12-10 13:24:00,2,15,6924.110000000001,5,5,5,15,VIP,461.6073333333334,361,0
12990,409.5,3,200,2011-11-08 13:01:00,2011-02-02 15:39:00,30,3,409.5,4,3,2,9,Potential Loyal,136.5,278,0
12991,503.76,2,405,2011-11-16 15:34:00,2011-08-19 14:39:00,22,2,503.76,4,2,3,9,Potential Loyal,251.88,89,0
12993,414.76,4,240,2011-11-16 15:49:00,2011-02-14 14:29:00,22,4,414.76,4,4,2,10,Loyal,103.69,275,0
12994,974.4200000000001,3,459,2011-12-05 15:43:00,2011-03-16 08:31:00,3,3,974.4200000000001,5,3,4,12,Loyal,324.8066666666667,264,0
12995,211.32,1,108,2011-09-15 15:44:00,2011-09-15 15:44:00,84,1,211.32,2,1,1,4,Lost,211.32,0,0
12997,1226.89,4,664,2011-11-17 15:47:00,2011-01-26 15:49:00,21,4,1226.89,4,4,4,12,Loyal,306.7225,294,0
12999,455.88,3,342,2011-05-27 13:24:00,2011-04-08 10:26:00,195,3,455.88,1,3,2,6,At Risk,151.96,49,1
13000,534.85,3,379,2011-08-25 10:43:00,2010-12-10 10:26:00,106,3,534.85,2,3,3,8,Potential Loyal,178.28333333333333,258,1
13001,9785.970000000001,13,5490,2011-12-05 14:51:00,2011-01-17 12:45:00,3,13,9785.970000000001,5,5,5,15,VIP,752.7669230769231,322,0
13002,120.94999999999999,1,73,2011-01-25 15:18:00,2011-01-25 15:18:00,317,1,120.94999999999999,1,1,1,3,Lost,120.94999999999999,0,1
13003,149.05,3,103,2011-08-26 10:50:00,2011-05-09 08:23:00,105,3,149.05,2,3,1,6,At Risk,49.68333333333334,109,1
13004,5655.91,18,4822,2011-11-28 11:27:00,2010-12-17 08:20:00,11,18,5655.91,5,5,5,15,VIP,314.21722222222223,346,0
13005,513.7,2,172,2011-06-19 10:53:00,2011-04-07 13:32:00,173,2,513.7,2,2,3,7,Potential Loyal,256.85,72,1
13006,81.57,1,55,2011-10-14 13:49:00,2011-10-14 13:49:00,55,1,81.57,3,1,1,5,At Risk,81.57,0,0
13008,229.46999999999997,1,175,2011-01-20 14:24:00,2011-01-20 14:24:00,322,1,229.46999999999997,1,1,1,3,Lost,229.46999999999997,0,1
13011,50.550000000000004,1,13,2010-12-02 17:22:00,2010-12-02 17:22:00,371,1,50.550000000000004,1,1,1,3,Lost,50.550000000000004,0,1
13012,1646.8400000000001,8,820,2011-11-30 13:05:00,2011-02-18 09:43:00,8,8,1646.8400000000001,5,5,4,14,VIP,205.85500000000002,285,0
13013,4810.9400000000005,13,2224,2011-12-08 15:01:00,2010-12-03 12:28:00,0,13,4810.9400000000005,5,5,5,15,VIP,370.07230769230773,370,0
13014,3466.2799999999997,10,905,2011-11-29 12:27:00,2011-03-03 18:28:00,10,10,3466.2799999999997,5,5,5,15,VIP,346.628,270,0
13015,3339.64,5,1609,2011-10-17 13:19:00,2011-04-04 14:28:00,52,5,3339.64,3,4,5,12,Loyal,667.928,195,0
13016,789.89,3,527,2011-09-27 14:08:00,2011-08-08 15:00:00,72,3,789.89,2,3,3,8,Potential Loyal,263.2966666666667,49,0
13017,204.0,1,48,2011-12-02 15:53:00,2011-12-02 15:53:00,6,1,204.0,5,1,1,7,Potential Loyal,204.0,0,0
13018,7277.7,28,5435,2011-11-23 13:28:00,2011-02-17 11:05:00,15,28,7277.7,4,5,5,14,VIP,259.91785714285714,279,0
13021,2616.38,9,1352,2011-12-05 16:37:00,2010-12-16 10:12:00,3,9,2616.38,5,5,5,15,VIP,290.7088888888889,354,0
13023,689.9,2,286,2011-10-06 16:27:00,2011-08-02 09:34:00,63,2,689.9,3,2,3,8,Potential Loyal,344.95,65,0
13026,975.36,5,1620,2011-12-08 16:58:00,2011-03-09 11:35:00,0,5,975.36,5,4,4,13,VIP,195.072,274,0
13027,6912.0,6,17280,2011-08-18 09:39:00,2010-12-20 12:45:00,113,6,6912.0,2,5,5,12,Loyal,1152.0,240,1
13028,661.3199999999999,2,798,2011-11-17 11:10:00,2011-10-25 14:09:00,22,2,661.3199999999999,4,2,3,9,Potential Loyal,330.65999999999997,22,0
13029,1247.5,3,134,2011-11-09 09:13:00,2010-12-21 13:53:00,30,3,1247.5,4,3,4,11,Loyal,415.8333333333333,322,0
13030,752.4399999999999,2,348,2011-11-28 14:30:00,2010-12-06 14:31:00,10,2,752.4399999999999,5,2,3,10,Loyal,376.21999999999997,356,0
13032,1010.18,2,375,2011-10-18 15:54:00,2011-09-13 16:40:00,51,2,1010.18,3,2,4,9,Potential Loyal,505.09,34,0
13033,190.55,1,83,2010-12-17 14:23:00,2010-12-17 14:23:00,356,1,190.55,1,1,1,3,Lost,190.55,0,1
13034,642.77,2,369,2011-10-16 12:21:00,2010-12-05 14:52:00,54,2,642.77,3,2,3,8,Potential Loyal,321.385,314,0
13035,921.88,2,644,2011-09-27 08:57:00,2011-03-24 09:21:00,73,2,921.88,2,2,3,7,Potential Loyal,460.94,186,0
13037,881.07,3,431,2011-07-24 15:46:00,2011-03-28 15:42:00,137,3,881.07,2,3,3,8,Potential Loyal,293.69,118,1
13038,908.46,3,360,2011-09-20 14:37:00,2011-02-22 11:43:00,79,3,908.46,2,3,3,8,Potential Loyal,302.82,210,0
13040,676.99,2,355,2011-12-01 10:38:00,2011-11-06 13:53:00,8,2,676.99,5,2,3,10,Loyal,338.495,24,0
13043,516.42,1,254,2011-03-11 14:52:00,2011-03-11 14:52:00,272,1,516.42,1,1,3,5,At Risk,516.42,0,1
13044,560.47,1,429,2011-02-21 15:20:00,2011-02-21 15:20:00,290,1,560.47,1,1,3,5,At Risk,560.47,0,1
13045,305.28000000000003,1,221,2011-09-01 15:04:00,2011-09-01 15:04:00,98,1,305.28000000000003,2,1,2,5,At Risk,305.28000000000003,0,1
13046,629.31,2,264,2011-11-09 08:36:00,2011-03-18 15:43:00,30,2,629.31,4,2,3,9,Potential Loyal,314.655,235,0
13047,3237.54,10,1391,2011-11-08 12:06:00,2010-12-01 08:34:00,31,10,3237.54,4,5,5,14,VIP,323.754,342,0
13048,1819.41,4,1228,2011-11-25 13:23:00,2011-01-16 14:36:00,13,4,1819.41,4,4,4,12,Loyal,454.8525,312,0
13049,656.6800000000001,2,268,2011-10-06 15:31:00,2011-01-25 16:33:00,63,2,656.6800000000001,3,2,3,8,Potential Loyal,328.34000000000003,253,0
13050,5836.86,17,3748,2011-11-25 09:18:00,2010-12-08 09:30:00,14,17,5836.86,4,5,5,14,VIP,343.3447058823529,351,0
13052,348.15000000000003,1,222,2011-05-11 14:12:00,2011-05-11 14:12:00,211,1,348.15000000000003,1,1,2,4,Lost,348.15000000000003,0,1
13055,1214.41,3,894,2011-09-22 14:26:00,2011-05-10 08:58:00,77,3,1214.41,2,3,4,9,Potential Loyal,404.80333333333334,135,0
13058,271.40000000000003,3,52,2011-11-15 12:43:00,2011-07-11 12:01:00,24,3,271.40000000000003,4,3,2,9,Potential Loyal,90.46666666666668,127,0
13059,183.4,1,35,2011-04-04 10:40:00,2011-04-04 10:40:00,249,1,183.4,1,1,1,3,Lost,183.4,0,1
13060,307.53,1,123,2011-03-31 11:37:00,2011-03-31 11:37:00,253,1,307.53,1,1,2,4,Lost,307.53,0,1
13061,248.61,1,107,2011-09-28 16:04:00,2011-09-28 16:04:00,71,1,248.61,3,1,1,5,At Risk,248.61,0,0
13062,346.98,1,343,2011-06-01 15:12:00,2011-06-01 15:12:00,190,1,346.98,1,1,2,4,Lost,346.98,0,1
13064,1105.59,4,514,2011-11-27 12:31:00,2011-01-16 13:41:00,12,4,1105.59,5,4,4,13,VIP,276.3975,314,0
13065,205.86,1,74,2010-12-01 16:52:00,2010-12-01 16:52:00,372,1,205.86,1,1,1,3,Lost,205.86,0,1
13066,470.8,2,322,2011-11-15 12:57:00,2011-11-07 17:06:00,23,2,470.8,4,2,2,8,Potential Loyal,235.4,7,0
13067,115.46000000000001,1,32,2011-09-18 13:38:00,2011-09-18 13:38:00,81,1,115.46000000000001,2,1,1,4,Lost,115.46000000000001,0,0
13068,344.0,2,200,2011-11-29 15:00:00,2011-01-24 08:20:00,9,2,344.0,5,2,2,9,Potential Loyal,172.0,309,0
13069,4431.44,24,5873,2011-12-09 08:39:00,2010-12-05 11:02:00,0,24,4431.44,5,5,5,15,VIP,184.64333333333332,368,0
13070,228.8,1,110,2011-05-31 13:45:00,2011-05-31 13:45:00,191,1,228.8,1,1,1,3,Lost,228.8,0,1
13072,177.15,1,69,2011-03-18 08:12:00,2011-03-18 08:12:00,266,1,177.15,1,1,1,3,Lost,177.15,0,1
13075,919.61,1,485,2011-08-02 10:19:00,2011-08-02 10:19:00,129,1,919.61,2,1,3,6,At Risk,919.61,0,1
13077,728.02,4,862,2011-12-08 19:24:00,2010-12-08 14:59:00,0,4,728.02,5,4,3,12,Loyal,182.005,365,0
13078,12627.94,26,5630,2011-12-06 15:36:00,2010-12-08 09:07:00,2,26,12627.94,5,5,5,15,VIP,485.69,363,0
13079,220.10000000000002,5,62,2011-12-05 16:53:00,2011-07-22 14:41:00,3,5,220.10000000000002,5,4,1,10,Loyal,44.02,136,0
13080,58.08,1,120,2011-06-13 14:59:00,2011-06-13 14:59:00,178,1,58.08,2,1,1,4,Lost,58.08,0,1
13081,28337.38,11,19068,2011-11-28 10:54:00,2010-12-03 17:20:00,11,11,28337.38,5,5,5,15,VIP,2576.1254545454544,359,0
13082,3613.63,9,4324,2011-08-05 16:16:00,2011-01-05 15:42:00,125,9,3613.63,2,5,5,12,Loyal,401.51444444444445,212,1
13083,303.75,2,187,2011-12-05 15:01:00,2011-09-25 10:46:00,3,2,303.75,5,2,2,9,Potential Loyal,151.875,71,0
13085,416.08000000000004,2,216,2011-07-05 12:11:00,2011-02-17 13:57:00,157,2,416.08000000000004,2,2,2,6,At Risk,208.04000000000002,137,1
13089,58762.08,97,31025,2011-12-07 09:02:00,2010-12-05 10:27:00,2,97,58762.08,5,5,5,15,VIP,605.7946391752578,366,0
13090,8910.82,14,2263,2011-12-01 12:39:00,2010-12-02 07:48:00,8,14,8910.82,5,5,5,15,VIP,636.4871428571429,364,0
13091,345.82,1,466,2011-11-11 15:54:00,2011-11-11 15:54:00,27,1,345.82,4,1,2,7,Potential Loyal,345.82,0,0
13092,477.83,5,279,2011-09-30 11:18:00,2010-12-15 12:27:00,70,5,477.83,3,4,2,9,Potential Loyal,95.566,288,0
13093,7832.47,8,3961,2011-03-09 12:14:00,2010-12-01 15:00:00,275,8,7832.47,1,5,5,11,Loyal,979.05875,97,1
13094,1927.3200000000002,12,1716,2011-11-18 14:07:00,2010-12-06 10:34:00,20,12,1927.3200000000002,4,5,4,13,VIP,160.61,347,0
13095,74.39999999999999,1,144,2011-09-30 12:03:00,2011-09-30 12:03:00,70,1,74.39999999999999,3,1,1,5,At Risk,74.39999999999999,0,0
13097,6003.22,10,2360,2011-11-07 10:43:00,2010-12-14 15:13:00,32,10,6003.22,4,5,5,14,VIP,600.322,327,0
13098,28882.44,28,15968,2011-12-08 14:14:00,2011-01-26 13:46:00,0,28,28882.44,5,5,5,15,VIP,1031.5157142857142,316,0
13099,207.35999999999999,1,288,2011-09-01 17:40:00,2011-09-01 17:40:00,98,1,207.35999999999999,2,1,1,4,Lost,207.35999999999999,0,1
13101,101.19,1,113,2011-04-19 14:37:00,2011-04-19 14:37:00,233,1,101.19,1,1,1,3,Lost,101.19,0,1
13102,6424.09,24,4204,2011-12-08 12:52:00,2010-12-09 13:38:00,0,24,6424.09,5,5,5,15,VIP,267.67041666666665,363,0
13103,243.94,1,82,2011-10-31 09:38:00,2011-10-31 09:38:00,39,1,243.94,3,1,1,5,At Risk,243.94,0,0
13104,1098.48,6,504,2011-12-06 13:10:00,2010-12-20 11:58:00,2,6,1098.48,5,5,4,14,VIP,183.08,351,0
13106,76.5,1,18,2011-07-29 15:12:00,2011-07-29 15:12:00,132,1,76.5,2,1,1,4,Lost,76.5,0,1
13107,1531.6200000000001,4,1293,2011-10-26 14:52:00,2011-01-10 12:28:00,43,4,1531.6200000000001,3,4,4,11,Loyal,382.90500000000003,289,0
13108,350.06,1,298,2010-12-02 10:35:00,2010-12-02 10:35:00,372,1,350.06,1,1,2,4,Lost,350.06,0,1
13109,786.54,2,520,2011-10-11 10:16:00,2011-07-05 14:56:00,59,2,786.54,3,2,3,8,Potential Loyal,393.27,97,0
13110,1488.67,7,388,2011-11-08 14:30:00,2011-02-01 15:24:00,30,7,1488.67,4,5,4,13,VIP,212.66714285714286,279,0
13113,12245.960000000001,24,3045,2011-12-09 12:49:00,2010-12-08 13:21:00,0,24,12245.960000000001,5,5,5,15,VIP,510.2483333333334,365,0
13115,2294.78,4,1567,2011-11-28 12:38:00,2011-06-08 16:15:00,11,4,2294.78,5,4,5,14,VIP,573.695,172,0
13116,501.14,1,291,2011-07-24 14:33:00,2011-07-24 14:33:00,137,1,501.14,2,1,3,6,At Risk,501.14,0,1
13117,984.91,8,945,2011-11-18 12:02:00,2010-12-02 13:11:00,21,8,984.91,4,5,4,13,VIP,123.11375,350,0
13118,1197.81,5,410,2011-11-20 12:46:00,2011-02-24 12:32:00,19,5,1197.81,4,4,4,12,Loyal,239.56199999999998,269,0
13120,30.599999999999998,1,12,2011-04-15 10:19:00,2011-04-15 10:19:00,238,1,30.599999999999998,1,1,1,3,Lost,30.599999999999998,0,1
13121,283.73,1,252,2011-03-15 16:47:00,2011-03-15 16:47:00,268,1,283.73,1,1,2,4,Lost,283.73,0,1
13122,922.39,2,585,2011-09-06 15:53:00,2011-04-13 14:12:00,93,2,922.39,2,2,3,7,Potential Loyal,461.195,146,1
13124,3756.33,3,2119,2011-09-11 12:45:00,2010-12-15 15:00:00,89,3,3756.33,2,3,5,10,Loyal,1252.11,269,0
13126,2099.64,8,2143,2011-12-05 10:00:00,2010-12-08 11:42:00,4,8,2099.64,5,5,5,15,VIP,262.455,361,0
13127,259.17,1,127,2011-09-23 10:26:00,2011-09-23 10:26:00,77,1,259.17,2,1,2,5,At Risk,259.17,0,0
13130,64.0,1,32,2011-09-06 15:30:00,2011-09-06 15:30:00,93,1,64.0,2,1,1,4,Lost,64.0,0,1
13131,1073.3,3,447,2011-11-16 13:21:00,2011-06-05 10:54:00,22,3,1073.3,4,3,4,11,Loyal,357.76666666666665,164,0
13132,77.3,1,20,2011-03-23 12:44:00,2011-03-23 12:44:00,261,1,77.3,1,1,1,3,Lost,77.3,0,1
13133,109.8,2,32,2011-03-11 10:31:00,2011-02-08 15:48:00,273,2,109.8,1,2,1,4,Lost,54.9,30,1
13134,1793.58,4,1059,2011-09-15 10:35:00,2011-04-13 12:57:00,85,4,1793.58,2,4,4,10,Loyal,448.395,154,0
13135,3096.0,1,4300,2011-05-27 10:52:00,2011-05-27 10:52:00,196,1,3096.0,1,1,5,7,Potential Loyal,3096.0,0,1
13136,2607.61,5,1328,2011-10-14 13:41:00,2011-05-11 12:47:00,55,5,2607.61,3,4,5,12,Loyal,521.522,156,0
13137,3603.29,8,2204,2011-11-29 12:09:00,2011-02-04 11:54:00,10,8,3603.29,5,5,5,15,VIP,450.41125,298,0
13138,962.39,6,473,2011-11-17 16:51:00,2010-12-02 15:03:00,21,6,962.39,4,5,4,13,VIP,160.39833333333334,350,0
13139,5064.94,7,2425,2011-11-23 13:54:00,2011-03-25 11:57:00,15,7,5064.94,4,5,5,14,VIP,723.5628571428571,243,0
13140,422.47,3,185,2011-08-23 15:33:00,2010-12-08 15:12:00,107,3,422.47,2,3,2,7,Potential Loyal,140.82333333333335,258,1
13141,2388.75,5,1548,2011-09-16 09:54:00,2011-01-28 13:04:00,84,5,2388.75,2,4,5,11,Loyal,477.75,230,0
13142,307.09,1,258,2011-11-20 16:07:00,2011-11-20 16:07:00,18,1,307.09,4,1,2,7,Potential Loyal,307.09,0,0
13144,110.95,1,21,2011-01-11 11:15:00,2011-01-11 11:15:00,332,1,110.95,1,1,1,3,Lost,110.95,0,1
13145,618.52,4,145,2011-10-31 12:45:00,2010-12-02 18:06:00,39,4,618.52,3,4,3,10,Loyal,154.63,332,0
13146,228.91,1,154,2011-11-13 15:29:00,2011-11-13 15:29:00,25,1,228.91,4,1,1,6,At Risk,228.91,0,0
13147,712.8000000000001,4,144,2011-11-29 13:59:00,2011-09-01 12:28:00,9,4,712.8000000000001,5,4,3,12,Loyal,178.20000000000002,89,0
13148,3683.26,12,1965,2011-11-10 15:23:00,2010-12-10 13:06:00,28,12,3683.26,4,5,5,14,VIP,306.93833333333333,335,0
13149,1676.06,4,1280,2011-11-25 13:09:00,2011-02-23 13:57:00,13,4,1676.06,4,4,4,12,Loyal,419.015,274,0
13151,1257.8700000000001,1,363,2011-02-17 12:29:00,2011-02-17 12:29:00,295,1,1257.8700000000001,1,1,4,6,At Risk,1257.8700000000001,0,1
13153,486.22,1,418,2011-12-04 12:14:00,2011-12-04 12:14:00,5,1,486.22,5,1,2,8,Potential Loyal,486.22,0,0
13155,971.76,4,497,2011-11-06 15:41:00,2010-12-06 12:44:00,32,4,971.76,4,4,4,12,Loyal,242.94,335,0
13157,1741.22,4,1439,2011-10-21 13:50:00,2011-02-14 14:03:00,48,4,1741.22,3,4,4,11,Loyal,435.305,248,0
13158,1201.06,4,784,2011-09-06 11:58:00,2011-01-25 09:58:00,94,4,1201.06,2,4,4,10,Loyal,300.265,224,1
13159,1429.35,4,1058,2011-12-01 11:20:00,2011-08-16 11:44:00,8,4,1429.35,5,4,4,13,VIP,357.3375,106,0
13160,91.8,1,56,2011-11-17 13:07:00,2011-11-17 13:07:00,21,1,91.8,4,1,1,6,At Risk,91.8,0,0
13161,112.75,1,29,2011-01-30 14:03:00,2011-01-30 14:03:00,312,1,112.75,1,1,1,3,Lost,112.75,0,1
13162,1688.29,4,1713,2011-08-09 15:59:00,2011-01-09 10:43:00,121,4,1688.29,2,4,4,10,Loyal,422.0725,212,1
13165,1021.48,2,1376,2011-10-24 15:05:00,2010-12-23 14:06:00,45,2,1021.48,3,2,4,9,Potential Loyal,510.74,305,0
13166,417.2,1,216,2011-03-01 15:16:00,2011-03-01 15:16:00,282,1,417.2,1,1,2,4,Lost,417.2,0,1
13167,791.33,4,785,2011-11-21 12:24:00,2011-07-19 12:13:00,18,4,791.33,4,4,3,11,Loyal,197.8325,125,0
13168,1299.59,4,670,2011-11-03 12:56:00,2011-01-25 13:55:00,35,4,1299.59,3,4,4,11,Loyal,324.8975,281,0
13169,712.88,2,272,2011-10-07 12:11:00,2011-04-01 14:24:00,63,2,712.88,3,2,3,8,Potential Loyal,356.44,188,0
13170,108.81,1,141,2011-11-13 12:19:00,2011-11-13 12:19:00,26,1,108.81,4,1,1,6,At Risk,108.81,0,0
13171,468.41,3,229,2011-11-18 10:27:00,2011-02-13 14:16:00,21,3,468.41,4,3,2,9,Potential Loyal,156.13666666666668,277,0
13173,353.65,2,277,2011-12-05 15:51:00,2010-12-07 14:30:00,3,2,353.65,5,2,2,9,Potential Loyal,176.825,363,0
13174,2742.82,3,1352,2011-11-23 14:35:00,2010-12-05 16:24:00,15,3,2742.82,4,3,5,12,Loyal,914.2733333333334,352,0
13176,481.49,1,448,2011-10-24 15:43:00,2011-10-24 15:43:00,45,1,481.49,3,1,2,6,At Risk,481.49,0,0
13177,282.45,1,91,2011-10-06 09:56:00,2011-10-06 09:56:00,64,1,282.45,3,1,2,6,At Risk,282.45,0,0
13178,5725.47,11,3570,2011-11-13 16:14:00,2010-12-14 12:22:00,25,11,5725.47,4,5,5,14,VIP,520.4972727272727,334,0
13182,121.18,1,201,2011-10-25 13:46:00,2011-10-25 13:46:00,44,1,121.18,3,1,1,5,At Risk,121.18,0,0
13183,3957.78,9,2208,2011-12-02 10:30:00,2011-01-09 10:50:00,7,9,3957.78,5,5,5,15,VIP,439.75333333333333,326,0
13184,1668.95,10,1662,2011-11-25 12:02:00,2011-02-22 17:25:00,14,10,1668.95,4,5,4,13,VIP,166.895,275,0
13185,71.4,1,12,2011-03-17 11:56:00,2011-03-17 11:56:00,267,1,71.4,1,1,1,3,Lost,71.4,0,1
13186,1575.89,3,820,2011-10-31 11:40:00,2011-08-03 09:09:00,39,3,1575.89,3,3,4,10,Loyal,525.2966666666667,89,0
13187,236.02,1,95,2011-01-06 18:57:00,2011-01-06 18:57:00,336,1,236.02,1,1,1,3,Lost,236.02,0,1
13188,114.60000000000001,1,25,2011-11-28 15:28:00,2011-11-28 15:28:00,10,1,114.60000000000001,5,1,1,7,Potential Loyal,114.60000000000001,0,0
13189,260.68,2,842,2011-11-21 10:39:00,2011-08-16 13:12:00,18,2,260.68,4,2,2,8,Potential Loyal,130.34,96,0
13192,911.94,2,595,2011-09-05 14:13:00,2011-05-18 14:57:00,94,2,911.94,2,2,3,7,Potential Loyal,455.97,109,1
13193,112.08,1,46,2011-10-09 14:30:00,2011-10-09 14:30:00,60,1,112.08,3,1,1,5,At Risk,112.08,0,0
13194,60.7,1,26,2011-07-27 09:01:00,2011-07-27 09:01:00,135,1,60.7,2,1,1,4,Lost,60.7,0,1
13196,1797.78,4,1224,2011-11-28 13:54:00,2011-03-22 14:24:00,10,4,1797.78,5,4,4,13,VIP,449.445,250,0
13198,3401.2400000000002,6,2648,2011-11-29 15:17:00,2010-12-13 09:29:00,9,6,3401.2400000000002,5,5,5,15,VIP,566.8733333333333,351,0
13199,9817.12,38,6176,2011-12-06 12:30:00,2010-12-08 10:51:00,3,38,9817.12,5,5,5,15,VIP,258.34526315789475,363,0
13200,870.09,4,516,2011-11-20 15:35:00,2011-08-05 14:50:00,18,4,870.09,4,4,3,11,Loyal,217.5225,107,0
13203,869.46,4,800,2011-11-30 10:45:00,2011-04-11 14:40:00,9,4,869.46,5,4,3,12,Loyal,217.365,232,0
13207,250.26000000000002,2,130,2011-11-24 14:52:00,2011-07-12 11:35:00,14,2,250.26000000000002,4,2,2,8,Potential Loyal,125.13000000000001,135,0
13208,1217.65,6,803,2011-10-12 09:54:00,2011-02-03 19:32:00,58,6,1217.65,3,5,4,12,Loyal,202.9416666666667,250,0
13209,5891.61,8,4253,2011-11-09 13:54:00,2010-12-13 10:31:00,29,8,5891.61,4,5,5,14,VIP,736.45125,331,0
13210,353.48,1,316,2011-09-07 08:18:00,2011-09-07 08:18:00,93,1,353.48,2,1,2,5,At Risk,353.48,0,1
13211,1095.42,3,834,2011-11-29 14:43:00,2010-12-13 16:17:00,9,3,1095.42,5,3,4,12,Loyal,365.14000000000004,350,0
13212,786.83,3,309,2011-11-20 12:40:00,2011-10-09 14:48:00,19,3,786.83,4,3,3,10,Loyal,262.2766666666667,41,0
13213,1520.58,5,1360,2011-10-14 11:42:00,2011-05-24 12:22:00,56,5,1520.58,3,4,4,11,Loyal,304.116,142,0
13216,333.74,1,297,2011-03-17 12:18:00,2011-03-17 12:18:00,267,1,333.74,1,1,2,4,Lost,333.74,0,1
13217,533.98,3,262,2011-08-09 15:32:00,2011-07-06 12:08:00,121,3,533.98,2,3,3,8,Potential Loyal,177.99333333333334,34,1
13218,62.63999999999999,1,88,2011-08-04 16:59:00,2011-08-04 16:59:00,126,1,62.63999999999999,2,1,1,4,Lost,62.63999999999999,0,1
13220,819.2900000000001,4,196,2011-09-22 13:38:00,2011-04-17 10:59:00,77,4,819.2900000000001,2,4,3,9,Potential Loyal,204.82250000000002,158,0
13221,847.41,2,244,2011-04-13 16:58:00,2010-12-15 13:24:00,239,2,847.41,1,2,3,6,At Risk,423.705,119,1
13223,163.20000000000002,2,88,2011-05-23 13:03:00,2011-04-21 15:16:00,199,2,163.20000000000002,1,2,1,4,Lost,81.60000000000001,31,1
13224,2155.95,2,1518,2011-10-10 14:55:00,2011-07-11 14:10:00,59,2,2155.95,3,2,5,10,Loyal,1077.975,91,0
13225,6463.84,7,3416,2011-12-06 13:29:00,2010-12-13 09:49:00,2,7,6463.84,5,5,5,15,VIP,923.4057142857143,358,0
13226,108.21000000000001,1,80,2011-03-11 14:35:00,2011-03-11 14:35:00,272,1,108.21000000000001,1,1,1,3,Lost,108.21000000000001,0,1
13227,257.7,1,99,2011-05-22 11:47:00,2011-05-22 11:47:00,201,1,257.7,1,1,2,4,Lost,257.7,0,1
13228,358.0,1,200,2011-09-19 14:28:00,2011-09-19 14:28:00,80,1,358.0,2,1,2,5,At Risk,358.0,0,0
13229,160.95,1,63,2011-04-28 12:07:00,2011-04-28 12:07:00,225,1,160.95,1,1,1,3,Lost,160.95,0,1
13230,2755.63,14,1638,2011-12-05 16:03:00,2010-12-09 19:28:00,3,14,2755.63,5,5,5,15,VIP,196.8307142857143,360,0
13232,1328.35,7,773,2011-11-27 10:39:00,2011-04-10 13:48:00,12,7,1328.35,5,5,4,14,VIP,189.7642857142857,230,0
13233,605.12,2,1004,2011-09-26 13:25:00,2011-01-07 14:49:00,73,2,605.12,2,2,3,7,Potential Loyal,302.56,261,0
13235,1031.07,1,441,2011-05-11 17:13:00,2011-05-11 17:13:00,211,1,1031.07,1,1,4,6,At Risk,1031.07,0,1
13236,744.85,2,416,2011-11-15 12:50:00,2011-08-25 08:58:00,24,2,744.85,4,2,3,9,Potential Loyal,372.425,82,0
13238,700.73,4,298,2011-11-22 15:37:00,2010-12-14 14:37:00,16,4,700.73,4,4,3,11,Loyal,175.1825,343,0
13239,329.56,1,327,2011-03-23 10:25:00,2011-03-23 10:25:00,261,1,329.56,1,1,2,4,Lost,329.56,0,1
13240,663.65,4,298,2011-09-04 14:08:00,2010-12-09 12:49:00,95,4,663.65,2,4,3,9,Potential Loyal,165.9125,269,1
13242,270.40000000000003,3,130,2011-08-19 12:53:00,2011-05-10 12:26:00,111,3,270.40000000000003,2,3,2,7,Potential Loyal,90.13333333333334,101,1
13243,585.12,1,232,2011-05-20 13:14:00,2011-05-20 13:14:00,202,1,585.12,1,1,3,5,At Risk,585.12,0,1
13244,121.74000000000001,1,38,2011-09-08 11:46:00,2011-09-08 11:46:00,92,1,121.74000000000001,2,1,1,4,Lost,121.74000000000001,0,1
13245,430.5,1,125,2011-10-20 11:40:00,2011-10-20 11:40:00,50,1,430.5,3,1,2,6,At Risk,430.5,0,0
13246,1961.52,6,1587,2011-11-21 16:50:00,2011-01-13 13:36:00,17,6,1961.52,4,5,4,13,VIP,326.92,312,0
13247,501.12,4,328,2011-11-22 10:59:00,2011-09-18 11:31:00,17,4,501.12,4,4,3,11,Loyal,125.28,64,0
13248,465.68,2,305,2011-08-07 12:40:00,2011-06-03 13:05:00,124,2,465.68,2,2,2,6,At Risk,232.84,64,1
13249,711.41,3,546,2011-09-08 13:26:00,2011-03-23 15:26:00,91,3,711.41,2,3,3,8,Potential Loyal,237.13666666666666,168,1
13253,1030.4,2,1572,2011-07-06 10:09:00,2011-01-04 15:43:00,156,2,1030.4,2,2,4,8,Potential Loyal,515.2,182,1
13255,399.51,2,177,2011-11-30 13:14:00,2010-12-01 11:58:00,8,2,399.51,5,2,2,9,Potential Loyal,199.755,364,0
13258,672.83,3,282,2011-11-28 09:31:00,2011-05-18 13:11:00,11,3,672.83,5,3,3,11,Loyal,224.27666666666667,193,0
13259,283.18,1,126,2011-10-09 10:48:00,2011-10-09 10:48:00,61,1,283.18,3,1,2,6,At Risk,283.18,0,0
13260,557.62,1,142,2011-10-09 13:21:00,2011-10-09 13:21:00,60,1,557.62,3,1,3,7,Potential Loyal,557.62,0,0
13261,944.1,2,210,2011-03-16 12:22:00,2011-02-27 10:41:00,268,2,944.1,1,2,4,7,Potential Loyal,472.05,17,1
13262,200.29,1,125,2011-03-21 15:06:00,2011-03-21 15:06:00,262,1,200.29,1,1,1,3,Lost,200.29,0,1
13263,7436.93,35,4768,2011-12-08 13:59:00,2011-01-18 16:31:00,0,35,7436.93,5,5,5,15,VIP,212.48371428571429,323,0
13265,2092.66,5,1740,2011-10-17 15:02:00,2011-03-11 09:54:00,52,5,2092.66,3,4,5,12,Loyal,418.532,220,0
13266,3834.2599999999998,12,4428,2011-11-28 14:39:00,2011-03-28 10:14:00,10,12,3834.2599999999998,5,5,5,15,VIP,319.52166666666665,245,0
13267,4521.49,19,1969,2011-12-07 11:12:00,2010-12-08 09:20:00,2,19,4521.49,5,5,5,15,VIP,237.97315789473683,364,0
13268,3174.75,11,3624,2011-11-22 11:51:00,2011-03-17 13:20:00,17,11,3174.75,4,5,5,14,VIP,288.6136363636364,249,0
13269,5343.28,15,3513,2011-12-08 14:53:00,2010-12-05 11:51:00,0,15,5343.28,5,5,5,15,VIP,356.21866666666665,368,0
13270,590.0,1,200,2010-12-08 14:53:00,2010-12-08 14:53:00,365,1,590.0,1,1,3,5,At Risk,590.0,0,1
13271,211.49,1,240,2011-11-02 14:31:00,2011-11-02 14:31:00,36,1,211.49,3,1,1,5,At Risk,211.49,0,0
13272,276.56,2,96,2011-11-08 14:00:00,2011-09-11 12:06:00,30,2,276.56,4,2,2,8,Potential Loyal,138.28,58,0
13273,138.98,1,153,2011-08-18 14:02:00,2011-08-18 14:02:00,112,1,138.98,2,1,1,4,Lost,138.98,0,1
13276,590.9300000000001,2,161,2011-10-07 12:44:00,2011-09-01 10:03:00,63,2,590.9300000000001,3,2,3,8,Potential Loyal,295.46500000000003,36,0
13277,258.4,4,176,2011-11-24 09:21:00,2011-07-29 10:06:00,15,4,258.4,4,4,2,10,Loyal,64.6,117,0
13278,542.73,1,537,2011-10-30 11:49:00,2011-10-30 11:49:00,40,1,542.73,3,1,3,7,Potential Loyal,542.73,0,0
13279,137.75,1,73,2011-09-22 17:24:00,2011-09-22 17:24:00,77,1,137.75,2,1,1,4,Lost,137.75,0,0
13280,798.46,3,518,2011-08-09 13:14:00,2011-01-06 17:10:00,121,3,798.46,2,3,3,8,Potential Loyal,266.15333333333336,214,1
13282,1132.14,3,307,2011-11-21 15:33:00,2011-05-03 12:03:00,17,3,1132.14,4,3,4,11,Loyal,377.38000000000005,202,0
13283,93.66,2,90,2011-10-11 09:50:00,2011-06-07 12:39:00,59,2,93.66,3,2,1,6,At Risk,46.83,125,0
13284,201.19,1,91,2011-01-13 09:23:00,2011-01-13 09:23:00,330,1,201.19,1,1,1,3,Lost,201.19,0,1
13285,2709.12,4,2051,2011-11-16 13:19:00,2011-02-22 17:13:00,22,4,2709.12,4,4,5,13,VIP,677.28,266,0
13291,361.11,1,233,2011-07-07 10:36:00,2011-07-07 10:36:00,155,1,361.11,2,1,2,5,At Risk,361.11,0,1
13292,578.9399999999999,2,347,2011-11-01 10:04:00,2011-02-28 15:00:00,38,2,578.9399999999999,3,2,3,8,Potential Loyal,289.46999999999997,245,0
13294,873.74,2,453,2011-06-03 08:54:00,2011-04-04 12:37:00,189,2,873.74,1,2,3,6,At Risk,436.87,59,1
13295,201.20000000000002,1,82,2010-12-15 11:21:00,2010-12-15 11:21:00,359,1,201.20000000000002,1,1,1,3,Lost,201.20000000000002,0,1
13296,87.4,1,78,2011-07-25 13:46:00,2011-07-25 13:46:00,136,1,87.4,2,1,1,4,Lost,87.4,0,1
13297,2089.85,4,963,2011-12-02 09:32:00,2011-10-03 15:08:00,7,4,2089.85,5,4,5,14,VIP,522.4625,59,0
13298,360.0,1,96,2011-12-08 13:11:00,2011-12-08 13:11:00,0,1,360.0,5,1,2,8,Potential Loyal,360.0,0,0
13299,142.5,1,30,2011-03-16 12:55:00,2011-03-16 12:55:00,267,1,142.5,1,1,1,3,Lost,142.5,0,1
13300,371.89,1,203,2011-06-23 13:09:00,2011-06-23 13:09:00,168,1,371.89,2,1,2,5,At Risk,371.89,0,1
13301,618.09,4,345,2011-08-28 11:25:00,2011-02-20 13:13:00,103,4,618.09,2,4,3,9,Potential Loyal,154.5225,188,1
13302,63.75,1,5,2011-07-07 17:56:00,2011-07-07 17:56:00,154,1,63.75,2,1,1,4,Lost,63.75,0,1
13304,300.42,1,238,2010-12-23 14:35:00,2010-12-23 14:35:00,350,1,300.42,1,1,2,4,Lost,300.42,0,1
13305,2000.86,10,1232,2011-12-05 15:15:00,2010-12-02 12:10:00,3,10,2000.86,5,5,4,14,VIP,200.08599999999998,368,0
13307,15.0,1,4,2011-08-11 17:14:00,2011-08-11 17:14:00,119,1,15.0,2,1,1,4,Lost,15.0,0,1
13308,1385.51,3,843,2011-11-17 09:31:00,2011-05-20 13:13:00,22,3,1385.51,4,3,4,11,Loyal,461.83666666666664,180,0
13309,1456.79,5,1544,2011-12-02 16:34:00,2011-02-04 12:29:00,6,5,1456.79,5,4,4,13,VIP,291.358,301,0
13310,1132.03,3,587,2011-11-11 17:23:00,2011-01-19 14:50:00,27,3,1132.03,4,3,4,11,Loyal,377.3433333333333,296,0
13311,598.57,2,305,2011-12-05 12:55:00,2011-07-12 14:26:00,3,2,598.57,5,2,3,10,Loyal,299.285,145,0
13313,1555.32,5,851,2011-11-17 16:48:00,2011-01-04 10:00:00,21,5,1555.32,4,4,4,12,Loyal,311.06399999999996,317,0
13314,775.94,3,560,2011-12-08 12:29:00,2011-09-27 10:20:00,1,3,775.94,5,3,3,11,Loyal,258.6466666666667,72,0
13316,5732.93,4,5508,2011-11-02 13:40:00,2011-03-30 13:01:00,36,4,5732.93,3,4,5,12,Loyal,1433.2325,217,0
13317,2273.68,6,1035,2011-10-04 13:35:00,2010-12-16 09:22:00,65,6,2273.68,3,5,5,13,VIP,378.94666666666666,292,0
13318,640.76,3,304,2011-12-08 18:51:00,2011-11-02 13:26:00,0,3,640.76,5,3,3,11,Loyal,213.58666666666667,36,0
13319,10845.550000000001,26,4724,2011-12-04 13:34:00,2010-12-09 10:04:00,4,26,10845.550000000001,5,5,5,15,VIP,417.1365384615385,360,0
13320,1532.2,4,1086,2011-09-22 18:07:00,2011-05-10 10:29:00,77,4,1532.2,2,4,4,10,Loyal,383.05,135,0
13321,567.36,2,372,2011-09-28 15:24:00,2011-09-14 15:18:00,71,2,567.36,3,2,3,8,Potential Loyal,283.68,14,0
13322,199.48000000000002,1,117,2011-11-22 14:21:00,2011-11-22 14:21:00,16,1,199.48000000000002,4,1,1,6,At Risk,199.48000000000002,0,0
13323,787.85,5,175,2011-12-06 17:12:00,2011-09-16 13:23:00,2,5,787.85,5,4,3,12,Loyal,157.57,81,0
13324,7121.95,10,5205,2011-11-03 16:28:00,2010-12-14 09:50:00,35,10,7121.95,3,5,5,13,VIP,712.1949999999999,324,0
13325,675.3,1,240,2011-09-19 10:36:00,2011-09-19 10:36:00,81,1,675.3,2,1,3,6,At Risk,675.3,0,0
13327,3627.77,8,1600,2011-11-01 10:21:00,2010-12-09 15:32:00,38,8,3627.77,3,5,5,13,VIP,453.47125,326,0
13328,1308.48,1,680,2011-01-27 15:22:00,2011-01-27 15:22:00,315,1,1308.48,1,1,4,6,At Risk,1308.48,0,1
13329,789.0,2,463,2011-11-08 10:29:00,2010-12-08 10:11:00,31,2,789.0,4,2,3,9,Potential Loyal,394.5,335,0
13330,1140.93,3,751,2011-09-08 12:27:00,2011-01-28 10:08:00,92,3,1140.93,2,3,4,9,Potential Loyal,380.31,223,1
13332,350.9,1,179,2011-11-25 13:30:00,2011-11-25 13:30:00,13,1,350.9,4,1,2,7,Potential Loyal,350.9,0,0
13334,3502.32,3,1764,2011-09-18 15:21:00,2011-02-07 11:42:00,81,3,3502.32,2,3,5,10,Loyal,1167.44,223,0
13336,795.12,1,559,2011-09-23 14:05:00,2011-09-23 14:05:00,76,1,795.12,2,1,3,6,At Risk,795.12,0,0
13338,487.02,1,256,2011-07-05 09:06:00,2011-07-05 09:06:00,157,1,487.02,2,1,2,5,At Risk,487.02,0,1
13339,860.12,1,326,2011-05-23 08:31:00,2011-05-23 08:31:00,200,1,860.12,1,1,3,5,At Risk,860.12,0,1
13340,10736.48,7,5770,2011-10-25 13:15:00,2011-03-08 11:39:00,44,7,10736.48,3,5,5,13,VIP,1533.782857142857,231,0
13341,775.85,1,301,2011-03-24 09:50:00,2011-03-24 09:50:00,260,1,775.85,1,1,3,5,At Risk,775.85,0,1
13343,353.43,1,135,2011-06-15 12:24:00,2011-06-15 12:24:00,177,1,353.43,2,1,2,5,At Risk,353.43,0,1
13344,2511.69,3,952,2011-10-03 09:45:00,2011-03-07 10:28:00,67,3,2511.69,3,3,5,11,Loyal,837.23,209,0
13345,389.5,1,141,2011-02-25 09:01:00,2011-02-25 09:01:00,287,1,389.5,1,1,2,4,Lost,389.5,0,1
13347,341.36,1,205,2011-09-30 13:28:00,2011-09-30 13:28:00,69,1,341.36,3,1,2,6,At Risk,341.36,0,0
13348,233.76,1,136,2011-10-06 17:28:00,2011-10-06 17:28:00,63,1,233.76,3,1,1,5,At Risk,233.76,0,0
13349,247.32,1,225,2011-11-29 08:07:00,2011-11-29 08:07:00,10,1,247.32,5,1,1,7,Potential Loyal,247.32,0,0
13350,979.12,2,287,2011-11-23 16:33:00,2011-09-21 13:33:00,15,2,979.12,4,2,4,10,Loyal,489.56,63,0
13351,373.94,1,117,2011-10-04 12:55:00,2011-10-04 12:55:00,65,1,373.94,3,1,2,6,At Risk,373.94,0,0
13352,397.97999999999996,1,321,2011-10-10 13:55:00,2011-10-10 13:55:00,59,1,397.97999999999996,3,1,2,6,At Risk,397.97999999999996,0,0
13354,743.53,1,604,2011-09-29 13:17:00,2011-09-29 13:17:00,70,1,743.53,3,1,3,7,Potential Loyal,743.53,0,0
13355,674.7,1,314,2011-08-09 14:48:00,2011-08-09 14:48:00,121,1,674.7,2,1,3,6,At Risk,674.7,0,1
13356,768.24,1,325,2011-09-20 14:33:00,2011-09-20 14:33:00,79,1,768.24,2,1,3,6,At Risk,768.24,0,0
13357,609.4,1,321,2011-03-27 13:56:00,2011-03-27 13:56:00,256,1,609.4,1,1,3,5,At Risk,609.4,0,1
13358,439.03,1,285,2011-03-16 11:52:00,2011-03-16 11:52:00,268,1,439.03,1,1,2,4,Lost,439.03,0,1
13359,439.56,1,161,2011-10-07 09:30:00,2011-10-07 09:30:00,63,1,439.56,3,1,2,6,At Risk,439.56,0,0
13362,3090.7400000000002,4,1382,2011-11-30 14:41:00,2011-02-25 11:33:00,8,4,3090.7400000000002,5,4,5,14,VIP,772.6850000000001,278,0
13363,992.5,2,710,2011-11-22 12:40:00,2011-10-27 10:46:00,17,2,992.5,4,2,4,10,Loyal,496.25,26,0
13364,134.95999999999998,1,71,2011-09-29 18:13:00,2011-09-29 18:13:00,70,1,134.95999999999998,3,1,1,5,At Risk,134.95999999999998,0,0
13365,2225.37,2,1247,2011-11-06 12:36:00,2011-05-06 12:00:00,33,2,2225.37,3,2,5,10,Loyal,1112.685,184,0
13366,56.160000000000004,1,144,2011-10-20 13:37:00,2011-10-20 13:37:00,49,1,56.160000000000004,3,1,1,5,At Risk,56.160000000000004,0,0
13368,623.4,2,327,2011-03-28 09:59:00,2011-01-06 12:32:00,256,2,623.4,1,2,3,6,At Risk,311.7,80,1
13369,308.28000000000003,1,149,2010-12-09 11:30:00,2010-12-09 11:30:00,365,1,308.28000000000003,1,1,2,4,Lost,308.28000000000003,0,1
13370,754.87,1,343,2010-12-03 10:26:00,2010-12-03 10:26:00,371,1,754.87,1,1,3,5,At Risk,754.87,0,1
13372,378.64,1,159,2011-09-11 12:46:00,2011-09-11 12:46:00,89,1,378.64,2,1,2,5,At Risk,378.64,0,0
13373,3312.25,3,1651,2011-10-10 10:51:00,2011-03-08 14:35:00,60,3,3312.25,3,3,5,11,Loyal,1104.0833333333333,215,0
13375,778.65,1,442,2011-09-12 10:19:00,2011-09-12 10:19:00,88,1,778.65,2,1,3,6,At Risk,778.65,0,0
13376,1019.76,3,493,2011-09-01 16:16:00,2011-04-19 13:03:00,98,3,1019.76,2,3,4,9,Potential Loyal,339.92,135,1
13379,572.56,3,601,2011-11-13 13:45:00,2011-07-26 12:26:00,25,3,572.56,4,3,3,10,Loyal,190.85333333333332,110,0
13381,3639.31,6,2029,2011-11-08 11:58:00,2011-02-14 10:10:00,31,6,3639.31,4,5,5,14,VIP,606.5516666666666,267,0
13382,222.99,1,131,2011-03-04 10:03:00,2011-03-04 10:03:00,280,1,222.99,1,1,1,3,Lost,222.99,0,1
13384,4151.93,7,2422,2011-11-09 11:04:00,2011-06-14 12:47:00,30,7,4151.93,4,5,5,14,VIP,593.1328571428572,147,0
13385,534.57,1,281,2011-01-14 09:52:00,2011-01-14 09:52:00,329,1,534.57,1,1,3,5,At Risk,534.57,0,1
13388,677.1,2,282,2011-07-31 12:52:00,2011-07-31 12:52:00,130,2,677.1,2,2,3,7,Potential Loyal,338.55,0,1
13389,797.96,3,429,2011-11-28 14:01:00,2011-04-21 12:12:00,10,3,797.96,5,3,3,11,Loyal,265.9866666666667,221,0
13390,544.08,1,224,2011-09-26 08:38:00,2011-09-26 08:38:00,74,1,544.08,2,1,3,6,At Risk,544.08,0,0
13391,59.8,1,4,2011-05-20 10:50:00,2011-05-20 10:50:00,203,1,59.8,1,1,1,3,Lost,59.8,0,1
13394,2520.02,8,2392,2011-12-08 11:36:00,2011-02-03 10:39:00,1,8,2520.02,5,5,5,15,VIP,315.0025,308,0
13395,307.72,1,336,2011-06-07 15:04:00,2011-06-07 15:04:00,184,1,307.72,1,1,2,4,Lost,307.72,0,1
13396,1360.99,2,600,2011-11-10 16:59:00,2011-01-24 13:37:00,28,2,1360.99,4,2,4,10,Loyal,680.495,290,0
13397,1544.13,5,430,2011-09-28 10:56:00,2011-01-04 13:50:00,72,5,1544.13,2,4,4,10,Loyal,308.826,266,0
13398,457.34,1,281,2011-05-31 13:17:00,2011-05-31 13:17:00,191,1,457.34,1,1,2,4,Lost,457.34,0,1
13402,621.23,2,479,2011-08-04 15:51:00,2010-12-02 17:12:00,126,2,621.23,2,2,3,7,Potential Loyal,310.615,244,1
13403,75.0,1,44,2011-11-22 08:28:00,2011-11-22 08:28:00,17,1,75.0,4,1,1,6,At Risk,75.0,0,0
13404,252.49,2,111,2011-12-08 15:37:00,2011-05-11 11:57:00,0,2,252.49,5,2,2,9,Potential Loyal,126.245,211,0
13405,572.451,3,165,2011-09-26 17:01:00,2011-01-26 09:27:00,73,3,572.451,2,3,3,8,Potential Loyal,190.817,243,0
13408,28117.04,62,16232,2011-12-08 09:05:00,2010-12-01 10:39:00,1,62,28117.04,5,5,5,15,VIP,453.5006451612903,371,0
13410,1003.06,5,518,2011-11-15 15:33:00,2011-02-21 14:38:00,23,5,1003.06,4,4,4,12,Loyal,200.612,267,0
13411,213.55,1,72,2011-08-24 13:57:00,2011-08-24 13:57:00,106,1,213.55,2,1,1,4,Lost,213.55,0,1
13414,1390.5,3,1574,2011-07-29 11:45:00,2011-02-16 12:13:00,133,3,1390.5,2,3,4,9,Potential Loyal,463.5,162,1
13416,712.5,2,142,2011-10-27 08:56:00,2011-09-19 14:43:00,43,2,712.5,3,2,3,8,Potential Loyal,356.25,37,0
13417,640.83,2,162,2011-12-05 08:49:00,2011-05-18 16:26:00,4,2,640.83,5,2,3,10,Loyal,320.415,200,0
13418,6127.43,18,3918,2011-11-28 10:23:00,2010-12-02 10:45:00,11,18,6127.43,5,5,5,15,VIP,340.4127777777778,360,0
13419,221.06,1,275,2011-10-07 12:49:00,2011-10-07 12:49:00,63,1,221.06,3,1,1,5,At Risk,221.06,0,0
13420,159.85,2,101,2011-07-13 08:48:00,2011-06-22 11:35:00,149,2,159.85,2,2,1,5,At Risk,79.925,20,1
13421,1833.71,2,1128,2011-10-30 14:21:00,2011-02-22 15:46:00,39,2,1833.71,3,2,4,9,Potential Loyal,916.855,249,0
13422,2626.3,1,1326,2011-10-06 13:42:00,2011-10-06 13:42:00,63,1,2626.3,3,1,5,9,Potential Loyal,2626.3,0,0
13425,1624.21,3,1123,2011-08-23 17:13:00,2011-02-18 08:34:00,107,3,1624.21,2,3,4,9,Potential Loyal,541.4033333333333,186,1
13426,3641.32,10,2245,2011-12-09 08:59:00,2010-12-15 12:43:00,0,10,3641.32,5,5,5,15,VIP,364.132,358,0
13427,582.6,3,545,2011-11-20 13:02:00,2011-05-08 15:58:00,18,3,582.6,4,3,3,10,Loyal,194.20000000000002,195,0
13428,201.78,1,151,2011-11-29 14:20:00,2011-11-29 14:20:00,9,1,201.78,5,1,1,7,Potential Loyal,201.78,0,0
13429,1006.8,4,1390,2011-11-29 09:10:00,2011-09-25 15:59:00,10,4,1006.8,5,4,4,13,VIP,251.7,64,0
13430,679.45,2,751,2011-11-21 08:19:00,2011-09-14 14:26:00,18,2,679.45,4,2,3,9,Potential Loyal,339.725,67,0
13431,1269.1,2,672,2011-10-03 13:49:00,2011-09-12 11:25:00,66,2,1269.1,3,2,4,9,Potential Loyal,634.55,21,0
13434,534.24,2,300,2011-09-26 14:30:00,2011-09-04 10:35:00,73,2,534.24,2,2,3,7,Potential Loyal,267.12,22,0
13435,3809.8900000000003,7,2129,2011-12-04 14:45:00,2011-06-03 17:07:00,4,7,3809.8900000000003,5,5,5,15,VIP,544.2700000000001,183,0
13436,196.89,1,76,2011-12-08 10:33:00,2011-12-08 10:33:00,1,1,196.89,5,1,1,7,Potential Loyal,196.89,0,0
13437,3408.06,7,1283,2011-11-25 14:00:00,2011-06-02 14:30:00,13,7,3408.06,4,5,5,14,VIP,486.86571428571426,175,0
13439,283.71,1,242,2011-03-29 14:20:00,2011-03-29 14:20:00,254,1,283.71,1,1,2,4,Lost,283.71,0,1
13441,296.64,1,204,2011-09-09 09:38:00,2011-09-09 09:38:00,91,1,296.64,2,1,2,5,At Risk,296.64,0,1
13447,1129.14,3,584,2011-11-16 13:38:00,2011-11-04 10:10:00,22,3,1129.14,4,3,4,11,Loyal,376.38000000000005,12,0
13448,3534.69,6,1648,2011-11-23 12:33:00,2010-12-01 10:52:00,16,6,3534.69,4,5,5,14,VIP,589.115,357,0
13449,291.88,1,222,2011-11-16 08:28:00,2011-11-16 08:28:00,23,1,291.88,4,1,2,7,Potential Loyal,291.88,0,0
13450,2043.7199999999998,6,1982,2011-11-13 11:54:00,2011-05-05 19:48:00,26,6,2043.7199999999998,4,5,4,13,VIP,340.61999999999995,191,0
13451,2898.2599999999998,5,2128,2011-11-13 15:58:00,2011-01-09 15:35:00,25,5,2898.2599999999998,4,4,5,13,VIP,579.6519999999999,308,0
13452,590.0,2,2,2011-03-25 14:19:00,2011-03-14 11:38:00,258,2,590.0,1,2,3,6,At Risk,295.0,11,1
13453,356.97999999999996,2,134,2011-06-27 09:34:00,2011-02-23 09:44:00,165,2,356.97999999999996,2,2,2,6,At Risk,178.48999999999998,123,1
13455,1058.34,2,354,2011-11-15 11:21:00,2010-12-08 13:11:00,24,2,1058.34,4,2,4,10,Loyal,529.17,341,0
13456,1766.72,6,765,2011-11-22 09:18:00,2011-05-16 15:34:00,17,6,1766.72,4,5,4,13,VIP,294.4533333333333,189,0
13458,9646.57,14,5508,2011-12-02 15:29:00,2010-12-15 12:05:00,6,14,9646.57,5,5,5,15,VIP,689.0407142857142,352,0
13460,183.44,2,286,2011-11-10 17:17:00,2011-10-21 09:50:00,28,2,183.44,4,2,1,7,Potential Loyal,91.72,20,0
13461,1445.0,3,1170,2011-11-01 09:01:00,2011-06-29 10:23:00,38,3,1445.0,3,3,4,10,Loyal,481.6666666666667,124,0
13462,151.5,1,62,2011-04-01 11:20:00,2011-04-01 11:20:00,252,1,151.5,1,1,1,3,Lost,151.5,0,1
13464,674.68,1,403,2011-10-12 15:01:00,2011-10-12 15:01:00,57,1,674.68,3,1,3,7,Potential Loyal,674.68,0,0
13466,307.9,1,259,2011-06-08 16:39:00,2011-06-08 16:39:00,183,1,307.9,1,1,2,4,Lost,307.9,0,1
13467,1071.91,2,580,2011-11-29 10:01:00,2011-11-03 16:56:00,10,2,1071.91,5,2,4,11,Loyal,535.955,25,0
13468,5704.97,37,2589,2011-12-08 10:39:00,2010-12-01 15:08:00,1,37,5704.97,5,5,5,15,VIP,154.1883783783784,371,0
13470,165.0,2,100,2011-09-01 14:57:00,2011-08-16 17:06:00,98,2,165.0,2,2,1,5,At Risk,82.5,15,1
13471,2501.84,4,1583,2011-12-08 15:44:00,2011-10-23 13:10:00,0,4,2501.84,5,4,5,14,VIP,625.46,46,0
13473,422.64,2,266,2011-10-10 11:20:00,2011-01-11 08:45:00,60,2,422.64,3,2,2,7,Potential Loyal,211.32,272,0
13474,226.84,1,129,2011-04-17 13:53:00,2011-04-17 13:53:00,235,1,226.84,1,1,1,3,Lost,226.84,0,1
13475,1431.78,4,1012,2011-06-01 13:52:00,2011-02-14 12:36:00,190,4,1431.78,1,4,4,9,Potential Loyal,357.945,107,1
13476,1238.47,2,417,2011-06-14 12:00:00,2011-03-03 14:43:00,178,2,1238.47,2,2,4,8,Potential Loyal,619.235,102,1
13477,1454.58,6,1021,2011-11-02 12:04:00,2011-02-21 12:29:00,37,6,1454.58,3,5,4,12,Loyal,242.42999999999998,253,0
13479,300.95,2,134,2011-05-23 10:45:00,2011-04-19 11:27:00,200,2,300.95,1,2,2,5,At Risk,150.475,33,1
13481,1804.56,5,1142,2011-10-25 09:07:00,2011-03-28 09:07:00,45,5,1804.56,3,4,4,11,Loyal,360.912,211,0
13482,184.64,1,116,2011-04-21 17:03:00,2011-04-21 17:03:00,231,1,184.64,1,1,1,3,Lost,184.64,0,1
13483,140.34,1,160,2011-10-05 11:53:00,2011-10-05 11:53:00,65,1,140.34,3,1,1,5,At Risk,140.34,0,0
13484,313.8,1,44,2011-04-12 16:30:00,2011-04-12 16:30:00,240,1,313.8,1,1,2,4,Lost,313.8,0,1
13485,454.24,1,277,2011-04-20 13:58:00,2011-04-20 13:58:00,232,1,454.24,1,1,2,4,Lost,454.24,0,1
13486,1122.41,3,669,2011-09-22 13:13:00,2011-07-07 17:19:00,77,3,1122.41,2,3,4,9,Potential Loyal,374.1366666666667,76,0
13487,575.4,3,265,2011-10-13 12:07:00,2010-12-21 14:54:00,57,3,575.4,3,3,3,9,Potential Loyal,191.79999999999998,295,0
13488,8968.31,13,4518,2011-11-22 14:41:00,2010-12-07 13:01:00,16,13,8968.31,4,5,5,14,VIP,689.87,350,0
13489,449.52,4,560,2011-08-26 13:16:00,2011-02-18 10:42:00,104,4,449.52,2,4,2,8,Potential Loyal,112.38,189,1
13491,1215.82,10,903,2011-10-19 08:32:00,2010-12-02 14:30:00,51,10,1215.82,3,5,4,12,Loyal,121.582,320,0
13492,1269.84,3,408,2011-07-26 14:25:00,2011-05-09 10:06:00,135,3,1269.84,2,3,4,9,Potential Loyal,423.28,78,1
13493,618.63,2,380,2011-03-09 15:35:00,2011-02-25 16:42:00,274,2,618.63,1,2,3,6,At Risk,309.315,11,1
13494,316.26000000000005,1,162,2011-02-01 11:58:00,2011-02-01 11:58:00,311,1,316.26000000000005,1,1,2,4,Lost,316.26000000000005,0,1
13495,2044.8700000000001,5,829,2011-12-02 11:21:00,2010-12-06 15:14:00,7,5,2044.8700000000001,5,4,4,13,VIP,408.97400000000005,360,0
13496,653.33,2,341,2011-11-29 10:58:00,2010-12-15 10:17:00,10,2,653.33,5,2,3,10,Loyal,326.665,349,0
13497,348.05,2,163,2011-03-02 09:04:00,2010-12-06 11:37:00,282,2,348.05,1,2,2,5,At Risk,174.025,85,1
13499,1159.11,5,1365,2011-11-22 11:21:00,2011-03-15 08:52:00,17,5,1159.11,4,4,4,12,Loyal,231.82199999999997,252,0
13500,1166.77,3,609,2011-11-16 15:35:00,2011-08-09 12:20:00,22,3,1166.77,4,3,4,11,Loyal,388.92333333333335,99,0
13501,1340.32,1,560,2011-02-24 18:59:00,2011-02-24 18:59:00,287,1,1340.32,1,1,4,6,At Risk,1340.32,0,1
13502,292.0,3,264,2011-11-23 10:39:00,2011-01-20 09:03:00,16,3,292.0,4,3,2,9,Potential Loyal,97.33333333333333,307,0
13503,216.85,1,248,2011-09-29 13:23:00,2011-09-29 13:23:00,70,1,216.85,3,1,1,5,At Risk,216.85,0,0
13504,295.93,1,178,2011-10-06 13:20:00,2011-10-06 13:20:00,63,1,295.93,3,1,2,6,At Risk,295.93,0,0
13505,4393.63,4,2486,2011-09-28 11:56:00,2011-04-21 12:07:00,72,4,4393.63,2,4,5,11,Loyal,1098.4075,159,0
13506,458.52,2,324,2011-01-27 13:53:00,2010-12-05 12:15:00,315,2,458.52,1,2,2,5,At Risk,229.26,53,1
13507,2479.16,4,1597,2011-12-06 13:13:00,2011-07-17 11:50:00,2,4,2479.16,5,4,5,14,VIP,619.79,142,0
13508,110.97,1,24,2011-04-10 11:58:00,2011-04-10 11:58:00,243,1,110.97,1,1,1,3,Lost,110.97,0,1
13509,979.72,7,1106,2011-12-01 10:10:00,2011-02-28 13:27:00,8,7,979.72,5,5,4,14,VIP,139.96,275,0
13510,1791.56,4,1386,2011-12-08 13:46:00,2011-06-09 09:32:00,0,4,1791.56,5,4,4,13,VIP,447.89,182,0
13512,251.21,1,143,2011-03-24 10:03:00,2011-03-24 10:03:00,260,1,251.21,1,1,2,4,Lost,251.21,0,1
13513,205.1,1,109,2011-08-05 11:50:00,2011-08-05 11:50:00,126,1,205.1,2,1,1,4,Lost,205.1,0,1
13514,152.20000000000002,1,40,2011-09-27 09:39:00,2011-09-27 09:39:00,73,1,152.20000000000002,2,1,1,4,Lost,152.20000000000002,0,0
13515,891.12,4,681,2011-09-28 11:26:00,2011-04-06 10:33:00,72,4,891.12,2,4,3,9,Potential Loyal,222.78,175,0
13516,1389.41,3,985,2011-11-18 13:15:00,2011-04-15 11:06:00,20,3,1389.41,4,3,4,11,Loyal,463.1366666666667,217,0
13517,2128.42,3,1369,2011-10-11 11:43:00,2011-06-13 08:44:00,59,3,2128.42,3,3,5,11,Loyal,709.4733333333334,120,0
13518,627.16,1,382,2011-09-15 10:29:00,2011-09-15 10:29:00,85,1,627.16,2,1,3,6,At Risk,627.16,0,0
13519,122.75,1,23,2011-09-22 18:24:00,2011-09-22 18:24:00,77,1,122.75,2,1,1,4,Lost,122.75,0,0
13520,3624.35,6,1649,2011-10-12 10:20:00,2010-12-03 10:36:00,58,6,3624.35,3,5,5,13,VIP,604.0583333333333,312,0
13521,1071.73,3,718,2011-12-08 13:50:00,2011-11-29 15:09:00,0,3,1071.73,5,3,4,12,Loyal,357.24333333333334,8,0
13522,125.80000000000001,1,44,2011-11-09 15:11:00,2011-11-09 15:11:00,29,1,125.80000000000001,4,1,1,6,At Risk,125.80000000000001,0,0
13523,3964.88,5,1752,2011-11-06 15:11:00,2010-12-08 14:22:00,32,5,3964.88,4,4,5,13,VIP,792.976,333,0
13524,680.1800000000001,5,324,2011-10-30 12:34:00,2011-05-04 12:26:00,40,5,680.1800000000001,3,4,3,10,Loyal,136.036,179,0
13525,628.78,2,394,2011-11-25 12:01:00,2011-04-05 15:36:00,14,2,628.78,4,2,3,9,Potential Loyal,314.39,233,0
13527,2242.36,7,1683,2011-11-06 12:04:00,2011-01-17 11:17:00,33,7,2242.36,3,5,5,13,VIP,320.33714285714285,293,0
13529,307.76,2,74,2011-09-22 09:15:00,2011-05-19 11:50:00,78,2,307.76,2,2,2,6,At Risk,153.88,125,0
13531,483.8,2,174,2011-05-18 16:56:00,2010-12-08 15:03:00,204,2,483.8,1,2,2,5,At Risk,241.9,161,1
13532,210.31,1,129,2011-11-06 12:25:00,2011-11-06 12:25:00,33,1,210.31,3,1,1,5,At Risk,210.31,0,0
13533,269.09,3,202,2011-06-10 11:54:00,2011-03-17 12:47:00,182,3,269.09,1,3,2,6,At Risk,89.69666666666666,84,1
13534,5870.08,25,2961,2011-12-07 14:52:00,2010-12-16 15:23:00,1,25,5870.08,5,5,5,15,VIP,234.8032,355,0
13536,3444.39,7,2126,2011-12-08 16:38:00,2011-09-25 13:30:00,0,7,3444.39,5,5,5,15,VIP,492.05571428571426,74,0
13538,1280.85,7,175,2011-10-27 16:34:00,2011-01-28 10:40:00,42,7,1280.85,3,5,4,12,Loyal,182.97857142857143,272,0
13539,631.34,3,320,2011-09-15 10:18:00,2011-02-03 15:23:00,85,3,631.34,2,3,3,8,Potential Loyal,210.4466666666667,223,0
13544,276.06,2,112,2011-10-31 11:57:00,2011-04-13 12:09:00,39,2,276.06,3,2,2,7,Potential Loyal,138.03,200,0
13546,621.09,3,357,2011-11-27 14:50:00,2011-05-23 12:14:00,11,3,621.09,5,3,3,11,Loyal,207.03,188,0
13548,678.16,2,436,2011-09-04 14:50:00,2011-04-10 11:35:00,95,2,678.16,2,2,3,7,Potential Loyal,339.08,147,1
13549,918.2,7,458,2011-11-14 09:20:00,2011-04-11 13:42:00,25,7,918.2,4,5,3,12,Loyal,131.17142857142858,216,0
13551,91.80000000000001,1,12,2011-01-24 14:46:00,2011-01-24 14:46:00,318,1,91.80000000000001,1,1,1,3,Lost,91.80000000000001,0,1
13552,3740.07,12,1417,2011-10-04 15:19:00,2011-01-28 10:10:00,65,12,3740.07,3,5,5,13,VIP,311.6725,249,0
13555,4098.88,4,2636,2011-09-27 12:36:00,2011-05-22 11:06:00,73,4,4098.88,2,4,5,11,Loyal,1024.72,128,0
13557,584.06,2,546,2011-11-11 15:24:00,2011-03-04 12:14:00,27,2,584.06,4,2,3,9,Potential Loyal,292.03,252,0
13558,594.52,4,338,2011-12-04 11:24:00,2011-10-02 13:01:00,5,4,594.52,5,4,3,12,Loyal,148.63,62,0
13560,171.42000000000002,1,63,2011-12-02 13:11:00,2011-12-02 13:11:00,6,1,171.42000000000002,5,1,1,7,Potential Loyal,171.42000000000002,0,0
13561,141.85999999999999,1,83,2011-05-08 12:39:00,2011-05-08 12:39:00,215,1,141.85999999999999,1,1,1,3,Lost,141.85999999999999,0,1
13562,1799.33,3,757,2011-09-19 10:51:00,2011-04-08 12:42:00,81,3,1799.33,2,3,4,9,Potential Loyal,599.7766666666666,163,0
13563,777.53,2,209,2011-09-16 14:45:00,2011-07-22 17:21:00,83,2,777.53,2,2,3,7,Potential Loyal,388.765,55,0
13564,1724.67,3,636,2011-07-18 14:33:00,2010-12-06 17:26:00,143,3,1724.67,2,3,4,9,Potential Loyal,574.89,223,1
13565,240.22,2,172,2011-11-20 14:33:00,2011-01-09 14:28:00,18,2,240.22,4,2,1,7,Potential Loyal,120.11,315,0
13566,856.84,2,567,2011-10-30 11:59:00,2011-09-18 12:40:00,40,2,856.84,3,2,3,8,Potential Loyal,428.42,41,0
13568,187.05,1,66,2011-06-19 14:42:00,2011-06-19 14:42:00,172,1,187.05,2,1,1,4,Lost,187.05,0,1
13569,338.62,2,156,2011-11-22 13:07:00,2010-12-07 12:29:00,16,2,338.62,4,2,2,8,Potential Loyal,169.31,350,0
13570,239.49,1,161,2011-04-10 13:36:00,2011-04-10 13:36:00,242,1,239.49,1,1,1,3,Lost,239.49,0,1
13571,2088.94,12,1757,2011-11-27 10:47:00,2011-03-31 12:43:00,12,12,2088.94,5,5,5,15,VIP,174.07833333333335,240,0
13572,1384.25,1,534,2011-05-18 11:59:00,2011-05-18 11:59:00,205,1,1384.25,1,1,4,6,At Risk,1384.25,0,1
13573,290.25,2,302,2011-10-20 14:33:00,2011-03-31 14:47:00,49,2,290.25,3,2,2,7,Potential Loyal,145.125,202,0
13575,732.0699999999999,5,449,2011-11-16 13:14:00,2011-06-16 14:24:00,22,5,732.0699999999999,4,4,3,11,Loyal,146.414,152,0
13576,6717.34,18,2646,2011-11-29 15:34:00,2010-12-01 17:24:00,9,18,6717.34,5,5,5,15,VIP,373.18555555555554,362,0
13577,1687.6000000000001,4,791,2011-11-14 15:19:00,2011-04-12 10:33:00,24,4,1687.6000000000001,4,4,4,12,Loyal,421.90000000000003,216,0
13579,467.04,2,176,2011-11-25 08:41:00,2010-12-05 16:10:00,14,2,467.04,4,2,2,8,Potential Loyal,233.52,354,0
13581,118.0,1,30,2011-02-03 14:41:00,2011-02-03 14:41:00,308,1,118.0,1,1,1,3,Lost,118.0,0,1
13583,781.03,1,725,2011-07-07 10:40:00,2011-07-07 10:40:00,155,1,781.03,2,1,3,6,At Risk,781.03,0,1
13584,142.4,1,37,2011-02-06 12:49:00,2011-02-06 12:49:00,306,1,142.4,1,1,1,3,Lost,142.4,0,1
13587,712.4,1,180,2011-10-07 12:31:00,2011-10-07 12:31:00,63,1,712.4,3,1,3,7,Potential Loyal,712.4,0,0
13588,2478.95,9,2606,2011-11-24 10:42:00,2011-03-29 15:53:00,15,9,2478.95,4,5,5,14,VIP,275.43888888888887,239,0
13589,379.65,2,114,2011-11-25 12:10:00,2011-06-13 12:44:00,14,2,379.65,4,2,2,8,Potential Loyal,189.825,164,0
13590,1981.92,6,1848,2011-11-28 12:54:00,2011-02-09 13:25:00,10,6,1981.92,5,5,4,14,VIP,330.32,291,0
13591,1117.13,3,485,2011-10-06 12:26:00,2011-03-18 12:18:00,64,3,1117.13,3,3,4,10,Loyal,372.3766666666667,202,0
13592,247.95999999999998,4,84,2011-11-04 09:49:00,2011-03-20 14:01:00,35,4,247.95999999999998,3,4,1,8,Potential Loyal,61.989999999999995,228,0
13593,2011.88,5,719,2011-08-23 13:35:00,2011-01-07 16:32:00,107,5,2011.88,2,4,4,10,Loyal,402.37600000000003,227,1
13594,396.97,1,359,2011-10-18 10:19:00,2011-10-18 10:19:00,52,1,396.97,3,1,2,6,At Risk,396.97,0,0
13596,664.11,2,384,2011-12-04 12:01:00,2011-11-27 11:57:00,5,2,664.11,5,2,3,10,Loyal,332.055,7,0
13598,160.04,1,52,2011-10-23 14:28:00,2011-10-23 14:28:00,46,1,160.04,3,1,1,5,At Risk,160.04,0,0
13599,5149.92,21,3293,2011-12-08 16:10:00,2010-12-08 10:11:00,0,21,5149.92,5,5,5,15,VIP,245.2342857142857,365,0
13600,219.52,1,324,2011-01-31 15:27:00,2011-01-31 15:27:00,311,1,219.52,1,1,1,3,Lost,219.52,0,1
13601,693.32,2,548,2011-10-25 17:31:00,2011-05-12 16:52:00,44,2,693.32,3,2,3,8,Potential Loyal,346.66,166,0
13602,428.89,1,267,2011-10-06 11:47:00,2011-10-06 11:47:00,64,1,428.89,3,1,2,6,At Risk,428.89,0,0
13603,164.34,1,164,2011-11-13 15:57:00,2011-11-13 15:57:00,25,1,164.34,4,1,1,6,At Risk,164.34,0,0
13606,276.75,3,276,2011-11-10 17:46:00,2011-02-01 11:42:00,28,3,276.75,4,3,2,9,Potential Loyal,92.25,282,0
13607,675.51,1,288,2011-10-30 16:17:00,2011-10-30 16:17:00,39,1,675.51,3,1,3,7,Potential Loyal,675.51,0,0
13610,1082.33,7,488,2011-11-27 15:38:00,2011-02-27 14:44:00,11,7,1082.33,5,5,4,14,VIP,154.6185714285714,273,0
13611,1154.4,3,754,2011-09-11 14:51:00,2010-12-15 10:31:00,88,3,1154.4,2,3,4,9,Potential Loyal,384.8,270,0
13614,1585.46,4,564,2011-11-15 14:47:00,2011-01-13 12:37:00,23,4,1585.46,4,4,4,12,Loyal,396.365,306,0
13615,417.69,1,189,2011-01-25 08:21:00,2011-01-25 08:21:00,318,1,417.69,1,1,2,4,Lost,417.69,0,1
13617,544.18,3,300,2011-10-30 13:50:00,2011-06-12 12:55:00,39,3,544.18,3,3,3,9,Potential Loyal,181.39333333333332,140,0
13618,177.34,1,246,2011-06-19 11:09:00,2011-06-19 11:09:00,173,1,177.34,2,1,1,4,Lost,177.34,0,1
13621,213.85,1,343,2011-08-15 08:26:00,2011-08-15 08:26:00,116,1,213.85,2,1,1,4,Lost,213.85,0,1
13623,727.74,5,286,2011-11-09 12:00:00,2011-02-15 13:08:00,30,5,727.74,4,4,3,11,Loyal,145.548,266,0
13626,257.23,1,209,2011-04-01 10:05:00,2011-04-01 10:05:00,252,1,257.23,1,1,2,4,Lost,257.23,0,1
13627,1638.47,5,1269,2011-10-11 14:20:00,2010-12-17 09:52:00,58,5,1638.47,3,4,4,11,Loyal,327.694,298,0
13629,7792.36,11,4372,2011-11-16 13:21:00,2011-01-05 12:09:00,22,11,7792.36,4,5,5,14,VIP,708.3963636363636,315,0
13630,2031.78,7,1391,2011-12-04 15:16:00,2011-02-27 12:49:00,4,7,2031.78,5,5,4,14,VIP,290.2542857142857,280,0
13631,3070.42,11,467,2011-09-01 09:57:00,2011-03-17 17:13:00,99,11,3070.42,2,5,5,12,Loyal,279.1290909090909,167,1
13632,2118.93,5,1031,2011-11-15 10:51:00,2011-04-10 15:07:00,24,5,2118.93,4,4,5,13,VIP,423.78599999999994,218,0
13634,1547.3600000000001,5,700,2011-11-06 13:40:00,2011-01-16 15:30:00,32,5,1547.3600000000001,4,4,4,12,Loyal,309.47200000000004,293,0
13635,1071.03,1,677,2011-10-03 10:55:00,2011-10-03 10:55:00,67,1,1071.03,3,1,4,8,Potential Loyal,1071.03,0,0
13636,949.12,5,592,2011-11-03 10:30:00,2011-02-27 14:29:00,36,5,949.12,3,4,4,11,Loyal,189.824,248,0
13637,804.3,3,405,2011-10-18 13:32:00,2011-04-27 13:06:00,51,3,804.3,3,3,3,9,Potential Loyal,268.09999999999997,174,0
13638,122.64,1,93,2011-11-24 10:38:00,2011-11-24 10:38:00,15,1,122.64,4,1,1,6,At Risk,122.64,0,0
13639,1033.34,1,800,2011-09-26 13:36:00,2011-09-26 13:36:00,73,1,1033.34,2,1,4,7,Potential Loyal,1033.34,0,0
13642,312.28,1,151,2011-05-08 12:34:00,2011-05-08 12:34:00,215,1,312.28,1,1,2,4,Lost,312.28,0,1
13643,519.44,3,273,2011-11-08 15:37:00,2011-06-07 11:40:00,30,3,519.44,4,3,3,10,Loyal,173.14666666666668,154,0
13644,2624.26,4,2067,2011-11-23 14:07:00,2011-08-26 11:53:00,15,4,2624.26,4,4,5,13,VIP,656.065,89,0
13645,252.1,1,158,2011-08-11 16:11:00,2011-08-11 16:11:00,119,1,252.1,2,1,2,5,At Risk,252.1,0,1
13647,1648.1200000000001,4,887,2011-11-30 12:00:00,2011-04-19 09:49:00,9,4,1648.1200000000001,5,4,4,13,VIP,412.03000000000003,225,0
13649,346.6,2,139,2011-03-28 11:51:00,2010-12-08 14:46:00,256,2,346.6,1,2,2,5,At Risk,173.3,109,1
13650,1836.34,6,922,2011-11-23 12:22:00,2011-03-17 12:37:00,16,6,1836.34,4,5,4,13,VIP,306.0566666666667,250,0
13651,94.2,2,33,2011-11-04 14:59:00,2011-10-31 12:11:00,34,2,94.2,3,2,1,6,At Risk,47.1,4,0
13652,1095.08,3,578,2011-10-25 08:51:00,2010-12-06 09:21:00,45,3,1095.08,3,3,4,10,Loyal,365.02666666666664,322,0
13654,2707.33,6,2182,2011-10-27 16:24:00,2011-03-11 12:54:00,42,6,2707.33,3,5,5,13,VIP,451.22166666666664,230,0
13655,932.97,2,605,2011-08-17 14:25:00,2011-04-12 09:53:00,113,2,932.97,2,2,3,7,Potential Loyal,466.485,127,1
13656,379.65,2,490,2011-06-28 10:31:00,2011-01-06 15:42:00,164,2,379.65,2,2,2,6,At Risk,189.825,172,1
13657,382.14,2,209,2011-11-29 12:32:00,2011-05-22 12:35:00,10,2,382.14,5,2,2,9,Potential Loyal,191.07,190,0
13658,2639.17,5,1019,2011-11-30 10:13:00,2011-05-19 17:15:00,9,5,2639.17,5,4,5,14,VIP,527.8340000000001,194,0
13659,1563.0,2,882,2011-05-18 12:37:00,2011-01-23 12:08:00,205,2,1563.0,1,2,4,7,Potential Loyal,781.5,115,1
13662,881.26,3,533,2011-09-15 12:04:00,2011-03-25 13:23:00,85,3,881.26,2,3,3,8,Potential Loyal,293.75333333333333,173,0
13663,189.47,1,91,2011-06-13 15:44:00,2011-06-13 15:44:00,178,1,189.47,2,1,1,4,Lost,189.47,0,1
13666,84.65,3,41,2011-10-10 15:39:00,2011-02-25 13:05:00,59,3,84.65,3,3,1,7,Potential Loyal,28.21666666666667,227,0
13667,299.05,1,149,2011-07-13 15:42:00,2011-07-13 15:42:00,148,1,299.05,2,1,2,5,At Risk,299.05,0,1
13668,6309.83,21,3722,2011-12-07 12:11:00,2010-12-12 12:35:00,2,21,6309.83,5,5,5,15,VIP,300.46809523809526,359,0
13669,218.55,2,237,2011-10-20 09:32:00,2011-07-13 11:44:00,50,2,218.55,3,2,1,6,At Risk,109.275,98,0
13670,349.7,1,282,2011-09-25 15:25:00,2011-09-25 15:25:00,74,1,349.7,2,1,2,5,At Risk,349.7,0,0
13672,186.39000000000001,2,57,2011-02-11 13:53:00,2011-01-11 13:54:00,300,2,186.39000000000001,1,2,1,4,Lost,93.19500000000001,30,1
13673,387.44,2,114,2011-11-21 12:11:00,2011-11-07 15:40:00,18,2,387.44,4,2,2,8,Potential Loyal,193.72,13,0
13675,486.82000000000005,2,330,2011-07-11 12:57:00,2011-02-28 12:14:00,150,2,486.82000000000005,2,2,2,6,At Risk,243.41000000000003,133,1
13678,232.6,1,924,2011-07-11 10:14:00,2011-07-11 10:14:00,151,1,232.6,2,1,1,4,Lost,232.6,0,1
13680,3719.12,4,1934,2011-12-08 13:47:00,2011-01-04 14:12:00,0,4,3719.12,5,4,5,14,VIP,929.78,337,0
13681,827.83,4,360,2011-11-22 11:13:00,2011-07-07 15:21:00,17,4,827.83,4,4,3,11,Loyal,206.9575,137,0
13682,59.5,1,10,2011-06-05 14:06:00,2011-06-05 14:06:00,186,1,59.5,1,1,1,3,Lost,59.5,0,1
13684,65.13,1,38,2011-02-27 10:13:00,2011-02-27 10:13:00,285,1,65.13,1,1,1,3,Lost,65.13,0,1
13685,3119.44,7,5056,2011-12-07 11:41:00,2011-10-10 12:59:00,2,7,3119.44,5,5,5,15,VIP,445.63428571428574,57,0
13686,72.0,1,70,2011-06-10 09:10:00,2011-06-10 09:10:00,182,1,72.0,1,1,1,3,Lost,72.0,0,1
13689,910.0,1,512,2011-10-07 13:21:00,2011-10-07 13:21:00,62,1,910.0,3,1,3,7,Potential Loyal,910.0,0,0
13690,172.25,1,67,2011-10-11 15:03:00,2011-10-11 15:03:00,58,1,172.25,3,1,1,5,At Risk,172.25,0,0
13692,1488.32,3,1226,2011-11-15 11:17:00,2011-04-17 12:57:00,24,3,1488.32,4,3,4,11,Loyal,496.1066666666666,211,0
13694,65039.62,50,63312,2011-12-06 09:32:00,2010-12-01 12:12:00,3,50,65039.62,5,5,5,15,VIP,1300.7924,369,0
13695,2504.13,15,1603,2011-11-08 14:26:00,2011-03-25 11:31:00,30,15,2504.13,4,5,5,14,VIP,166.942,228,0
13697,151.29999999999998,1,177,2011-11-01 09:14:00,2011-11-01 09:14:00,38,1,151.29999999999998,3,1,1,5,At Risk,151.29999999999998,0,0
13699,308.58000000000004,1,66,2011-07-07 16:51:00,2011-07-07 16:51:00,154,1,308.58000000000004,2,1,2,5,At Risk,308.58000000000004,0,1
13700,2248.63,10,2281,2011-11-13 13:00:00,2011-01-16 13:18:00,25,10,2248.63,4,5,5,14,VIP,224.863,300,0
13703,99.5,1,10,2011-01-25 13:10:00,2011-01-25 13:10:00,317,1,99.5,1,1,1,3,Lost,99.5,0,1
13704,2308.06,9,1531,2011-12-04 15:13:00,2011-09-12 14:40:00,4,9,2308.06,5,5,5,15,VIP,256.4511111111111,83,0
13705,711.86,3,363,2011-12-02 12:32:00,2010-12-01 10:29:00,7,3,711.86,5,3,3,11,Loyal,237.28666666666666,366,0
13706,330.79,1,189,2011-02-10 09:21:00,2011-02-10 09:21:00,302,1,330.79,1,1,2,4,Lost,330.79,0,1
13707,806.41,2,351,2011-03-17 18:03:00,2011-01-28 13:27:00,266,2,806.41,1,2,3,6,At Risk,403.205,48,1
13708,285.33,1,301,2011-03-13 13:46:00,2011-03-13 13:46:00,270,1,285.33,1,1,2,4,Lost,285.33,0,1
13709,6307.650000000001,13,3508,2011-12-06 10:28:00,2011-01-28 14:57:00,3,13,6307.650000000001,5,5,5,15,VIP,485.2038461538462,311,0
13710,180.48,1,176,2011-11-08 08:16:00,2011-11-08 08:16:00,31,1,180.48,4,1,1,6,At Risk,180.48,0,0
13711,252.06,2,140,2011-05-05 10:31:00,2011-05-05 10:29:00,218,2,252.06,1,2,2,5,At Risk,126.03,0,1
13712,228.84,1,352,2011-04-07 12:33:00,2011-04-07 12:33:00,246,1,228.84,1,1,1,3,Lost,228.84,0,1
13715,1077.39,5,562,2011-03-03 19:21:00,2010-12-02 08:52:00,280,5,1077.39,1,4,4,9,Potential Loyal,215.478,91,1
13716,138.28,1,138,2011-03-15 13:49:00,2011-03-15 13:49:00,268,1,138.28,1,1,1,3,Lost,138.28,0,1
13717,1445.01,6,1959,2011-11-07 14:13:00,2011-02-14 13:21:00,31,6,1445.01,4,5,4,13,VIP,240.835,266,0
13718,306.55,2,173,2011-04-07 13:24:00,2011-02-17 11:58:00,245,2,306.55,1,2,2,5,At Risk,153.275,49,1
13719,1041.68,5,609,2011-11-24 15:26:00,2011-04-19 13:56:00,14,5,1041.68,4,4,4,12,Loyal,208.336,219,0
13720,799.9,4,501,2011-08-15 12:46:00,2011-03-30 09:17:00,116,4,799.9,2,4,3,9,Potential Loyal,199.975,138,1
13721,524.14,1,316,2011-11-03 14:05:00,2011-11-03 14:05:00,35,1,524.14,3,1,3,7,Potential Loyal,524.14,0,0
13722,2375.41,3,1401,2011-07-31 12:44:00,2011-03-02 11:43:00,131,3,2375.41,2,3,5,10,Loyal,791.8033333333333,151,1
13723,199.85000000000002,1,43,2011-05-06 17:04:00,2011-05-06 17:04:00,216,1,199.85000000000002,1,1,1,3,Lost,199.85000000000002,0,1
13725,1980.56,8,806,2011-10-21 10:03:00,2011-02-04 12:18:00,49,8,1980.56,3,5,4,12,Loyal,247.57,258,0
13726,1079.6599999999999,2,1054,2011-11-01 10:49:00,2011-08-31 11:06:00,38,2,1079.6599999999999,3,2,4,9,Potential Loyal,539.8299999999999,61,0
13727,333.48,2,162,2011-11-11 09:46:00,2011-11-06 12:16:00,28,2,333.48,4,2,2,8,Potential Loyal,166.74,4,0
13728,1016.14,6,458,2011-11-03 10:49:00,2011-02-02 12:09:00,36,6,1016.14,3,5,4,12,Loyal,169.35666666666665,273,0
13730,752.6,2,488,2011-07-27 08:35:00,2011-07-01 12:47:00,135,2,752.6,2,2,3,7,Potential Loyal,376.3,25,1
13731,610.59,2,278,2011-05-04 14:33:00,2011-04-07 10:10:00,218,2,610.59,1,2,3,6,At Risk,305.295,27,1
13732,491.86,1,498,2011-11-11 15:49:00,2011-11-11 15:49:00,27,1,491.86,4,1,3,8,Potential Loyal,491.86,0,0
13735,2883.54,4,1128,2011-11-15 11:14:00,2011-04-19 13:49:00,24,4,2883.54,4,4,5,13,VIP,720.885,209,0
13736,729.8,2,496,2011-12-04 15:19:00,2011-03-24 13:04:00,4,2,729.8,5,2,3,10,Loyal,364.9,255,0
13737,339.59999999999997,1,125,2011-05-23 16:32:00,2011-05-23 16:32:00,199,1,339.59999999999997,1,1,2,4,Lost,339.59999999999997,0,1
13739,216.9,1,54,2011-11-21 13:35:00,2011-11-21 13:35:00,17,1,216.9,4,1,1,6,At Risk,216.9,0,0
13740,350.75,1,425,2011-04-13 10:32:00,2011-04-13 10:32:00,240,1,350.75,1,1,2,4,Lost,350.75,0,1
13741,668.4300000000001,3,218,2011-09-29 09:19:00,2011-05-06 13:43:00,71,3,668.4300000000001,3,3,3,9,Potential Loyal,222.81000000000003,145,0
13742,3107.87,12,1115,2011-11-23 11:07:00,2011-01-23 14:59:00,16,12,3107.87,4,5,5,14,VIP,258.9891666666667,303,0
13743,1341.6,7,1776,2011-12-07 10:09:00,2011-03-25 14:46:00,2,7,1341.6,5,5,4,14,VIP,191.65714285714284,256,0
13744,1080.52,2,1153,2011-09-05 15:19:00,2011-02-20 14:08:00,94,2,1080.52,2,2,4,8,Potential Loyal,540.26,197,1
13745,300.04,1,496,2011-06-30 16:43:00,2011-06-30 16:43:00,161,1,300.04,2,1,2,5,At Risk,300.04,0,1
13747,79.6,1,8,2010-12-01 10:37:00,2010-12-01 10:37:00,373,1,79.6,1,1,1,3,Lost,79.6,0,1
13748,948.25,5,439,2011-09-05 09:45:00,2010-12-01 09:00:00,95,5,948.25,2,4,4,10,Loyal,189.65,278,1
13750,1647.26,5,516,2011-10-17 12:16:00,2011-01-07 11:49:00,53,5,1647.26,3,4,4,11,Loyal,329.452,283,0
13751,296.25,1,152,2011-02-24 15:56:00,2011-02-24 15:56:00,287,1,296.25,1,1,2,4,Lost,296.25,0,1
13752,1175.38,6,874,2011-08-07 14:16:00,2011-04-07 12:04:00,123,6,1175.38,2,5,4,11,Loyal,195.89666666666668,122,1
13753,741.26,1,512,2011-02-25 12:48:00,2011-02-25 12:48:00,287,1,741.26,1,1,3,5,At Risk,741.26,0,1
13754,282.59999999999997,2,214,2011-07-11 11:51:00,2011-01-26 14:58:00,151,2,282.59999999999997,2,2,2,6,At Risk,141.29999999999998,165,1
13755,2108.06,9,1242,2011-12-06 12:26:00,2011-10-07 15:45:00,3,9,2108.06,5,5,5,15,VIP,234.2288888888889,59,0
13756,5189.52,14,3188,2011-12-07 16:44:00,2010-12-07 11:41:00,1,14,5189.52,5,5,5,15,VIP,370.68,365,0
13758,3190.55,7,1844,2011-11-28 11:11:00,2010-12-01 12:08:00,11,7,3190.55,5,5,5,15,VIP,455.79285714285714,361,0
13759,659.4100000000001,2,287,2011-11-06 14:47:00,2011-09-29 15:40:00,32,2,659.4100000000001,4,2,3,9,Potential Loyal,329.70500000000004,37,0
13760,286.79,2,197,2011-10-16 16:13:00,2011-03-28 12:52:00,53,2,286.79,3,2,2,7,Potential Loyal,143.395,202,0
13761,1070.65,2,642,2011-10-20 14:01:00,2011-06-13 08:43:00,49,2,1070.65,3,2,4,9,Potential Loyal,535.325,129,0
13762,306.72,1,272,2011-05-05 09:15:00,2011-05-05 09:15:00,218,1,306.72,1,1,2,4,Lost,306.72,0,1
13763,1714.96,1,728,2011-10-07 15:13:00,2011-10-07 15:13:00,62,1,1714.96,3,1,4,8,Potential Loyal,1714.96,0,0
13764,1519.42,3,926,2011-09-30 12:03:00,2011-01-06 14:53:00,70,3,1519.42,3,3,4,10,Loyal,506.47333333333336,266,0
13767,17220.36,37,7322,2011-12-07 15:00:00,2010-12-01 10:47:00,1,37,17220.36,5,5,5,15,VIP,465.41513513513513,371,0
13769,2796.51,10,1163,2011-12-07 15:08:00,2010-12-07 13:28:00,1,10,2796.51,5,5,5,15,VIP,279.651,365,0
13771,2634.45,4,1477,2011-10-06 14:18:00,2011-04-06 15:47:00,63,4,2634.45,3,4,5,12,Loyal,658.6125,182,0
13772,1122.63,3,540,2011-11-06 11:43:00,2011-04-14 12:31:00,33,3,1122.63,3,3,4,10,Loyal,374.21000000000004,205,0
13774,345.0,1,192,2011-09-19 12:06:00,2011-09-19 12:06:00,81,1,345.0,2,1,2,5,At Risk,345.0,0,0
13777,25977.16,33,12897,2011-12-09 12:25:00,2010-12-01 16:01:00,0,33,25977.16,5,5,5,15,VIP,787.1866666666666,372,0
13778,178.7,1,70,2011-08-28 15:25:00,2011-08-28 15:25:00,102,1,178.7,2,1,1,4,Lost,178.7,0,1
13780,360.01,2,318,2011-12-02 13:49:00,2011-06-22 11:43:00,6,2,360.01,5,2,2,9,Potential Loyal,180.005,163,0
13781,127.84,1,30,2011-04-03 12:08:00,2011-04-03 12:08:00,250,1,127.84,1,1,1,3,Lost,127.84,0,1
13782,908.86,6,369,2011-11-27 11:54:00,2011-01-16 11:08:00,12,6,908.86,5,5,3,13,VIP,151.47666666666666,315,0
13784,2462.79,11,2493,2011-11-30 09:33:00,2011-01-11 14:38:00,9,11,2462.79,5,5,5,15,VIP,223.89,322,0
13786,230.39999999999998,1,136,2010-12-07 13:53:00,2010-12-07 13:53:00,366,1,230.39999999999998,1,1,1,3,Lost,230.39999999999998,0,1
13787,309.04,2,337,2011-09-25 12:06:00,2010-12-10 14:45:00,75,2,309.04,2,2,2,6,At Risk,154.52,288,0
13790,348.8,1,748,2011-12-05 15:48:00,2011-12-05 15:48:00,3,1,348.8,5,1,2,8,Potential Loyal,348.8,0,0
13791,1516.0,2,1200,2011-08-04 11:44:00,2011-06-24 16:38:00,127,2,1516.0,2,2,4,8,Potential Loyal,758.0,40,1
13792,195.55,2,92,2011-10-04 14:31:00,2011-02-25 14:03:00,65,2,195.55,3,2,1,6,At Risk,97.775,221,0
13798,37153.85,57,23948,2011-12-08 15:51:00,2010-12-02 17:24:00,0,57,37153.85,5,5,5,15,VIP,651.8219298245614,370,0
13799,688.86,2,402,2011-08-15 12:07:00,2011-02-18 14:18:00,116,2,688.86,2,2,3,7,Potential Loyal,344.43,177,1
13800,558.32,1,331,2011-02-03 12:27:00,2011-02-03 12:27:00,309,1,558.32,1,1,3,5,At Risk,558.32,0,1
13801,324.8,1,168,2011-10-04 10:15:00,2011-10-04 10:15:00,66,1,324.8,3,1,2,6,At Risk,324.8,0,0
13802,4599.42,3,2572,2011-07-24 10:54:00,2011-02-01 12:03:00,138,3,4599.42,2,3,5,10,Loyal,1533.14,172,1
13803,277.07,1,121,2011-03-29 12:57:00,2011-03-29 12:57:00,254,1,277.07,1,1,2,4,Lost,277.07,0,1
13804,2588.39,7,1462,2011-11-09 12:32:00,2011-02-23 09:09:00,30,7,2588.39,4,5,5,14,VIP,369.77,259,0
13805,924.6,2,1900,2011-10-18 14:50:00,2011-08-02 15:29:00,51,2,924.6,3,2,3,8,Potential Loyal,462.3,76,0
13806,256.38,1,56,2011-10-07 11:43:00,2011-10-07 11:43:00,63,1,256.38,3,1,2,6,At Risk,256.38,0,0
13807,112.6,1,36,2010-12-07 15:48:00,2010-12-07 15:48:00,366,1,112.6,1,1,1,3,Lost,112.6,0,1
13808,1747.66,5,782,2011-12-04 12:18:00,2011-09-04 12:07:00,5,5,1747.66,5,4,4,13,VIP,349.53200000000004,91,0
13809,155.05,1,29,2011-02-07 13:15:00,2011-02-07 13:15:00,304,1,155.05,1,1,1,3,Lost,155.05,0,1
13810,1499.01,3,312,2011-11-11 08:33:00,2011-10-14 12:57:00,28,3,1499.01,4,3,4,11,Loyal,499.67,27,0
13811,814.5,3,68,2011-06-09 09:54:00,2011-04-14 18:40:00,183,3,814.5,1,3,3,7,Potential Loyal,271.5,55,1
13812,539.0,3,333,2011-10-28 14:27:00,2011-08-26 12:54:00,41,3,539.0,3,3,3,9,Potential Loyal,179.66666666666666,63,0
13813,1366.8600000000001,4,552,2011-10-31 10:38:00,2011-07-28 10:33:00,39,4,1366.8600000000001,3,4,4,11,Loyal,341.71500000000003,95,0
13814,1579.12,2,864,2011-09-08 13:48:00,2011-07-25 13:54:00,91,2,1579.12,2,2,4,8,Potential Loyal,789.56,44,1
13815,4027.36,4,2560,2011-11-17 14:19:00,2011-01-25 12:16:00,21,4,4027.36,4,4,5,13,VIP,1006.84,296,0
13816,571.6700000000001,2,269,2011-11-16 08:38:00,2011-10-06 14:37:00,23,2,571.6700000000001,4,2,3,9,Potential Loyal,285.83500000000004,40,0
13817,382.98,2,211,2011-11-10 17:49:00,2010-12-23 11:46:00,28,2,382.98,4,2,2,8,Potential Loyal,191.49,322,0
13819,1140.35,3,1109,2011-02-11 10:38:00,2011-01-24 10:38:00,301,3,1140.35,1,3,4,8,Potential Loyal,380.1166666666666,18,1
13821,385.64,2,153,2011-07-18 09:49:00,2011-03-23 11:30:00,144,2,385.64,2,2,2,6,At Risk,192.82,116,1
13822,632.0,2,611,2011-12-04 12:13:00,2011-10-30 15:55:00,5,2,632.0,5,2,3,10,Loyal,316.0,34,0
13823,957.66,2,439,2011-11-21 10:22:00,2011-09-09 10:42:00,18,2,957.66,4,2,4,10,Loyal,478.83,72,0
13824,1698.94,5,768,2011-11-07 12:41:00,2011-02-02 13:07:00,32,5,1698.94,4,4,4,12,Loyal,339.788,277,0
13826,189.5,1,82,2011-06-16 13:48:00,2011-06-16 13:48:00,175,1,189.5,2,1,1,4,Lost,189.5,0,1
13827,409.8,3,138,2011-10-13 12:38:00,2011-07-19 15:38:00,57,3,409.8,3,3,2,8,Potential Loyal,136.6,85,0
13828,209.49,1,311,2011-11-17 16:02:00,2011-11-17 16:02:00,21,1,209.49,4,1,1,6,At Risk,209.49,0,0
13831,2198.45,6,743,2011-11-23 15:41:00,2010-12-05 12:13:00,15,6,2198.45,4,5,5,14,VIP,366.4083333333333,353,0
13832,52.199999999999996,1,28,2011-11-20 15:36:00,2011-11-20 15:36:00,18,1,52.199999999999996,4,1,1,6,At Risk,52.199999999999996,0,0
13833,383.85,1,117,2011-07-03 13:27:00,2011-07-03 13:27:00,158,1,383.85,2,1,2,5,At Risk,383.85,0,1
13835,834.57,4,442,2011-11-14 15:37:00,2011-05-08 15:22:00,24,4,834.57,4,4,3,11,Loyal,208.6425,190,0
13837,266.59000000000003,2,182,2011-05-12 12:10:00,2011-01-26 12:15:00,211,2,266.59000000000003,1,2,2,5,At Risk,133.29500000000002,105,1
13838,674.82,4,254,2011-12-04 11:00:00,2010-12-05 10:45:00,5,4,674.82,5,4,3,12,Loyal,168.705,364,0
13841,85.0,1,100,2011-04-01 12:10:00,2011-04-01 12:10:00,252,1,85.0,1,1,1,3,Lost,85.0,0,1
13842,3385.62,9,1768,2011-10-12 10:51:00,2010-12-08 10:39:00,58,9,3385.62,3,5,5,13,VIP,376.18,308,0
13844,361.62,1,196,2011-11-28 13:21:00,2011-11-28 13:21:00,10,1,361.62,5,1,2,8,Potential Loyal,361.62,0,0
13845,312.98,1,182,2011-10-06 08:25:00,2011-10-06 08:25:00,64,1,312.98,3,1,2,6,At Risk,312.98,0,0
13846,865.0600000000001,3,388,2011-11-15 12:07:00,2010-12-14 16:07:00,24,3,865.0600000000001,4,3,3,10,Loyal,288.35333333333335,335,0
13848,1255.0,3,3700,2011-09-08 12:58:00,2010-12-08 15:10:00,91,3,1255.0,2,3,4,9,Potential Loyal,418.3333333333333,273,1
13849,1537.95,2,1016,2011-10-19 10:59:00,2011-06-22 10:11:00,51,2,1537.95,3,2,4,9,Potential Loyal,768.975,119,0
13850,1595.48,1,944,2011-08-02 14:04:00,2011-08-02 14:04:00,128,1,1595.48,2,1,4,7,Potential Loyal,1595.48,0,1
13851,2651.46,3,1705,2011-09-05 12:36:00,2011-02-24 17:18:00,95,3,2651.46,2,3,5,10,Loyal,883.82,192,1
13853,1090.14,1,312,2011-10-13 14:18:00,2011-10-13 14:18:00,56,1,1090.14,3,1,4,8,Potential Loyal,1090.14,0,0
13854,8109.5199999999995,25,2296,2011-12-01 09:06:00,2010-12-09 10:48:00,8,25,8109.5199999999995,5,5,5,15,VIP,324.38079999999997,356,0
13856,388.5,3,494,2011-06-24 10:03:00,2011-05-20 13:13:00,168,3,388.5,2,3,2,7,Potential Loyal,129.5,34,1
13858,216.17,1,75,2011-10-13 16:17:00,2011-10-13 16:17:00,56,1,216.17,3,1,1,5,At Risk,216.17,0,0
13859,201.16,1,129,2011-01-17 16:14:00,2011-01-17 16:14:00,325,1,201.16,1,1,1,3,Lost,201.16,0,1
13860,1245.9,5,591,2011-12-08 12:57:00,2011-09-14 09:27:00,0,5,1245.9,5,4,4,13,VIP,249.18,85,0
13862,2209.36,8,1688,2011-11-21 16:24:00,2011-01-11 15:13:00,17,8,2209.36,4,5,5,14,VIP,276.17,314,0
13863,305.78,1,224,2011-04-06 10:20:00,2011-04-06 10:20:00,247,1,305.78,1,1,2,4,Lost,305.78,0,1
13865,501.56,4,204,2011-10-12 13:31:00,2011-02-23 12:04:00,57,4,501.56,3,4,3,10,Loyal,125.39,231,0
13866,145.67000000000002,1,57,2011-09-26 14:54:00,2011-09-26 14:54:00,73,1,145.67000000000002,2,1,1,4,Lost,145.67000000000002,0,0
13867,1005.09,3,501,2011-11-08 15:48:00,2011-05-05 17:28:00,30,3,1005.09,4,3,4,11,Loyal,335.03000000000003,186,0
13868,3192.54,2,1964,2011-12-02 16:32:00,2011-11-01 12:45:00,6,2,3192.54,5,2,5,12,Loyal,1596.27,31,0
13869,3083.65,4,1709,2011-08-08 13:53:00,2010-12-17 15:14:00,122,4,3083.65,2,4,5,11,Loyal,770.9125,233,1
13870,2770.94,8,1325,2011-12-07 13:23:00,2011-02-25 09:09:00,1,8,2770.94,5,5,5,15,VIP,346.3675,285,0
13871,6403.25,13,2806,2011-11-17 10:49:00,2011-02-04 09:30:00,22,13,6403.25,4,5,5,14,VIP,492.5576923076923,286,0
13873,389.6,3,140,2011-08-12 10:08:00,2011-02-03 09:37:00,119,3,389.6,2,3,2,7,Potential Loyal,129.86666666666667,190,1
13874,540.45,1,180,2010-12-16 18:20:00,2010-12-16 18:20:00,357,1,540.45,1,1,3,5,At Risk,540.45,0,1
13875,1786.79,5,1316,2011-10-17 09:36:00,2011-02-11 15:39:00,53,5,1786.79,3,4,4,11,Loyal,357.358,247,0
13876,122.7,1,36,2011-10-07 10:22:00,2011-10-07 10:22:00,63,1,122.7,3,1,1,5,At Risk,122.7,0,0
13877,117.24,1,108,2011-09-14 15:49:00,2011-09-14 15:49:00,85,1,117.24,2,1,1,4,Lost,117.24,0,0
13878,1271.57,1,463,2011-10-16 12:19:00,2011-10-16 12:19:00,54,1,1271.57,3,1,4,8,Potential Loyal,1271.57,0,0
13880,3219.77,13,1842,2011-11-18 13:44:00,2010-12-07 14:00:00,20,13,3219.77,4,5,5,14,VIP,247.67461538461538,345,0
13881,17159.52,20,10118,2011-12-06 12:50:00,2011-02-01 10:14:00,3,20,17159.52,5,5,5,15,VIP,857.976,308,0
13882,1191.13,5,953,2011-12-07 11:16:00,2011-10-06 15:28:00,2,5,1191.13,5,4,4,13,VIP,238.22600000000003,61,0
13883,2674.48,5,1436,2011-11-29 10:45:00,2011-03-31 17:17:00,10,5,2674.48,5,4,5,14,VIP,534.896,242,0
13884,787.6,5,300,2011-12-02 16:30:00,2011-03-01 13:40:00,6,5,787.6,5,4,3,12,Loyal,157.52,276,0
13885,506.8,2,182,2011-06-03 15:07:00,2011-05-23 08:52:00,188,2,506.8,1,2,3,6,At Risk,253.4,11,1
13886,243.56,1,126,2011-09-29 13:17:00,2011-09-29 13:17:00,70,1,243.56,3,1,1,5,At Risk,243.56,0,0
13887,349.55,1,147,2011-05-19 17:22:00,2011-05-19 17:22:00,203,1,349.55,1,1,2,4,Lost,349.55,0,1
13888,595.67,2,254,2011-08-12 10:13:00,2011-05-05 14:41:00,119,2,595.67,2,2,3,7,Potential Loyal,297.835,98,1
13889,416.90000000000003,1,146,2011-09-08 09:13:00,2011-09-08 09:13:00,92,1,416.90000000000003,2,1,2,5,At Risk,416.90000000000003,0,1
13890,1883.8100000000002,10,831,2011-12-08 15:36:00,2010-12-16 09:31:00,0,10,1883.8100000000002,5,5,4,14,VIP,188.38100000000003,357,0
13892,632.97,4,983,2011-11-13 11:50:00,2011-04-07 12:04:00,26,4,632.97,4,4,3,11,Loyal,158.2425,219,0
13893,821.1,1,190,2011-02-15 11:30:00,2011-02-15 11:30:00,297,1,821.1,1,1,3,5,At Risk,821.1,0,1
13894,564.62,3,354,2011-11-16 09:44:00,2011-02-02 12:54:00,23,3,564.62,4,3,3,10,Loyal,188.20666666666668,286,0
13895,2593.07,4,1365,2011-11-11 16:57:00,2011-06-28 10:17:00,27,4,2593.07,4,4,5,13,VIP,648.2675,136,0
13897,311.16,1,200,2011-10-20 14:30:00,2011-10-20 14:30:00,49,1,311.16,3,1,2,6,At Risk,311.16,0,0
13898,155.93,1,133,2011-01-18 10:28:00,2011-01-18 10:28:00,325,1,155.93,1,1,1,3,Lost,155.93,0,1
13899,388.52,2,156,2011-11-23 13:40:00,2011-03-10 09:30:00,15,2,388.52,4,2,2,8,Potential Loyal,194.26,258,0
13900,740.95,3,430,2011-06-09 19:26:00,2011-03-22 10:13:00,182,3,740.95,1,3,3,7,Potential Loyal,246.98333333333335,79,1
13901,2867.2,5,1739,2011-09-28 14:48:00,2011-01-25 09:01:00,71,5,2867.2,3,4,5,12,Loyal,573.4399999999999,246,0
13904,332.64,2,332,2011-11-02 13:41:00,2011-02-18 11:18:00,36,2,332.64,3,2,2,7,Potential Loyal,166.32,257,0
13908,2369.55,4,1478,2011-09-21 11:49:00,2011-03-08 12:04:00,79,4,2369.55,2,4,5,11,Loyal,592.3875,196,0
13911,2580.91,9,2731,2011-10-13 15:43:00,2011-02-04 14:46:00,56,9,2580.91,3,5,5,13,VIP,286.7677777777778,251,0
13914,626.45,2,380,2011-11-28 10:35:00,2011-11-03 16:28:00,11,2,626.45,5,2,3,10,Loyal,313.225,24,0
13917,272.04,2,228,2011-10-21 09:56:00,2011-06-01 12:46:00,49,2,272.04,3,2,2,7,Potential Loyal,136.02,141,0
13918,1212.8400000000001,2,1140,2011-10-21 12:25:00,2011-03-31 18:05:00,49,2,1212.8400000000001,3,2,4,9,Potential Loyal,606.4200000000001,203,0
13919,384.81,2,474,2011-10-11 14:24:00,2011-08-10 10:15:00,58,2,384.81,3,2,2,7,Potential Loyal,192.405,62,0
13922,172.25,1,93,2010-12-23 10:38:00,2010-12-23 10:38:00,351,1,172.25,1,1,1,3,Lost,172.25,0,1
13923,351.13,1,185,2011-10-17 12:33:00,2011-10-17 12:33:00,53,1,351.13,3,1,2,6,At Risk,351.13,0,0
13924,1838.8500000000001,6,1575,2011-12-08 09:39:00,2011-09-28 15:07:00,1,6,1838.8500000000001,5,5,4,14,VIP,306.475,70,0
13925,678.25,4,331,2011-09-08 12:47:00,2011-07-28 12:09:00,92,4,678.25,2,4,3,9,Potential Loyal,169.5625,42,1
13926,223.85000000000002,1,104,2011-11-16 13:16:00,2011-11-16 13:16:00,22,1,223.85000000000002,4,1,1,6,At Risk,223.85000000000002,0,0
13927,348.99,1,214,2011-09-26 12:00:00,2011-09-26 12:00:00,74,1,348.99,2,1,2,5,At Risk,348.99,0,0
13928,464.57,4,129,2011-11-29 10:33:00,2011-07-29 15:59:00,10,4,464.57,5,4,2,11,Loyal,116.1425,122,0
13929,842.65,2,143,2011-06-23 15:26:00,2011-01-17 15:11:00,168,2,842.65,2,2,3,7,Potential Loyal,421.325,157,1
13930,337.34,2,274,2011-10-13 09:45:00,2011-07-26 11:00:00,57,2,337.34,3,2,2,7,Potential Loyal,168.67,78,0
13931,1237.53,2,725,2011-09-05 10:12:00,2011-03-04 08:43:00,95,2,1237.53,2,2,4,8,Potential Loyal,618.765,185,1
13932,307.4,1,72,2011-02-18 12:02:00,2011-02-18 12:02:00,294,1,307.4,1,1,2,4,Lost,307.4,0,1
13933,608.7900000000001,2,205,2011-08-22 14:03:00,2011-07-14 13:35:00,108,2,608.7900000000001,2,2,3,7,Potential Loyal,304.39500000000004,39,1
13934,922.1,1,390,2011-03-21 08:39:00,2011-03-21 08:39:00,263,1,922.1,1,1,3,5,At Risk,922.1,0,1
13936,376.58,1,330,2011-06-13 08:47:00,2011-06-13 08:47:00,179,1,376.58,1,1,2,4,Lost,376.58,0,1
13937,158.85,1,123,2011-06-23 16:35:00,2011-06-23 16:35:00,168,1,158.85,2,1,1,4,Lost,158.85,0,1
13938,71.66,1,70,2011-11-04 14:37:00,2011-11-04 14:37:00,34,1,71.66,3,1,1,5,At Risk,71.66,0,0
13939,568.55,3,847,2011-11-16 13:33:00,2011-02-01 11:30:00,22,3,568.55,4,3,3,10,Loyal,189.51666666666665,288,0
13940,839.14,4,516,2011-11-22 15:15:00,2011-07-18 16:05:00,16,4,839.14,4,4,3,11,Loyal,209.785,126,0
13941,5112.96,5,2364,2011-11-18 09:43:00,2010-12-02 10:17:00,21,5,5112.96,4,4,5,13,VIP,1022.592,350,0
13946,561.5699999999999,3,443,2011-09-21 13:33:00,2011-03-17 10:02:00,78,3,561.5699999999999,2,3,3,8,Potential Loyal,187.18999999999997,188,0
13947,90.6,1,44,2011-10-05 14:42:00,2011-10-05 14:42:00,64,1,90.6,3,1,1,5,At Risk,90.6,0,0
13948,102.0,1,40,2010-12-14 10:18:00,2010-12-14 10:18:00,360,1,102.0,1,1,1,3,Lost,102.0,0,1
13949,2427.32,6,2474,2011-12-07 09:35:00,2011-09-06 11:55:00,2,6,2427.32,5,5,5,15,VIP,404.55333333333334,91,0
13950,745.06,4,323,2011-11-28 14:44:00,2011-04-07 11:29:00,10,4,745.06,5,4,3,12,Loyal,186.265,235,0
13951,674.45,3,459,2011-06-16 16:43:00,2011-02-18 15:21:00,175,3,674.45,2,3,3,8,Potential Loyal,224.8166666666667,118,1
13952,3251.071,2,1431,2011-05-06 09:00:00,2011-04-15 09:27:00,217,2,3251.071,1,2,5,8,Potential Loyal,1625.5355,20,1
13953,3515.68,7,2724,2011-12-02 16:04:00,2010-12-22 10:29:00,6,7,3515.68,5,5,5,15,VIP,502.23999999999995,345,0
13954,439.92,2,150,2011-12-08 12:50:00,2011-09-30 10:52:00,1,2,439.92,5,3,2,10,Loyal,219.96,69,0
13955,322.96,2,154,2011-07-08 17:19:00,2011-02-07 12:24:00,153,2,322.96,2,3,2,7,Potential Loyal,161.48,151,1
13956,1019.27,5,486,2011-12-04 13:20:00,2011-03-13 12:51:00,4,5,1019.27,5,4,4,13,VIP,203.85399999999998,266,0
13959,594.04,3,355,2011-09-21 15:06:00,2010-12-12 13:56:00,78,3,594.04,2,3,3,8,Potential Loyal,198.01333333333332,283,0
13960,230.22,2,142,2011-11-18 15:27:00,2011-09-29 12:39:00,20,2,230.22,4,3,1,8,Potential Loyal,115.11,50,0
13962,169.55,2,87,2011-11-18 08:47:00,2011-04-08 11:21:00,21,2,169.55,4,3,1,8,Potential Loyal,84.775,223,0
13963,664.54,4,460,2011-02-04 14:43:00,2010-12-07 09:21:00,307,4,664.54,1,4,3,8,Potential Loyal,166.135,59,1
13967,80.7,1,42,2011-07-17 12:02:00,2011-07-17 12:02:00,145,1,80.7,2,1,1,4,Lost,80.7,0,1
13969,9024.17,18,4528,2011-12-02 15:11:00,2010-12-09 19:32:00,6,18,9024.17,5,5,5,15,VIP,501.34277777777777,357,0
13971,2758.26,8,1844,2011-11-21 12:06:00,2011-02-27 12:27:00,18,8,2758.26,4,5,5,14,VIP,344.7825,266,0
13972,190.25,2,187,2011-09-30 11:54:00,2011-05-22 11:34:00,70,2,190.25,3,3,1,7,Potential Loyal,95.125,131,0
13973,264.7,1,109,2011-02-25 15:21:00,2011-02-25 15:21:00,286,1,264.7,1,1,2,4,Lost,264.7,0,1
13974,413.59000000000003,1,249,2011-10-21 14:41:00,2011-10-21 14:41:00,48,1,413.59000000000003,3,1,2,6,At Risk,413.59000000000003,0,0
13975,2461.2400000000002,6,1697,2011-11-08 13:19:00,2011-03-08 12:19:00,30,6,2461.2400000000002,4,5,5,14,VIP,410.2066666666667,245,0
13976,357.98,1,154,2011-05-17 09:13:00,2011-05-17 09:13:00,206,1,357.98,1,1,2,4,Lost,357.98,0,1
13978,196.79000000000002,2,315,2011-11-25 11:36:00,2011-10-25 15:04:00,14,2,196.79000000000002,4,3,1,8,Potential Loyal,98.39500000000001,30,0
13979,869.87,1,639,2011-09-27 13:32:00,2011-09-27 13:32:00,72,1,869.87,2,1,3,6,At Risk,869.87,0,0
13980,200.14,1,172,2011-10-10 13:34:00,2011-10-10 13:34:00,59,1,200.14,3,1,1,5,At Risk,200.14,0,0
13982,1871.81,4,1136,2011-10-31 16:24:00,2010-12-09 13:57:00,38,4,1871.81,3,4,4,11,Loyal,467.9525,326,0
13983,2603.43,12,1183,2011-11-10 11:06:00,2010-12-08 10:38:00,29,12,2603.43,4,5,5,14,VIP,216.9525,337,0
13984,920.51,5,679,2011-11-13 12:38:00,2010-12-08 15:58:00,26,5,920.51,4,4,3,11,Loyal,184.102,339,0
13985,7060.13,15,3445,2011-12-05 17:06:00,2011-03-20 13:48:00,3,15,7060.13,5,5,5,15,VIP,470.67533333333336,260,0
13986,320.46,1,430,2011-11-22 15:00:00,2011-11-22 15:00:00,16,1,320.46,4,1,2,7,Potential Loyal,320.46,0,0
13988,4147.96,6,3044,2011-11-20 10:15:00,2011-03-30 11:48:00,19,6,4147.96,4,5,5,14,VIP,691.3266666666667,234,0
13989,1266.08,2,1313,2011-10-05 09:47:00,2011-04-14 15:39:00,65,2,1266.08,3,3,4,10,Loyal,633.04,173,0
13990,311.3,1,190,2011-05-10 15:19:00,2011-05-10 15:19:00,212,1,311.3,1,1,2,4,Lost,311.3,0,1
13991,852.88,6,995,2011-11-27 16:18:00,2011-07-19 12:58:00,11,6,852.88,5,5,3,13,VIP,142.14666666666668,131,0
13992,76.8,1,64,2011-11-09 15:23:00,2011-11-09 15:23:00,29,1,76.8,4,1,1,6,At Risk,76.8,0,0
13993,3466.36,9,900,2011-10-28 09:06:00,2011-01-13 10:43:00,42,9,3466.36,3,5,5,13,VIP,385.1511111111111,287,0
13994,2274.14,6,932,2011-12-06 11:05:00,2011-07-14 18:28:00,3,6,2274.14,5,5,5,15,VIP,379.0233333333333,144,0
13995,1393.69,5,879,2011-11-24 14:22:00,2011-04-08 08:20:00,14,5,1393.69,4,4,4,12,Loyal,278.738,230,0
13999,3901.81,12,2243,2011-11-29 13:40:00,2010-12-13 11:23:00,9,12,3901.81,5,5,5,15,VIP,325.1508333333333,351,0
14000,635.66,1,710,2011-05-12 16:50:00,2011-05-12 16:50:00,210,1,635.66,1,1,3,5,At Risk,635.66,0,1
14001,2043.0800000000002,3,962,2011-10-25 10:31:00,2010-12-01 12:58:00,45,3,2043.0800000000002,3,3,4,10,Loyal,681.0266666666668,327,0
14002,529.73,2,877,2011-07-28 15:55:00,2011-07-06 14:59:00,133,2,529.73,2,3,3,8,Potential Loyal,264.865,22,1
14004,4582.64,7,2668,2011-10-27 14:40:00,2011-02-24 09:28:00,42,7,4582.64,3,5,5,13,VIP,654.6628571428572,245,0
14005,2874.72,5,2478,2011-11-30 12:41:00,2011-05-08 10:33:00,9,5,2874.72,5,4,5,14,VIP,574.944,206,0
14006,962.19,3,641,2011-08-16 09:39:00,2011-01-31 15:11:00,115,3,962.19,2,3,4,9,Potential Loyal,320.73,196,1
14009,695.61,2,365,2011-05-25 15:47:00,2011-05-18 13:00:00,197,2,695.61,1,3,3,7,Potential Loyal,347.805,7,1
14012,328.8,1,160,2011-03-07 12:26:00,2011-03-07 12:26:00,277,1,328.8,1,1,2,4,Lost,328.8,0,1
14013,473.02,3,462,2011-08-21 15:01:00,2011-03-09 08:59:00,109,3,473.02,2,3,2,7,Potential Loyal,157.67333333333332,165,1
14014,505.18,1,1076,2011-09-23 13:18:00,2011-09-23 13:18:00,76,1,505.18,2,1,3,6,At Risk,505.18,0,0
14015,917.34,1,378,2011-10-18 10:02:00,2011-10-18 10:02:00,52,1,917.34,3,1,3,7,Potential Loyal,917.34,0,0
14016,4341.21,4,2125,2011-07-01 11:29:00,2010-12-17 14:21:00,161,4,4341.21,2,4,5,11,Loyal,1085.3025,195,1
14019,1421.61,3,1037,2011-10-24 10:13:00,2011-07-24 15:39:00,46,3,1421.61,3,3,4,10,Loyal,473.86999999999995,91,0
14020,642.8,2,441,2011-11-23 09:22:00,2011-09-12 15:32:00,16,2,642.8,4,3,3,10,Loyal,321.4,71,0
14021,631.9,3,192,2011-07-07 15:46:00,2011-03-28 15:10:00,154,3,631.9,2,3,3,8,Potential Loyal,210.63333333333333,101,1
14022,440.0,1,487,2011-04-28 14:39:00,2011-04-28 14:39:00,224,1,440.0,1,1,2,4,Lost,440.0,0,1
14023,584.07,2,345,2011-12-02 13:58:00,2011-04-03 15:50:00,6,2,584.07,5,3,3,11,Loyal,292.035,242,0
14024,327.7,2,150,2011-08-10 11:30:00,2011-08-07 13:31:00,121,2,327.7,2,3,2,7,Potential Loyal,163.85,2,1
14027,104.82,1,62,2011-10-10 09:01:00,2011-10-10 09:01:00,60,1,104.82,3,1,1,5,At Risk,104.82,0,0
14029,467.66,2,198,2011-10-07 14:46:00,2011-07-18 16:57:00,62,2,467.66,3,3,2,8,Potential Loyal,233.83,80,0
14030,2358.84,8,1478,2011-11-21 16:48:00,2010-12-08 16:11:00,17,8,2358.84,4,5,5,14,VIP,294.855,348,0
14031,17286.86,19,5788,2011-12-02 17:13:00,2010-12-02 16:34:00,6,19,17286.86,5,5,5,15,VIP,909.8347368421053,365,0
14032,2975.59,11,2032,2011-12-07 15:23:00,2010-12-08 10:53:00,1,11,2975.59,5,5,5,15,VIP,270.5081818181818,364,0
14034,648.89,3,420,2011-11-17 14:02:00,2011-07-05 13:06:00,21,3,648.89,4,3,3,10,Loyal,216.29666666666665,135,0
14035,1428.02,5,739,2011-11-11 10:03:00,2011-02-15 12:48:00,28,5,1428.02,4,4,4,12,Loyal,285.604,268,0
14036,626.65,1,268,2011-02-28 09:26:00,2011-02-28 09:26:00,284,1,626.65,1,1,3,5,At Risk,626.65,0,1
14037,147.20000000000002,2,46,2011-06-16 13:57:00,2010-12-10 11:39:00,175,2,147.20000000000002,2,3,1,6,At Risk,73.60000000000001,188,1
14038,1560.38,3,965,2011-09-22 13:37:00,2011-05-16 14:05:00,77,3,1560.38,2,3,4,9,Potential Loyal,520.1266666666667,128,0
14039,152.2,1,92,2011-11-06 13:48:00,2011-11-06 13:48:00,32,1,152.2,4,1,1,6,At Risk,152.2,0,0
14040,3560.32,12,1544,2011-10-30 12:42:00,2011-01-12 14:57:00,40,12,3560.32,3,5,5,13,VIP,296.6933333333333,290,0
14041,141.41,1,94,2011-03-18 13:25:00,2011-03-18 13:25:00,265,1,141.41,1,1,1,3,Lost,141.41,0,1
14044,646.42,4,304,2011-11-13 12:05:00,2011-02-03 11:39:00,26,4,646.42,4,4,3,11,Loyal,161.605,283,0
14045,1659.75,4,535,2011-08-22 15:27:00,2010-12-01 11:32:00,108,4,1659.75,2,4,4,10,Loyal,414.9375,264,1
14046,154.99,1,460,2011-02-28 14:48:00,2011-02-28 14:48:00,283,1,154.99,1,1,1,3,Lost,154.99,0,1
14047,1308.6100000000001,5,381,2011-12-01 11:43:00,2010-12-02 10:09:00,8,5,1308.6100000000001,5,4,4,13,VIP,261.72200000000004,364,0
14048,409.93,1,288,2011-02-07 14:53:00,2011-02-07 14:53:00,304,1,409.93,1,1,2,4,Lost,409.93,0,1
14049,5578.72,4,3808,2011-11-23 12:20:00,2011-01-26 11:27:00,16,4,5578.72,4,4,5,13,VIP,1394.68,301,0
14050,746.36,2,689,2011-11-08 10:00:00,2011-08-25 13:46:00,31,2,746.36,4,3,3,10,Loyal,373.18,74,0
14051,15610.390000000001,23,3756,2011-12-09 10:20:00,2010-12-08 12:49:00,0,23,15610.390000000001,5,5,5,15,VIP,678.7126086956522,365,0
14052,225.36,1,89,2011-11-20 12:30:00,2011-11-20 12:30:00,19,1,225.36,4,1,1,6,At Risk,225.36,0,0
14053,260.25,2,215,2011-08-07 14:27:00,2011-07-03 12:21:00,123,2,260.25,2,3,2,7,Potential Loyal,130.125,35,1
14054,92.46,1,62,2011-10-05 15:49:00,2011-10-05 15:49:00,64,1,92.46,3,1,1,5,At Risk,92.46,0,0
14055,725.6400000000001,1,216,2011-08-25 15:04:00,2011-08-25 15:04:00,105,1,725.6400000000001,2,1,3,6,At Risk,725.6400000000001,0,1
14056,8152.71,23,4252,2011-12-08 13:36:00,2011-02-28 15:19:00,0,23,8152.71,5,5,5,15,VIP,354.46565217391304,282,0
14057,6211.66,17,4873,2011-11-16 10:32:00,2010-12-14 12:11:00,23,17,6211.66,4,5,5,14,VIP,365.39176470588234,336,0
14059,183.6,1,128,2011-03-18 10:06:00,2011-03-18 10:06:00,266,1,183.6,1,1,1,3,Lost,183.6,0,1
14060,6140.42,19,5386,2011-12-05 12:29:00,2010-12-02 12:11:00,4,19,6140.42,5,5,5,15,VIP,323.18,368,0
14062,10464.85,12,5593,2011-11-30 10:04:00,2010-12-10 15:56:00,9,12,10464.85,5,5,5,15,VIP,872.0708333333333,354,0
14064,1334.34,5,1772,2011-11-10 13:14:00,2011-03-10 12:59:00,28,5,1334.34,4,4,4,12,Loyal,266.868,245,0
14066,152.55,1,45,2011-03-18 12:21:00,2011-03-18 12:21:00,266,1,152.55,1,1,1,3,Lost,152.55,0,1
14067,374.7,2,361,2011-10-07 10:21:00,2011-09-04 12:00:00,63,2,374.7,3,3,2,8,Potential Loyal,187.35,32,0
14068,265.85,1,73,2011-01-23 16:02:00,2011-01-23 16:02:00,319,1,265.85,1,1,2,4,Lost,265.85,0,1
14071,1437.57,8,994,2011-12-06 12:27:00,2011-03-20 11:33:00,3,8,1437.57,5,5,4,14,VIP,179.69625,261,0
14073,151.04,1,130,2011-11-07 15:49:00,2011-11-07 15:49:00,31,1,151.04,4,1,1,6,At Risk,151.04,0,0
14075,942.26,3,754,2011-12-05 08:38:00,2011-03-23 16:35:00,4,3,942.26,5,3,4,12,Loyal,314.08666666666664,256,0
14076,118.67,1,79,2011-08-02 15:19:00,2011-08-02 15:19:00,128,1,118.67,2,1,1,4,Lost,118.67,0,1
14077,499.41999999999996,5,268,2011-10-30 12:35:00,2011-03-10 15:52:00,40,5,499.41999999999996,3,4,3,10,Loyal,99.88399999999999,233,0
14078,1049.37,6,310,2011-08-30 12:16:00,2010-12-01 12:54:00,101,6,1049.37,2,5,4,11,Loyal,174.89499999999998,271,1
14079,375.1,1,301,2011-08-07 12:10:00,2011-08-07 12:10:00,124,1,375.1,2,1,2,5,At Risk,375.1,0,1
14080,45.599999999999994,1,48,2011-11-07 11:09:00,2011-11-07 11:09:00,32,1,45.599999999999994,4,1,1,6,At Risk,45.599999999999994,0,0
14081,921.62,2,592,2011-02-10 16:17:00,2010-12-05 15:47:00,301,2,921.62,1,3,3,7,Potential Loyal,460.81,67,1
14082,182.25,1,110,2010-12-10 11:02:00,2010-12-10 11:02:00,364,1,182.25,1,1,1,3,Lost,182.25,0,1
14083,1002.9,9,705,2011-12-05 13:14:00,2010-12-03 12:24:00,3,9,1002.9,5,5,4,14,VIP,111.43333333333334,367,0
14085,4421.29,18,3177,2011-12-07 13:46:00,2010-12-06 12:39:00,1,18,4421.29,5,5,5,15,VIP,245.62722222222223,366,0
14087,191.47,1,250,2011-12-07 12:41:00,2011-12-07 12:41:00,2,1,191.47,5,1,1,7,Potential Loyal,191.47,0,0
14088,50491.81,13,12665,2011-11-29 16:16:00,2011-01-21 13:07:00,9,13,50491.81,5,5,5,15,VIP,3883.9853846153846,312,0
14089,158.75,1,133,2011-10-14 10:38:00,2011-10-14 10:38:00,56,1,158.75,3,1,1,5,At Risk,158.75,0,0
14090,76.32000000000001,1,72,2011-01-19 10:51:00,2011-01-19 10:51:00,324,1,76.32000000000001,1,1,1,3,Lost,76.32000000000001,0,1
14092,4076.91,14,2066,2011-12-02 12:13:00,2010-12-16 15:47:00,7,14,4076.91,5,5,5,15,VIP,291.2078571428571,350,0
14093,433.86,1,391,2011-11-27 16:27:00,2011-11-27 16:27:00,11,1,433.86,5,1,2,8,Potential Loyal,433.86,0,0
14096,65164.79,17,16352,2011-12-05 17:17:00,2011-08-30 10:49:00,3,17,65164.79,5,5,5,15,VIP,3833.2229411764706,97,0
14098,147.35,1,104,2011-11-03 10:13:00,2011-11-03 10:13:00,36,1,147.35,3,1,1,5,At Risk,147.35,0,0
14099,3104.17,11,2179,2011-11-23 13:53:00,2010-12-20 11:14:00,15,11,3104.17,4,5,5,14,VIP,282.1972727272727,338,0
14100,191.95000000000002,1,63,2011-07-25 11:01:00,2011-07-25 11:01:00,137,1,191.95000000000002,2,1,1,4,Lost,191.95000000000002,0,1
14101,5976.79,6,6942,2011-09-27 12:28:00,2011-01-17 13:09:00,73,6,5976.79,2,5,5,12,Loyal,996.1316666666667,252,0
14102,1105.8799999999999,5,769,2011-12-04 15:38:00,2011-10-26 12:46:00,4,5,1105.8799999999999,5,4,4,13,VIP,221.176,39,0
14104,216.20999999999998,2,72,2011-07-08 12:50:00,2011-06-27 12:49:00,154,2,216.20999999999998,2,3,1,6,At Risk,108.10499999999999,11,1
14105,1266.23,1,800,2011-04-14 17:58:00,2011-04-14 17:58:00,238,1,1266.23,1,1,4,6,At Risk,1266.23,0,1
14107,2703.23,7,1793,2011-10-19 12:12:00,2010-12-10 13:29:00,51,7,2703.23,3,5,5,13,VIP,386.17571428571426,312,0
14108,597.91,2,381,2011-11-09 10:41:00,2011-08-30 11:32:00,30,2,597.91,4,3,3,10,Loyal,298.955,70,0
14109,144.2,1,88,2011-09-28 10:18:00,2011-09-28 10:18:00,72,1,144.2,2,1,1,4,Lost,144.2,0,0
14110,5683.15,12,2445,2011-12-06 12:26:00,2011-03-18 09:59:00,3,12,5683.15,5,5,5,15,VIP,473.5958333333333,263,0
14111,692.85,4,458,2011-11-25 13:44:00,2011-04-12 11:36:00,13,4,692.85,4,4,3,11,Loyal,173.2125,227,0
14112,2915.15,7,1651,2011-11-17 12:30:00,2011-03-09 11:28:00,22,7,2915.15,4,5,5,14,VIP,416.45,253,0
14113,1840.42,4,745,2011-12-06 12:18:00,2010-12-20 12:14:00,3,4,1840.42,5,4,4,13,VIP,460.105,351,0
14114,386.53,2,101,2011-03-11 09:42:00,2011-01-13 11:05:00,273,2,386.53,1,3,2,6,At Risk,193.265,56,1
14116,1382.74,5,707,2011-11-20 10:29:00,2011-08-10 12:44:00,19,5,1382.74,4,4,4,12,Loyal,276.548,101,0
14117,90.0,1,72,2011-07-19 09:49:00,2011-07-19 09:49:00,143,1,90.0,2,1,1,4,Lost,90.0,0,1
14121,2780.15,4,2082,2011-12-06 12:19:00,2011-10-11 10:39:00,3,4,2780.15,5,4,5,14,VIP,695.0375,56,0
14124,419.58000000000004,1,1618,2011-09-16 13:32:00,2011-09-16 13:32:00,83,1,419.58000000000004,2,1,2,5,At Risk,419.58000000000004,0,0
14125,2720.63,3,1628,2011-11-29 12:47:00,2011-09-22 15:40:00,10,3,2720.63,5,3,5,13,VIP,906.8766666666667,67,0
14126,706.1300000000001,3,508,2011-12-02 11:45:00,2011-11-29 12:21:00,7,3,706.1300000000001,5,3,3,11,Loyal,235.3766666666667,2,0
14127,709.71,3,321,2011-08-09 10:49:00,2011-02-02 12:26:00,122,3,709.71,2,3,3,8,Potential Loyal,236.57000000000002,187,1
14128,637.5,2,564,2011-10-10 12:00:00,2011-03-29 10:49:00,60,2,637.5,3,3,3,9,Potential Loyal,318.75,195,0
14129,1123.8600000000001,5,592,2011-12-08 11:02:00,2011-03-24 08:44:00,1,5,1123.8600000000001,5,4,4,13,VIP,224.77200000000002,259,0
14130,480.91,1,257,2011-01-24 16:05:00,2011-01-24 16:05:00,318,1,480.91,1,1,2,4,Lost,480.91,0,1
14132,3586.0299999999997,11,3368,2011-12-07 13:35:00,2011-06-09 12:04:00,1,11,3586.0299999999997,5,5,5,15,VIP,326.00272727272727,181,0
14133,605.64,3,348,2011-08-02 11:34:00,2011-01-28 11:27:00,129,3,605.64,2,3,3,8,Potential Loyal,201.88,186,1
14135,4690.31,15,3850,2011-12-08 11:38:00,2010-12-02 10:27:00,1,15,4690.31,5,5,5,15,VIP,312.68733333333336,371,0
14138,965.8800000000001,2,600,2011-12-08 12:44:00,2011-10-07 09:38:00,1,2,965.8800000000001,5,3,4,12,Loyal,482.94000000000005,62,0
14139,415.82,1,510,2011-10-24 13:34:00,2011-10-24 13:34:00,45,1,415.82,3,1,2,6,At Risk,415.82,0,0
14140,935.05,2,811,2011-12-06 09:05:00,2011-11-08 11:20:00,3,2,935.05,5,3,4,12,Loyal,467.525,27,0
14141,915.13,4,355,2011-12-07 09:53:00,2011-08-26 14:40:00,2,4,915.13,5,4,3,12,Loyal,228.7825,102,0
14142,311.81,1,313,2010-12-01 16:33:00,2010-12-01 16:33:00,372,1,311.81,1,1,2,4,Lost,311.81,0,1
14143,115.8,1,30,2011-07-29 09:48:00,2011-07-29 09:48:00,133,1,115.8,2,1,1,4,Lost,115.8,0,1
14145,3742.2,4,756,2011-10-24 12:10:00,2011-05-06 13:01:00,46,4,3742.2,3,4,5,12,Loyal,935.55,170,0
14146,4191.0,5,2437,2011-12-01 10:18:00,2010-12-17 15:52:00,8,5,4191.0,5,4,5,14,VIP,838.2,348,0
14147,483.4,2,108,2011-09-22 18:10:00,2011-02-27 11:42:00,77,2,483.4,2,3,2,7,Potential Loyal,241.7,207,0
14148,157.2,1,16,2011-04-20 12:02:00,2011-04-20 12:02:00,233,1,157.2,1,1,1,3,Lost,157.2,0,1
14149,446.62,1,218,2011-05-03 09:44:00,2011-05-03 09:44:00,220,1,446.62,1,1,2,4,Lost,446.62,0,1
14150,658.64,2,496,2011-11-04 10:05:00,2010-12-15 10:04:00,35,2,658.64,3,3,3,9,Potential Loyal,329.32,324,0
14152,621.29,2,711,2011-09-25 12:54:00,2011-04-19 15:46:00,74,2,621.29,2,3,3,8,Potential Loyal,310.645,158,0
14154,1345.62,2,465,2011-04-14 16:26:00,2011-04-14 15:58:00,238,2,1345.62,1,3,4,8,Potential Loyal,672.81,0,1
14155,118.75,1,25,2011-03-18 14:13:00,2011-03-18 14:13:00,265,1,118.75,1,1,1,3,Lost,118.75,0,1
14156,117210.08,55,57768,2011-11-30 10:54:00,2010-12-03 11:48:00,9,55,117210.08,5,5,5,15,VIP,2131.0923636363636,361,0
14157,424.89000000000004,2,271,2011-11-20 11:32:00,2011-02-27 13:04:00,19,2,424.89000000000004,4,3,2,9,Potential Loyal,212.44500000000002,265,0
14158,507.66,1,781,2011-10-30 15:08:00,2011-10-30 15:08:00,39,1,507.66,3,1,3,7,Potential Loyal,507.66,0,0
14159,4630.35,11,4348,2011-11-20 12:36:00,2010-12-12 11:17:00,19,11,4630.35,4,5,5,14,VIP,420.94090909090914,343,0
14161,1097.6200000000001,3,450,2011-05-08 11:41:00,2010-12-05 13:18:00,215,3,1097.6200000000001,1,3,4,8,Potential Loyal,365.8733333333334,153,1
14162,289.36,2,142,2011-06-19 11:36:00,2011-02-20 12:32:00,173,2,289.36,2,3,2,7,Potential Loyal,144.68,118,1
14163,2445.91,4,893,2011-09-13 15:18:00,2011-04-14 17:33:00,86,4,2445.91,2,4,5,11,Loyal,611.4775,151,0
14164,1631.77,2,1033,2011-09-30 12:24:00,2011-09-20 12:18:00,70,2,1631.77,3,3,4,10,Loyal,815.885,10,0
14165,120.44,1,53,2011-03-09 12:39:00,2011-03-09 12:39:00,275,1,120.44,1,1,1,3,Lost,120.44,0,1
14167,562.59,4,147,2011-10-31 14:29:00,2011-01-12 15:44:00,38,4,562.59,3,4,3,10,Loyal,140.6475,291,0
14171,363.79,1,167,2011-09-02 16:43:00,2011-09-02 16:43:00,97,1,363.79,2,1,2,5,At Risk,363.79,0,1
14173,450.84,4,150,2011-11-29 11:54:00,2011-05-04 14:03:00,10,4,450.84,5,4,2,11,Loyal,112.71,208,0
14174,134.46,1,94,2011-11-06 13:17:00,2011-11-06 13:17:00,32,1,134.46,4,1,1,6,At Risk,134.46,0,0
14175,3222.3,3,1515,2011-10-11 11:55:00,2011-01-14 12:22:00,59,3,3222.3,3,3,5,11,Loyal,1074.1000000000001,269,0
14176,576.9000000000001,4,209,2011-02-15 13:12:00,2010-12-07 11:45:00,296,4,576.9000000000001,1,4,3,8,Potential Loyal,144.22500000000002,70,1
14177,549.46,4,204,2011-09-14 15:11:00,2011-06-13 11:10:00,85,4,549.46,2,4,3,9,Potential Loyal,137.365,93,0
14178,1600.26,7,1494,2011-12-01 12:01:00,2011-06-10 12:51:00,8,7,1600.26,5,5,4,14,VIP,228.60857142857142,173,0
14179,701.57,2,319,2011-10-30 12:07:00,2011-10-18 14:00:00,40,2,701.57,3,3,3,9,Potential Loyal,350.785,11,0
14180,4748.52,25,719,2011-11-29 10:56:00,2010-12-02 13:08:00,10,25,4748.52,5,5,5,15,VIP,189.94080000000002,361,0
14184,452.89,1,127,2011-10-04 12:43:00,2011-10-04 12:43:00,66,1,452.89,3,1,2,6,At Risk,452.89,0,0
14185,197.65,1,6,2011-01-12 13:52:00,2011-01-12 13:52:00,330,1,197.65,1,1,1,3,Lost,197.65,0,1
14188,2054.36,6,1162,2011-11-09 12:45:00,2011-02-02 13:46:00,30,6,2054.36,4,5,4,13,VIP,342.3933333333334,279,0
14189,4654.08,15,3937,2011-12-07 15:55:00,2010-12-06 11:42:00,1,15,4654.08,5,5,5,15,VIP,310.272,366,0
14191,4684.76,13,3662,2011-12-08 09:23:00,2011-05-03 10:30:00,1,13,4684.76,5,5,5,15,VIP,360.36615384615385,218,0
14193,853.39,2,445,2011-10-03 09:34:00,2011-03-15 11:38:00,67,2,853.39,3,3,3,9,Potential Loyal,426.695,201,0
14194,11349.52,21,5840,2011-12-05 10:38:00,2011-02-04 14:51:00,4,21,11349.52,5,5,5,15,VIP,540.4533333333334,303,0
14195,1012.0,2,760,2011-05-22 10:29:00,2011-04-01 16:50:00,201,2,1012.0,1,3,4,8,Potential Loyal,506.0,50,1
14196,335.52,1,142,2011-08-25 10:25:00,2011-08-25 10:25:00,106,1,335.52,2,1,2,5,At Risk,335.52,0,1
14198,701.4,4,290,2011-11-21 16:35:00,2011-04-14 14:54:00,17,4,701.4,4,4,3,11,Loyal,175.35,221,0
14199,185.39999999999998,1,28,2011-05-05 13:44:00,2011-05-05 13:44:00,217,1,185.39999999999998,1,1,1,3,Lost,185.39999999999998,0,1
14201,747.44,7,590,2011-10-10 13:27:00,2010-12-15 13:25:00,59,7,747.44,3,5,3,11,Loyal,106.77714285714286,299,0
14204,150.61,1,72,2011-12-07 13:38:00,2011-12-07 13:38:00,1,1,150.61,5,1,1,7,Potential Loyal,150.61,0,0
14205,466.7,2,204,2011-11-23 10:55:00,2011-03-20 15:07:00,16,2,466.7,4,3,2,9,Potential Loyal,233.35,247,0
14206,328.15999999999997,1,276,2011-04-14 16:38:00,2011-04-14 16:38:00,238,1,328.15999999999997,1,1,2,4,Lost,328.15999999999997,0,1
14208,151.74,1,114,2011-09-06 12:48:00,2011-09-06 12:48:00,94,1,151.74,2,1,1,4,Lost,151.74,0,1
14209,2073.43,6,691,2011-11-29 10:18:00,2011-01-11 12:56:00,10,6,2073.43,5,5,5,15,VIP,345.57166666666666,321,0
14210,1905.8400000000001,6,760,2011-08-26 12:36:00,2010-12-03 12:43:00,105,6,1905.8400000000001,2,5,4,11,Loyal,317.64000000000004,265,1
14211,2241.1,9,1242,2011-10-17 13:23:00,2011-02-17 15:50:00,52,9,2241.1,3,5,5,13,VIP,249.0111111111111,241,0
14212,1070.48,1,1152,2011-09-11 12:45:00,2011-09-11 12:45:00,89,1,1070.48,2,1,4,7,Potential Loyal,1070.48,0,0
14214,1004.38,5,751,2011-11-09 10:31:00,2011-03-07 12:26:00,30,5,1004.38,4,4,4,12,Loyal,200.876,246,0
14215,1789.72,6,1358,2011-11-28 12:19:00,2010-12-06 15:34:00,11,6,1789.72,5,5,4,14,VIP,298.2866666666667,356,0
14216,1839.3,4,594,2011-12-06 14:56:00,2011-11-02 10:51:00,2,4,1839.3,5,4,4,13,VIP,459.825,34,0
14217,2004.98,17,689,2011-12-08 11:53:00,2010-12-08 13:28:00,1,17,2004.98,5,5,4,14,VIP,117.94,364,0
14218,169.48000000000002,1,160,2011-10-28 10:00:00,2011-10-28 10:00:00,42,1,169.48000000000002,3,1,1,5,At Risk,169.48000000000002,0,0
14219,89.94,1,78,2011-12-05 16:23:00,2011-12-05 16:23:00,3,1,89.94,5,1,1,7,Potential Loyal,89.94,0,0
14220,632.4,2,272,2011-04-06 13:23:00,2010-12-16 18:18:00,246,2,632.4,1,3,3,7,Potential Loyal,316.2,110,1
14221,3432.8,9,2191,2011-10-28 13:42:00,2011-01-04 15:33:00,41,9,3432.8,3,5,5,13,VIP,381.4222222222222,296,0
14222,683.17,1,607,2011-06-15 16:42:00,2011-06-15 16:42:00,176,1,683.17,2,1,3,6,At Risk,683.17,0,1
14223,991.13,3,585,2011-09-08 13:38:00,2011-03-20 16:02:00,91,3,991.13,2,3,4,9,Potential Loyal,330.37666666666667,171,1
14224,1009.73,4,483,2011-08-21 13:24:00,2011-01-23 13:58:00,109,4,1009.73,2,4,4,10,Loyal,252.4325,209,1
14226,2214.79,5,1296,2011-11-11 11:34:00,2011-03-15 15:36:00,28,5,2214.79,4,4,5,13,VIP,442.95799999999997,240,0
14227,3350.96,10,1820,2011-11-13 15:48:00,2011-02-28 12:27:00,25,10,3350.96,4,5,5,14,VIP,335.096,258,0
14229,1547.2,3,610,2011-10-19 10:04:00,2011-01-10 12:03:00,51,3,1547.2,3,3,4,10,Loyal,515.7333333333333,281,0
14231,925.71,3,409,2011-06-09 11:05:00,2011-02-24 11:55:00,183,3,925.71,1,3,3,7,Potential Loyal,308.57,104,1
14232,2048.07,5,1941,2011-10-28 11:09:00,2011-03-20 12:44:00,42,5,2048.07,3,4,4,11,Loyal,409.61400000000003,221,0
14233,1462.72,4,680,2011-10-21 15:54:00,2011-01-26 12:43:00,48,4,1462.72,3,4,4,11,Loyal,365.68,268,0
14234,754.12,4,951,2011-11-17 17:53:00,2011-10-13 13:58:00,21,4,754.12,4,4,3,11,Loyal,188.53,35,0
14235,3144.86,5,1959,2011-09-25 14:37:00,2011-03-24 13:23:00,74,5,3144.86,2,4,5,11,Loyal,628.972,185,0
14236,490.86,2,310,2011-09-20 09:13:00,2010-12-02 18:49:00,80,2,490.86,2,3,3,8,Potential Loyal,245.43,291,0
14237,161.0,1,38,2010-12-01 13:20:00,2010-12-01 13:20:00,372,1,161.0,1,1,1,3,Lost,161.0,0,1
14238,146.85,1,111,2011-01-17 14:40:00,2011-01-17 14:40:00,325,1,146.85,1,1,1,3,Lost,146.85,0,1
14239,2380.85,11,993,2011-10-27 14:40:00,2011-01-27 14:45:00,42,11,2380.85,3,5,5,13,VIP,216.4409090909091,272,0
14240,890.34,2,418,2011-11-09 13:45:00,2011-04-28 11:40:00,29,2,890.34,4,3,3,10,Loyal,445.17,195,0
14241,213.70000000000002,1,146,2011-06-09 11:46:00,2011-06-09 11:46:00,183,1,213.70000000000002,1,1,1,3,Lost,213.70000000000002,0,1
14242,280.55,2,123,2011-04-19 11:46:00,2011-01-18 08:53:00,234,2,280.55,1,3,2,6,At Risk,140.275,91,1
14243,2588.77,10,1221,2011-12-01 11:12:00,2010-12-09 08:34:00,8,10,2588.77,5,5,5,15,VIP,258.877,357,0
14245,1693.45,2,976,2011-05-04 08:40:00,2011-03-21 10:41:00,219,2,1693.45,1,3,4,8,Potential Loyal,846.725,43,1
14246,1474.06,3,804,2011-08-21 11:50:00,2011-04-08 08:25:00,110,3,1474.06,2,3,4,9,Potential Loyal,491.3533333333333,135,1
14247,136.76999999999998,1,47,2011-03-06 15:21:00,2011-03-06 15:21:00,277,1,136.76999999999998,1,1,1,3,Lost,136.76999999999998,0,1
14248,302.58,1,102,2011-01-25 14:45:00,2011-01-25 14:45:00,317,1,302.58,1,1,2,4,Lost,302.58,0,1
14250,1904.05,3,1200,2011-12-02 14:30:00,2011-09-11 13:44:00,6,3,1904.05,5,3,4,12,Loyal,634.6833333333333,82,0
14251,2879.7000000000003,5,1674,2011-12-08 08:32:00,2011-10-13 12:46:00,1,5,2879.7000000000003,5,4,5,14,VIP,575.94,55,0
14256,969.0600000000001,2,414,2011-03-24 13:17:00,2010-12-10 11:44:00,259,2,969.0600000000001,1,3,4,8,Potential Loyal,484.53000000000003,104,1
14257,3099.7200000000003,5,1682,2011-10-06 16:54:00,2011-01-25 10:49:00,63,5,3099.7200000000003,3,4,5,12,Loyal,619.9440000000001,254,0
14258,12669.98,9,7100,2011-11-30 15:27:00,2011-01-06 12:18:00,8,9,12669.98,5,5,5,15,VIP,1407.7755555555555,328,0
14259,120.0,1,68,2011-07-21 10:44:00,2011-07-21 10:44:00,141,1,120.0,2,1,1,4,Lost,120.0,0,1
14261,1163.45,2,406,2011-10-20 10:04:00,2011-09-22 10:47:00,50,2,1163.45,3,3,4,10,Loyal,581.725,27,0
14262,2618.23,8,1645,2011-12-01 14:17:00,2011-04-13 12:23:00,7,8,2618.23,5,5,5,15,VIP,327.27875,232,0
14264,333.97,2,70,2011-07-08 10:20:00,2011-04-08 12:20:00,154,2,333.97,2,3,2,7,Potential Loyal,166.985,90,1
14265,530.18,2,330,2011-08-22 13:32:00,2011-07-14 09:10:00,108,2,530.18,2,3,3,8,Potential Loyal,265.09,39,1
14267,1516.24,3,530,2011-06-30 10:09:00,2011-03-24 11:38:00,162,3,1516.24,2,3,4,9,Potential Loyal,505.41333333333336,97,1
14270,492.65000000000003,1,197,2011-01-12 09:33:00,2011-01-12 09:33:00,331,1,492.65000000000003,1,1,3,5,At Risk,492.65000000000003,0,1
14271,112.32,1,88,2011-04-28 12:47:00,2011-04-28 12:47:00,225,1,112.32,1,1,1,3,Lost,112.32,0,1
14272,437.96,2,599,2011-09-27 10:08:00,2011-03-30 13:57:00,73,2,437.96,2,3,2,7,Potential Loyal,218.98,180,0
14273,559.97,4,264,2011-10-19 13:20:00,2011-04-11 13:24:00,50,4,559.97,3,4,3,10,Loyal,139.9925,190,0
14276,1119.74,3,744,2011-09-02 09:45:00,2011-02-23 09:38:00,98,3,1119.74,2,3,4,9,Potential Loyal,373.24666666666667,191,1
14277,4188.0,3,1976,2011-11-24 15:01:00,2011-05-11 13:20:00,14,3,4188.0,4,3,5,12,Loyal,1396.0,197,0
14280,134.04,1,52,2011-05-27 10:37:00,2011-05-27 10:37:00,196,1,134.04,1,1,1,3,Lost,134.04,0,1
14282,3701.44,15,2656,2011-12-06 17:04:00,2010-12-07 12:21:00,2,15,3701.44,5,5,5,15,VIP,246.76266666666666,364,0
14284,595.25,2,161,2011-11-09 08:11:00,2011-09-14 13:04:00,30,2,595.25,4,3,3,10,Loyal,297.625,55,0
14285,1910.01,4,541,2011-11-18 14:50:00,2011-06-16 12:36:00,20,4,1910.01,4,4,4,12,Loyal,477.5025,155,0
14286,4628.75,3,4338,2011-11-16 10:34:00,2011-04-11 08:16:00,23,3,4628.75,4,3,5,12,Loyal,1542.9166666666667,219,0
14287,176.63,3,261,2011-12-01 13:25:00,2011-05-25 11:41:00,7,3,176.63,5,3,1,9,Potential Loyal,58.876666666666665,190,0
14288,426.6,1,188,2011-05-10 13:22:00,2011-05-10 13:22:00,212,1,426.6,1,1,2,4,Lost,426.6,0,1
14289,911.26,6,292,2011-12-01 11:44:00,2011-02-23 12:33:00,8,6,911.26,5,5,3,13,VIP,151.87666666666667,280,0
14290,2314.65,5,915,2011-11-28 14:02:00,2010-12-13 10:24:00,10,5,2314.65,5,4,5,14,VIP,462.93,350,0
14291,3883.25,11,2749,2011-12-08 10:26:00,2011-03-09 15:20:00,1,11,3883.25,5,5,5,15,VIP,353.02272727272725,273,0
14292,4871.93,9,1663,2011-12-02 11:50:00,2011-03-02 08:26:00,7,9,4871.93,5,5,5,15,VIP,541.3255555555556,275,0
14293,1046.56,4,709,2011-12-06 15:17:00,2010-12-06 10:18:00,2,4,1046.56,5,4,4,13,VIP,261.64,365,0
14295,166.20000000000002,1,84,2011-10-30 15:50:00,2011-10-30 15:50:00,39,1,166.20000000000002,3,1,1,5,At Risk,166.20000000000002,0,0
14297,1305.33,4,865,2011-11-22 09:06:00,2011-03-10 08:31:00,17,4,1305.33,4,4,4,12,Loyal,326.3325,257,0
14298,51527.3,44,58343,2011-12-01 13:12:00,2010-12-14 12:59:00,7,44,51527.3,5,5,5,15,VIP,1171.075,352,0
14299,3965.62,9,2149,2011-12-01 16:05:00,2010-12-09 10:30:00,7,9,3965.62,5,5,5,15,VIP,440.6244444444444,357,0
14300,43.2,1,32,2011-11-21 08:57:00,2011-11-21 08:57:00,18,1,43.2,4,1,1,6,At Risk,43.2,0,0
14301,640.14,1,606,2011-08-14 15:33:00,2011-08-14 15:33:00,116,1,640.14,2,1,3,6,At Risk,640.14,0,1
14304,383.45,1,139,2011-05-01 11:50:00,2011-05-01 11:50:00,222,1,383.45,1,1,2,4,Lost,383.45,0,1
14305,1858.96,3,1089,2011-09-29 15:29:00,2011-07-27 14:14:00,70,3,1858.96,3,3,4,10,Loyal,619.6533333333333,64,0
14306,2093.32,2,1075,2011-10-19 13:23:00,2011-09-15 10:31:00,50,2,2093.32,3,3,5,11,Loyal,1046.66,34,0
14307,2995.72,6,2058,2011-09-12 09:38:00,2010-12-01 11:41:00,88,6,2995.72,2,5,5,12,Loyal,499.28666666666663,284,0
14309,2352.53,9,1633,2011-12-01 13:33:00,2010-12-16 13:05:00,7,9,2352.53,5,5,5,15,VIP,261.39222222222224,350,0
14311,310.26,1,146,2011-04-11 10:14:00,2011-04-11 10:14:00,242,1,310.26,1,1,2,4,Lost,310.26,0,1
14312,1611.59,6,1012,2011-10-24 09:46:00,2011-01-06 16:35:00,46,6,1611.59,3,5,4,12,Loyal,268.5983333333333,290,0
14314,120.0,1,296,2011-08-25 10:39:00,2011-08-25 10:39:00,106,1,120.0,2,1,1,4,Lost,120.0,0,1
14315,2481.13,6,1021,2011-10-26 12:06:00,2011-03-18 12:59:00,44,6,2481.13,3,5,5,13,VIP,413.5216666666667,221,0
14317,508.58000000000004,1,255,2011-10-06 10:44:00,2011-10-06 10:44:00,64,1,508.58000000000004,3,1,3,7,Potential Loyal,508.58000000000004,0,0
14320,477.79,2,325,2011-05-17 09:24:00,2011-01-11 09:12:00,206,2,477.79,1,3,2,6,At Risk,238.895,126,1
14321,1530.75,5,2406,2011-11-29 09:47:00,2011-01-10 11:35:00,10,5,1530.75,5,4,4,13,VIP,306.15,322,0
14323,605.0600000000001,2,350,2011-08-17 11:37:00,2011-04-15 11:44:00,114,2,605.0600000000001,2,3,3,8,Potential Loyal,302.53000000000003,123,1
14326,183.85,1,103,2011-04-11 15:04:00,2011-04-11 15:04:00,241,1,183.85,1,1,1,3,Lost,183.85,0,1
14327,311.65,1,139,2011-06-29 13:58:00,2011-06-29 13:58:00,162,1,311.65,2,1,2,5,At Risk,311.65,0,1
14329,4975.24,7,3087,2011-11-22 15:50:00,2011-01-14 13:42:00,16,7,4975.24,4,5,5,14,VIP,710.7485714285714,312,0
14331,462.65999999999997,2,252,2011-08-07 13:17:00,2011-07-27 15:14:00,123,2,462.65999999999997,2,3,2,7,Potential Loyal,231.32999999999998,10,1
14332,840.21,3,463,2011-11-17 11:54:00,2011-07-15 10:33:00,22,3,840.21,4,3,3,10,Loyal,280.07,125,0
14333,415.2,1,58,2011-10-03 10:38:00,2011-10-03 10:38:00,67,1,415.2,3,1,2,6,At Risk,415.2,0,0
14334,2552.21,8,1731,2011-11-23 10:01:00,2010-12-16 17:37:00,16,8,2552.21,4,5,5,14,VIP,319.02625,341,0
14335,454.86,2,375,2011-11-23 13:41:00,2011-09-04 13:07:00,15,2,454.86,4,3,2,9,Potential Loyal,227.43,80,0
14336,1614.91,4,1759,2011-11-23 11:40:00,2011-03-08 16:48:00,16,4,1614.91,4,4,4,12,Loyal,403.7275,259,0
14338,588.22,2,335,2011-07-01 14:08:00,2011-05-27 13:30:00,160,2,588.22,2,3,3,8,Potential Loyal,294.11,35,1
14339,309.52,1,168,2011-04-11 11:06:00,2011-04-11 11:06:00,242,1,309.52,1,1,2,4,Lost,309.52,0,1
14340,134.7,1,58,2011-05-05 09:44:00,2011-05-05 09:44:00,218,1,134.7,1,1,1,3,Lost,134.7,0,1
14341,2166.98,8,1397,2011-10-25 15:48:00,2011-01-25 13:55:00,44,8,2166.98,3,5,5,13,VIP,270.8725,273,0
14342,668.5600000000001,4,347,2011-11-18 13:21:00,2011-05-13 13:50:00,20,4,668.5600000000001,4,4,3,11,Loyal,167.14000000000001,188,0
14344,889.9300000000001,8,477,2011-08-04 13:51:00,2010-12-06 11:58:00,126,8,889.9300000000001,2,5,3,10,Loyal,111.24125000000001,241,1
14345,108.97999999999999,1,50,2011-11-01 09:51:00,2011-11-01 09:51:00,38,1,108.97999999999999,3,1,1,5,At Risk,108.97999999999999,0,0
14346,1021.58,2,605,2011-08-11 09:47:00,2011-02-15 13:52:00,120,2,1021.58,2,3,4,9,Potential Loyal,510.79,176,1
14348,409.57,1,183,2011-03-24 16:23:00,2011-03-24 16:23:00,259,1,409.57,1,1,2,4,Lost,409.57,0,1
14349,133.5,1,86,2011-11-29 15:39:00,2011-11-29 15:39:00,9,1,133.5,5,1,1,7,Potential Loyal,133.5,0,0
14350,282.93,1,183,2011-03-10 14:14:00,2011-03-10 14:14:00,273,1,282.93,1,1,2,4,Lost,282.93,0,1
14351,51.0,1,12,2011-06-28 11:56:00,2011-06-28 11:56:00,164,1,51.0,2,1,1,4,Lost,51.0,0,1
14352,1078.96,4,538,2011-07-05 15:41:00,2011-03-11 14:58:00,156,4,1078.96,2,4,4,10,Loyal,269.74,116,1
14353,90.6,1,64,2011-05-08 16:06:00,2011-05-08 16:06:00,214,1,90.6,1,1,1,3,Lost,90.6,0,1
14354,163.62,2,210,2011-12-04 11:32:00,2011-11-09 15:36:00,5,2,163.62,5,3,1,9,Potential Loyal,81.81,24,0
14355,174.4,1,92,2010-12-09 12:16:00,2010-12-09 12:16:00,365,1,174.4,1,1,1,3,Lost,174.4,0,1
14356,701.23,2,277,2011-09-21 09:18:00,2011-09-19 14:43:00,79,2,701.23,2,3,3,8,Potential Loyal,350.615,1,0
14357,225.12,1,147,2011-10-27 16:23:00,2011-10-27 16:23:00,42,1,225.12,3,1,1,5,At Risk,225.12,0,0
14359,912.18,3,371,2011-11-20 13:17:00,2011-09-13 09:03:00,18,3,912.18,4,3,3,10,Loyal,304.06,68,0
14360,2118.03,4,1139,2011-11-08 09:12:00,2011-09-06 11:58:00,31,4,2118.03,4,4,5,13,VIP,529.5075,62,0
14362,151.5,1,96,2011-11-17 15:08:00,2011-11-17 15:08:00,21,1,151.5,4,1,1,6,At Risk,151.5,0,0
14364,3717.35,8,1967,2011-08-23 11:01:00,2011-05-12 12:56:00,108,8,3717.35,2,5,5,12,Loyal,464.66875,102,1
14367,9227.82,16,4426,2011-12-01 13:19:00,2011-03-08 14:12:00,7,16,9227.82,5,5,5,15,VIP,576.73875,267,0
14368,155.0,1,36,2011-01-24 09:52:00,2011-01-24 09:52:00,319,1,155.0,1,1,1,3,Lost,155.0,0,1
14371,100.5,1,34,2011-02-17 16:35:00,2011-02-17 16:35:00,294,1,100.5,1,1,1,3,Lost,100.5,0,1
14373,76.55,1,17,2010-12-16 15:40:00,2010-12-16 15:40:00,357,1,76.55,1,1,1,3,Lost,76.55,0,1
14375,235.56,1,184,2011-06-07 13:44:00,2011-06-07 13:44:00,184,1,235.56,1,1,1,3,Lost,235.56,0,1
14377,617.05,2,219,2011-06-01 13:32:00,2011-03-22 13:38:00,190,2,617.05,1,3,3,7,Potential Loyal,308.525,70,1
14379,348.1,2,292,2011-10-26 16:43:00,2011-02-17 15:03:00,43,2,348.1,3,3,2,8,Potential Loyal,174.05,251,0
14381,202.68,1,146,2011-10-18 17:10:00,2011-10-18 17:10:00,51,1,202.68,3,1,1,5,At Risk,202.68,0,0
14382,615.49,1,1231,2011-11-13 16:18:00,2011-11-13 16:18:00,25,1,615.49,4,1,3,8,Potential Loyal,615.49,0,0
14383,1247.69,3,817,2011-11-01 15:53:00,2011-06-29 10:18:00,37,3,1247.69,3,3,4,10,Loyal,415.8966666666667,125,0
14385,202.11,3,159,2011-11-30 15:36:00,2011-11-16 11:55:00,8,3,202.11,5,3,1,9,Potential Loyal,67.37,14,0
14386,142.4,1,54,2011-02-16 09:45:00,2011-02-16 09:45:00,296,1,142.4,1,1,1,3,Lost,142.4,0,1
14387,1727.6,3,795,2011-11-07 12:29:00,2011-08-22 14:13:00,32,3,1727.6,4,3,4,11,Loyal,575.8666666666667,76,0
14388,3212.84,8,1941,2011-11-29 13:32:00,2010-12-02 11:02:00,9,8,3212.84,5,5,5,15,VIP,401.605,362,0
14389,1043.46,2,729,2011-10-05 15:17:00,2011-06-02 12:04:00,64,2,1043.46,3,3,4,10,Loyal,521.73,125,0
14390,4642.57,9,2133,2011-11-29 13:49:00,2010-12-02 11:57:00,9,9,4642.57,5,5,5,15,VIP,515.8411111111111,362,0
14393,67.95,1,13,2011-05-05 18:16:00,2011-05-05 18:16:00,217,1,67.95,1,1,1,3,Lost,67.95,0,1
14395,3479.91,9,1689,2011-12-07 14:34:00,2010-12-02 18:15:00,1,9,3479.91,5,5,5,15,VIP,386.65666666666664,369,0
14396,487.99,2,225,2011-10-05 16:09:00,2010-12-03 15:19:00,64,2,487.99,3,3,3,9,Potential Loyal,243.995,306,0
14397,2612.96,19,1890,2011-12-07 09:22:00,2011-05-10 12:25:00,2,19,2612.96,5,5,5,15,VIP,137.52421052631578,210,0
14400,574.7,1,454,2011-07-13 15:50:00,2011-07-13 15:50:00,148,1,574.7,2,1,3,6,At Risk,574.7,0,1
14401,4051.48,13,4507,2011-12-05 13:30:00,2010-12-15 09:07:00,3,13,4051.48,5,5,5,15,VIP,311.6523076923077,355,0
14403,1475.81,4,519,2011-08-01 12:57:00,2011-04-06 14:23:00,129,4,1475.81,2,4,4,10,Loyal,368.9525,116,1
14404,1449.32,6,827,2011-11-06 12:30:00,2010-12-05 16:00:00,33,6,1449.32,3,5,4,12,Loyal,241.5533333333333,335,0
14406,156.75,1,77,2011-08-12 16:54:00,2011-08-12 16:54:00,118,1,156.75,2,1,1,4,Lost,156.75,0,1
14407,2157.73,6,1415,2011-08-24 14:02:00,2011-03-08 11:59:00,106,6,2157.73,2,5,5,12,Loyal,359.62166666666667,169,1
14408,2599.03,7,1610,2011-11-29 11:41:00,2011-03-20 14:41:00,10,7,2599.03,5,5,5,15,VIP,371.29,253,0
14409,2059.4500000000003,6,1230,2011-09-29 18:18:00,2010-12-06 15:03:00,70,6,2059.4500000000003,3,5,5,13,VIP,343.24166666666673,297,0
14410,1100.27,9,567,2011-09-08 15:08:00,2011-02-07 09:36:00,91,9,1100.27,2,5,4,11,Loyal,122.25222222222222,213,1
14411,1063.0,1,196,2011-02-02 10:56:00,2011-02-02 10:56:00,310,1,1063.0,1,1,4,6,At Risk,1063.0,0,1
14412,770.03,2,786,2011-10-28 10:45:00,2011-09-28 08:48:00,42,2,770.03,3,3,3,9,Potential Loyal,385.015,30,0
14413,121.05,1,67,2010-12-12 13:37:00,2010-12-12 13:37:00,361,1,121.05,1,1,1,3,Lost,121.05,0,1
14414,1496.98,7,2512,2011-09-09 12:09:00,2010-12-16 11:11:00,91,7,1496.98,2,5,4,11,Loyal,213.8542857142857,267,1
14415,5855.57,13,2996,2011-12-08 14:38:00,2010-12-14 13:31:00,0,13,5855.57,5,5,5,15,VIP,450.42846153846153,359,0
14416,490.22,2,326,2011-11-17 15:22:00,2011-10-28 15:10:00,21,2,490.22,4,3,3,10,Loyal,245.11,20,0
14418,1937.25,3,1711,2011-12-06 11:39:00,2011-08-23 17:18:00,3,3,1937.25,5,3,4,12,Loyal,645.75,104,0
14419,1051.79,6,483,2011-11-29 11:22:00,2010-12-10 10:56:00,10,6,1051.79,5,5,4,14,VIP,175.29833333333332,354,0
14420,387.52,1,334,2011-09-01 18:07:00,2011-09-01 18:07:00,98,1,387.52,2,1,2,5,At Risk,387.52,0,1
14421,813.11,2,365,2011-10-13 13:24:00,2011-05-12 10:49:00,56,2,813.11,3,3,3,9,Potential Loyal,406.555,154,0
14422,4263.64,6,2906,2011-12-09 11:26:00,2011-03-17 17:26:00,0,6,4263.64,5,5,5,15,VIP,710.6066666666667,266,0
14423,265.2,1,120,2011-05-05 15:12:00,2011-05-05 15:12:00,217,1,265.2,1,1,2,4,Lost,265.2,0,1
14424,322.08,1,48,2011-11-22 11:48:00,2011-11-22 11:48:00,17,1,322.08,4,1,2,7,Potential Loyal,322.08,0,0
14426,4481.67,10,2699,2011-11-16 12:25:00,2011-01-31 09:51:00,23,10,4481.67,4,5,5,14,VIP,448.16700000000003,289,0
14427,363.34000000000003,2,228,2011-10-20 14:23:00,2011-10-07 09:10:00,49,2,363.34000000000003,3,3,2,8,Potential Loyal,181.67000000000002,13,0
14428,1224.06,5,428,2011-12-02 13:17:00,2011-01-18 16:39:00,6,5,1224.06,5,4,4,13,VIP,244.81199999999998,317,0
14431,470.36,1,130,2011-02-10 10:40:00,2011-02-10 10:40:00,302,1,470.36,1,1,2,4,Lost,470.36,0,1
14432,2248.5,6,2013,2011-11-30 08:04:00,2011-09-11 14:09:00,9,6,2248.5,5,5,5,15,VIP,374.75,79,0
14434,1372.8,6,368,2011-11-18 08:56:00,2011-09-28 15:31:00,21,6,1372.8,4,5,4,13,VIP,228.79999999999998,50,0
14436,89.06,1,129,2011-09-02 10:13:00,2011-09-02 10:13:00,98,1,89.06,2,1,1,4,Lost,89.06,0,1
14437,63.0,1,60,2010-12-09 09:27:00,2010-12-09 09:27:00,365,1,63.0,1,1,1,3,Lost,63.0,0,1
14438,131.9,1,82,2011-02-06 14:56:00,2011-02-06 14:56:00,305,1,131.9,1,1,1,3,Lost,131.9,0,1
14439,2661.24,1,526,2011-01-24 11:39:00,2011-01-24 11:39:00,319,1,2661.24,1,1,5,7,Potential Loyal,2661.24,0,1
14440,2357.6800000000003,5,588,2011-12-01 15:42:00,2010-12-09 12:49:00,7,5,2357.6800000000003,5,4,5,14,VIP,471.53600000000006,357,0
14441,1712.89,4,446,2011-12-09 09:07:00,2011-03-29 12:01:00,0,4,1712.89,5,4,4,13,VIP,428.2225,254,0
14442,1589.82,2,482,2011-05-19 11:36:00,2011-01-27 09:33:00,204,2,1589.82,1,3,4,8,Potential Loyal,794.91,112,1
14443,1420.2,4,938,2011-10-17 10:10:00,2010-12-06 11:03:00,53,4,1420.2,3,4,4,11,Loyal,355.05,314,0
14446,1010.35,4,916,2011-12-09 11:34:00,2011-04-07 12:10:00,0,4,1010.35,5,4,4,13,VIP,252.5875,245,0
14447,1163.23,5,571,2011-11-21 08:28:00,2011-03-04 10:49:00,18,5,1163.23,4,4,4,12,Loyal,232.64600000000002,261,0
14448,375.35,2,104,2011-11-30 13:50:00,2010-12-10 17:26:00,8,2,375.35,5,3,2,10,Loyal,187.675,354,0
14449,885.8,4,741,2011-11-21 12:06:00,2010-12-02 14:09:00,18,4,885.8,4,4,3,11,Loyal,221.45,353,0
14450,483.25,3,241,2011-06-12 10:46:00,2011-01-23 11:53:00,180,3,483.25,1,3,2,6,At Risk,161.08333333333334,139,1
14451,643.9,2,378,2011-10-10 13:38:00,2011-05-29 12:35:00,59,2,643.9,3,3,3,9,Potential Loyal,321.95,134,0
14452,259.05,2,116,2011-11-29 12:06:00,2011-09-07 11:32:00,10,2,259.05,5,3,2,10,Loyal,129.525,83,0
14453,119.93,1,49,2011-06-02 14:15:00,2011-06-02 14:15:00,189,1,119.93,1,1,1,3,Lost,119.93,0,1
14456,3017.28,9,2885,2011-12-04 13:59:00,2011-07-20 13:06:00,4,9,3017.28,5,5,5,15,VIP,335.25333333333333,137,0
14457,113.64,1,88,2011-02-02 09:39:00,2011-02-02 09:39:00,310,1,113.64,1,1,1,3,Lost,113.64,0,1
14459,1837.92,1,760,2011-07-07 13:35:00,2011-07-07 13:35:00,154,1,1837.92,2,1,4,7,Potential Loyal,1837.92,0,1
14460,434.34,3,881,2011-08-21 14:19:00,2011-02-02 11:55:00,109,3,434.34,2,3,2,7,Potential Loyal,144.78,200,1
14461,2103.06,3,766,2011-07-14 17:11:00,2011-03-23 12:15:00,147,3,2103.06,2,3,5,10,Loyal,701.02,113,1
14462,1980.57,11,956,2011-10-04 15:55:00,2011-01-04 12:45:00,65,11,1980.57,3,5,4,12,Loyal,180.05181818181816,273,0
14463,529.62,3,179,2011-09-02 15:20:00,2011-05-18 14:42:00,97,3,529.62,2,3,3,8,Potential Loyal,176.54,107,1
14465,1038.44,3,398,2011-04-07 12:38:00,2011-02-10 12:13:00,246,3,1038.44,1,3,4,8,Potential Loyal,346.1466666666667,56,1
14466,2272.4,7,1006,2011-11-10 14:07:00,2010-12-02 13:36:00,28,7,2272.4,4,5,5,14,VIP,324.62857142857143,343,0
14467,596.26,4,276,2011-11-22 12:48:00,2011-01-31 12:35:00,17,4,596.26,4,4,3,11,Loyal,149.065,295,0
14470,461.19,2,193,2011-11-28 10:31:00,2011-02-25 11:56:00,11,2,461.19,5,3,2,10,Loyal,230.595,275,0
14472,1852.67,8,1135,2011-08-28 11:01:00,2010-12-19 14:03:00,103,8,1852.67,2,5,4,11,Loyal,231.58375,251,1
14473,234.34000000000003,2,88,2011-09-26 15:10:00,2011-03-02 13:56:00,73,2,234.34000000000003,2,3,1,6,At Risk,117.17000000000002,208,0
14474,547.66,1,140,2011-10-24 13:26:00,2011-10-24 13:26:00,45,1,547.66,3,1,3,7,Potential Loyal,547.66,0,0
14475,925.85,3,447,2011-09-29 10:46:00,2011-02-08 10:12:00,71,3,925.85,3,3,3,9,Potential Loyal,308.6166666666667,233,0
14476,193.0,1,110,2011-03-27 15:39:00,2011-03-27 15:39:00,256,1,193.0,1,1,1,3,Lost,193.0,0,1
14477,1309.6,4,720,2011-11-20 11:11:00,2011-02-15 15:44:00,19,4,1309.6,4,4,4,12,Loyal,327.4,277,0
14479,316.25,2,117,2011-03-31 09:07:00,2010-12-09 12:59:00,253,2,316.25,1,3,2,6,At Risk,158.125,111,1
14480,279.05,1,143,2011-11-28 16:35:00,2011-11-28 16:35:00,10,1,279.05,5,1,2,8,Potential Loyal,279.05,0,0
14481,636.51,2,489,2011-06-28 10:38:00,2011-02-25 13:53:00,164,2,636.51,2,3,3,8,Potential Loyal,318.255,122,1
14482,2022.81,6,1627,2011-11-21 13:14:00,2011-04-14 16:41:00,17,6,2022.81,4,5,4,13,VIP,337.135,220,0
14483,137.1,1,97,2011-03-03 10:26:00,2011-03-03 10:26:00,281,1,137.1,1,1,1,3,Lost,137.1,0,1
14484,321.92,1,210,2011-10-20 14:11:00,2011-10-20 14:11:00,49,1,321.92,3,1,2,6,At Risk,321.92,0,0
14485,162.8,1,70,2011-11-01 12:25:00,2011-11-01 12:25:00,38,1,162.8,3,1,1,5,At Risk,162.8,0,0
14487,1165.48,6,712,2011-11-13 12:17:00,2010-12-06 13:22:00,26,6,1165.48,4,5,4,13,VIP,194.24666666666667,341,0
14488,1064.28,1,799,2011-10-03 09:30:00,2011-10-03 09:30:00,67,1,1064.28,3,1,4,8,Potential Loyal,1064.28,0,0
14489,463.38,1,299,2011-05-16 14:51:00,2011-05-16 14:51:00,206,1,463.38,1,1,2,4,Lost,463.38,0,1
14491,340.93,2,139,2011-06-17 15:22:00,2010-12-02 12:10:00,174,2,340.93,2,3,2,7,Potential Loyal,170.465,197,1
14493,2383.2400000000002,5,1285,2011-12-02 16:14:00,2011-07-07 16:59:00,6,5,2383.2400000000002,5,4,5,14,VIP,476.648,147,0
14494,139.56,1,92,2011-11-14 09:21:00,2011-11-14 09:21:00,25,1,139.56,4,1,1,6,At Risk,139.56,0,0
14495,123.8,2,62,2011-10-20 12:28:00,2011-08-10 14:13:00,50,2,123.8,3,3,1,7,Potential Loyal,61.9,70,0
14496,538.8100000000001,2,159,2011-02-01 09:01:00,2010-12-01 15:35:00,311,2,538.8100000000001,1,3,3,7,Potential Loyal,269.40500000000003,61,1
14497,475.37,1,235,2011-02-03 17:01:00,2011-02-03 17:01:00,308,1,475.37,1,1,2,4,Lost,475.37,0,1
14498,1957.32,5,1098,2011-10-28 12:09:00,2010-12-13 11:29:00,42,5,1957.32,3,4,4,11,Loyal,391.464,319,0
14499,808.44,3,496,2011-11-13 13:01:00,2011-03-06 11:55:00,25,3,808.44,4,3,3,10,Loyal,269.48,252,0
14500,356.85,3,117,2011-09-12 16:45:00,2011-06-03 10:08:00,87,3,356.85,2,3,2,7,Potential Loyal,118.95,101,0
14501,251.21,2,161,2011-06-09 12:02:00,2011-01-24 10:43:00,183,2,251.21,1,3,2,6,At Risk,125.605,136,1
14502,2429.83,11,1480,2011-11-20 11:50:00,2011-01-30 15:52:00,19,11,2429.83,4,5,5,14,VIP,220.89363636363635,293,0
14503,3543.26,6,2004,2011-12-06 13:30:00,2011-06-14 10:00:00,2,6,3543.26,5,5,5,15,VIP,590.5433333333334,175,0
14504,673.26,4,308,2011-10-23 16:00:00,2011-03-06 14:38:00,46,4,673.26,3,4,3,10,Loyal,168.315,231,0
14505,5859.43,8,2739,2011-11-22 15:45:00,2010-12-12 16:14:00,16,8,5859.43,4,5,5,14,VIP,732.42875,344,0
14506,1960.65,5,704,2011-11-22 13:02:00,2010-12-05 14:25:00,16,5,1960.65,4,4,4,12,Loyal,392.13,351,0
14507,1367.88,6,594,2011-11-16 12:21:00,2011-03-08 17:23:00,23,6,1367.88,4,5,4,13,VIP,227.98000000000002,252,0
14508,268.05,2,129,2011-11-17 19:48:00,2011-09-11 11:29:00,21,2,268.05,4,3,2,9,Potential Loyal,134.025,67,0
14511,1314.81,5,784,2011-11-28 17:05:00,2011-07-29 12:13:00,10,5,1314.81,5,4,4,13,VIP,262.962,122,0
14512,275.28,2,122,2011-06-05 12:39:00,2011-04-21 19:05:00,187,2,275.28,1,3,2,6,At Risk,137.64,44,1
14513,455.59000000000003,3,361,2011-08-31 11:25:00,2011-02-24 09:36:00,100,3,455.59000000000003,2,3,2,7,Potential Loyal,151.86333333333334,188,1
14514,990.2,3,564,2011-10-09 16:05:00,2011-01-12 15:22:00,60,3,990.2,3,3,4,10,Loyal,330.06666666666666,270,0
14515,2076.89,6,1110,2011-11-22 11:37:00,2011-05-05 12:13:00,17,6,2076.89,4,5,5,14,VIP,346.1483333333333,200,0
14517,330.45,2,91,2011-11-06 14:20:00,2011-07-21 11:42:00,32,2,330.45,4,3,2,9,Potential Loyal,165.225,108,0
14518,174.37,1,278,2011-10-06 14:43:00,2011-10-06 14:43:00,63,1,174.37,3,1,1,5,At Risk,174.37,0,0
14520,270.6,2,146,2011-12-08 09:46:00,2011-02-22 09:15:00,1,2,270.6,5,3,2,10,Loyal,135.3,289,0
14522,974.54,4,525,2011-11-15 13:24:00,2011-05-25 16:01:00,23,4,974.54,4,4,4,12,Loyal,243.635,173,0
14523,241.09,1,251,2011-08-23 13:13:00,2011-08-23 13:13:00,107,1,241.09,2,1,1,4,Lost,241.09,0,1
14524,1843.83,9,669,2011-11-08 12:29:00,2010-12-14 11:01:00,31,9,1843.83,4,5,4,13,VIP,204.87,329,0
14525,4215.9,9,2637,2011-11-20 11:37:00,2010-12-13 17:40:00,19,9,4215.9,4,5,5,14,VIP,468.4333333333333,341,0
14527,8507.13,55,2088,2011-12-07 12:19:00,2010-12-05 13:17:00,2,55,8507.13,5,5,5,15,VIP,154.6750909090909,366,0
14528,364.21999999999997,1,278,2011-11-02 17:09:00,2011-11-02 17:09:00,36,1,364.21999999999997,3,1,2,6,At Risk,364.21999999999997,0,0
14529,578.61,3,325,2011-10-10 15:27:00,2011-08-21 14:10:00,59,3,578.61,3,3,3,9,Potential Loyal,192.87,50,0
14530,2862.11,6,1395,2011-11-14 10:38:00,2011-02-16 10:47:00,25,6,2862.11,4,5,5,14,VIP,477.0183333333334,270,0
14532,932.85,4,284,2011-04-17 13:05:00,2010-12-22 13:48:00,235,4,932.85,1,4,3,8,Potential Loyal,233.2125,115,1
14533,1949.72,7,4019,2011-11-15 12:05:00,2010-12-22 11:07:00,24,7,1949.72,4,5,4,13,VIP,278.5314285714286,328,0
14534,4397.3,18,2027,2011-12-07 12:19:00,2011-01-25 12:33:00,2,18,4397.3,5,5,5,15,VIP,244.29444444444445,315,0
14535,2854.84,3,1824,2011-10-10 15:39:00,2011-04-05 12:50:00,59,3,2854.84,3,3,5,11,Loyal,951.6133333333333,188,0
14536,170.95,1,39,2011-03-25 12:21:00,2011-03-25 12:21:00,259,1,170.95,1,1,1,3,Lost,170.95,0,1
14537,355.56,1,120,2011-10-13 10:54:00,2011-10-13 10:54:00,57,1,355.56,3,1,2,6,At Risk,355.56,0,0
14538,388.25,2,155,2011-10-06 10:31:00,2011-03-28 14:57:00,64,2,388.25,3,3,2,8,Potential Loyal,194.125,191,0
14539,537.48,2,428,2011-11-24 09:50:00,2011-10-26 12:03:00,15,2,537.48,4,3,3,10,Loyal,268.74,28,0
14540,952.66,3,411,2011-11-30 10:15:00,2011-02-03 15:02:00,9,3,952.66,5,3,4,12,Loyal,317.55333333333334,299,0
14541,1453.35,8,641,2011-10-12 10:08:00,2011-01-24 14:16:00,58,8,1453.35,3,5,4,12,Loyal,181.66875,260,0
14542,103.25,1,19,2011-06-07 08:19:00,2011-06-07 08:19:00,185,1,103.25,1,1,1,3,Lost,103.25,0,1
14543,3599.73,16,675,2011-11-11 12:45:00,2010-12-10 11:51:00,28,16,3599.73,4,5,5,14,VIP,224.983125,336,0
14544,2004.3,2,1536,2011-11-15 15:06:00,2010-12-13 12:50:00,23,2,2004.3,4,3,4,11,Loyal,1002.15,337,0
14546,2573.93,5,1313,2011-12-04 13:00:00,2011-04-05 12:37:00,4,5,2573.93,5,4,5,14,VIP,514.786,243,0
14547,3974.75,8,2639,2011-12-06 11:06:00,2011-10-16 14:35:00,3,8,3974.75,5,5,5,15,VIP,496.84375,50,0
14548,652.8,2,256,2011-07-12 12:19:00,2011-01-26 08:38:00,150,2,652.8,2,3,3,8,Potential Loyal,326.4,167,1
14549,289.24,1,136,2011-02-01 13:47:00,2011-02-01 13:47:00,310,1,289.24,1,1,2,4,Lost,289.24,0,1
14550,757.37,2,389,2011-11-29 12:12:00,2011-10-26 12:14:00,10,2,757.37,5,3,3,11,Loyal,378.685,33,0
14551,186.23,2,106,2011-11-21 13:36:00,2011-05-19 18:21:00,17,2,186.23,4,3,1,8,Potential Loyal,93.115,185,0
14552,164.22,1,90,2011-07-11 12:49:00,2011-07-11 12:49:00,151,1,164.22,2,1,1,4,Lost,164.22,0,1
14553,859.27,5,493,2011-11-20 13:20:00,2011-01-04 15:40:00,18,5,859.27,4,4,3,11,Loyal,171.85399999999998,319,0
14554,2279.4900000000002,4,1443,2011-11-29 16:44:00,2011-10-18 13:04:00,9,4,2279.4900000000002,5,4,5,14,VIP,569.8725000000001,42,0
14555,312.54,2,122,2011-10-13 16:24:00,2011-02-10 17:19:00,56,2,312.54,3,3,2,8,Potential Loyal,156.27,244,0
14557,788.38,1,510,2011-09-15 15:48:00,2011-09-15 15:48:00,84,1,788.38,2,1,3,6,At Risk,788.38,0,0
14560,2237.77,22,1260,2011-12-02 15:22:00,2010-12-17 09:22:00,6,22,2237.77,5,5,5,15,VIP,101.71681818181818,350,0
14561,1080.76,3,1014,2011-09-25 12:39:00,2011-06-08 13:26:00,75,3,1080.76,2,3,4,9,Potential Loyal,360.25333333333333,108,0
14562,5006.77,18,1815,2011-12-06 11:05:00,2011-02-08 14:45:00,3,18,5006.77,5,5,5,15,VIP,278.1538888888889,300,0
14565,3099.12,4,1540,2011-09-05 09:07:00,2010-12-13 13:25:00,95,4,3099.12,2,4,5,11,Loyal,774.78,265,1
14566,1432.0,1,800,2011-08-21 11:05:00,2011-08-21 11:05:00,110,1,1432.0,2,1,4,7,Potential Loyal,1432.0,0,1
14567,1530.3600000000001,2,412,2011-10-14 10:21:00,2011-08-01 13:48:00,56,2,1530.3600000000001,3,3,4,10,Loyal,765.1800000000001,73,0
14569,227.39,1,79,2011-12-08 14:58:00,2011-12-08 14:58:00,0,1,227.39,5,1,1,7,Potential Loyal,227.39,0,0
14570,218.06,2,95,2011-03-04 10:58:00,2011-03-04 10:39:00,280,2,218.06,1,3,1,5,At Risk,109.03,0,1
14572,2804.54,7,1420,2011-12-06 14:40:00,2011-01-19 17:23:00,2,7,2804.54,5,5,5,15,VIP,400.6485714285714,320,0
14573,1639.82,9,534,2011-06-13 11:15:00,2010-12-02 19:59:00,179,9,1639.82,1,5,4,10,Loyal,182.20222222222222,192,1
14576,35.400000000000006,1,12,2010-12-02 17:51:00,2010-12-02 17:51:00,371,1,35.400000000000006,1,1,1,3,Lost,35.400000000000006,0,1
14577,859.71,4,353,2011-11-27 12:47:00,2010-12-12 11:26:00,12,4,859.71,5,4,3,12,Loyal,214.9275,350,0
14578,168.63,1,240,2011-12-06 17:18:00,2011-12-06 17:18:00,2,1,168.63,5,1,1,7,Potential Loyal,168.63,0,0
14581,138.6,1,217,2011-11-23 12:39:00,2011-11-23 12:39:00,16,1,138.6,4,1,1,6,At Risk,138.6,0,0
14582,114.11,1,73,2011-10-30 11:56:00,2011-10-30 11:56:00,40,1,114.11,3,1,1,5,At Risk,114.11,0,0
14583,986.96,5,751,2011-12-04 12:32:00,2011-05-18 11:28:00,5,5,986.96,5,4,4,13,VIP,197.392,200,0
14584,1033.06,4,381,2011-06-23 18:33:00,2011-05-25 17:31:00,168,4,1033.06,2,4,4,10,Loyal,258.265,29,1
14585,157.05,1,91,2011-10-20 14:33:00,2011-10-20 14:33:00,49,1,157.05,3,1,1,5,At Risk,157.05,0,0
14586,237.36,1,444,2011-03-08 10:04:00,2011-03-08 10:04:00,276,1,237.36,1,1,1,3,Lost,237.36,0,1
14587,1580.29,9,749,2011-11-21 11:34:00,2011-01-12 13:16:00,18,9,1580.29,4,5,4,13,VIP,175.58777777777777,312,0
14589,39.75,1,5,2010-12-03 11:42:00,2010-12-03 11:42:00,371,1,39.75,1,1,1,3,Lost,39.75,0,1
14591,1320.21,4,1228,2011-11-24 13:57:00,2011-05-10 14:09:00,14,4,1320.21,4,4,4,12,Loyal,330.0525,197,0
14592,557.94,3,407,2011-11-04 16:35:00,2011-10-06 18:08:00,34,3,557.94,3,3,3,9,Potential Loyal,185.98000000000002,28,0
14593,617.15,3,330,2011-11-18 12:48:00,2011-05-25 11:14:00,21,3,617.15,4,3,3,10,Loyal,205.71666666666667,177,0
14594,363.33,2,183,2011-12-02 13:28:00,2010-12-01 13:54:00,6,2,363.33,5,3,2,10,Loyal,181.665,365,0
14595,1740.6,6,978,2011-11-20 12:12:00,2011-01-30 13:36:00,19,6,1740.6,4,5,4,13,VIP,290.09999999999997,293,0
14597,866.24,2,566,2011-11-28 13:13:00,2011-06-01 12:33:00,10,2,866.24,5,3,3,11,Loyal,433.12,180,0
14598,221.97,1,189,2011-10-26 13:19:00,2011-10-26 13:19:00,43,1,221.97,3,1,1,5,At Risk,221.97,0,0
14600,393.33000000000004,1,125,2011-02-07 09:48:00,2011-02-07 09:48:00,305,1,393.33000000000004,1,1,2,4,Lost,393.33000000000004,0,1
14601,213.96,1,168,2011-11-29 09:48:00,2011-11-29 09:48:00,10,1,213.96,5,1,1,7,Potential Loyal,213.96,0,0
14603,660.0,1,400,2011-03-10 10:27:00,2011-03-10 10:27:00,274,1,660.0,1,1,3,5,At Risk,660.0,0,1
14606,12076.15,93,6187,2011-12-08 19:28:00,2010-12-01 16:57:00,0,93,12076.15,5,5,5,15,VIP,129.8510752688172,372,0
14607,16209.5,14,11526,2011-11-24 10:35:00,2011-03-23 15:22:00,15,14,16209.5,4,5,5,14,VIP,1157.8214285714287,245,0
14608,1785.15,4,437,2011-12-05 16:52:00,2010-12-12 14:49:00,3,4,1785.15,5,4,4,13,VIP,446.2875,358,0
14609,601.56,4,7026,2011-09-28 12:54:00,2011-02-16 12:10:00,71,4,601.56,3,4,3,10,Loyal,150.39,224,0
14616,406.08000000000004,3,104,2011-04-11 09:54:00,2011-01-26 12:42:00,242,3,406.08000000000004,1,3,2,6,At Risk,135.36,74,1
14618,553.44,3,264,2011-11-30 13:45:00,2011-01-06 11:59:00,8,3,553.44,5,3,3,11,Loyal,184.48000000000002,328,0
14619,394.44,1,152,2011-04-08 07:37:00,2011-04-08 07:37:00,245,1,394.44,1,1,2,4,Lost,394.44,0,1
14620,412.78000000000003,2,214,2011-05-18 11:58:00,2011-03-01 08:30:00,205,2,412.78000000000003,1,3,2,6,At Risk,206.39000000000001,78,1
14621,1788.3600000000001,5,993,2011-12-08 16:22:00,2010-12-16 13:00:00,0,5,1788.3600000000001,5,4,4,13,VIP,357.672,357,0
14622,320.58000000000004,1,146,2011-06-08 12:42:00,2011-06-08 12:42:00,184,1,320.58000000000004,1,1,2,4,Lost,320.58000000000004,0,1
14623,886.7,5,418,2011-11-07 13:56:00,2011-04-18 13:54:00,31,5,886.7,4,4,3,11,Loyal,177.34,203,0
14624,225.85,2,162,2011-10-13 13:44:00,2011-10-11 14:39:00,56,2,225.85,3,3,1,7,Potential Loyal,112.925,1,0
14625,899.63,2,335,2011-05-27 15:32:00,2010-12-13 15:36:00,195,2,899.63,1,3,3,7,Potential Loyal,449.815,164,1
14626,2791.27,4,1403,2011-11-16 10:37:00,2011-04-20 13:18:00,23,4,2791.27,4,4,5,13,VIP,697.8175,209,0
14628,671.96,2,272,2011-09-09 14:58:00,2011-04-11 14:43:00,90,2,671.96,2,3,3,8,Potential Loyal,335.98,151,0
14629,955.26,2,378,2011-12-05 16:55:00,2011-10-23 16:13:00,3,2,955.26,5,3,4,12,Loyal,477.63,43,0
14631,1006.98,3,622,2011-10-20 11:17:00,2011-02-14 09:31:00,50,3,1006.98,3,3,4,10,Loyal,335.66,248,0
14632,114.56,1,96,2011-03-22 08:49:00,2011-03-22 08:49:00,262,1,114.56,1,1,1,3,Lost,114.56,0,1
14633,344.90000000000003,1,96,2011-03-18 17:07:00,2011-03-18 17:07:00,265,1,344.90000000000003,1,1,2,4,Lost,344.90000000000003,0,1
14636,609.85,2,241,2011-11-03 16:12:00,2011-03-16 09:52:00,35,2,609.85,3,3,3,9,Potential Loyal,304.925,232,0
14638,443.6,1,166,2011-10-20 10:10:00,2011-10-20 10:10:00,50,1,443.6,3,1,2,6,At Risk,443.6,0,0
14639,2984.49,6,1431,2011-10-18 15:06:00,2010-12-13 13:50:00,51,6,2984.49,3,5,5,13,VIP,497.41499999999996,309,0
14640,2107.38,6,880,2011-11-15 13:07:00,2011-04-26 12:31:00,23,6,2107.38,4,5,5,14,VIP,351.23,203,0
14641,110.46,1,90,2011-11-18 10:42:00,2011-11-18 10:42:00,21,1,110.46,4,1,1,6,At Risk,110.46,0,0
14642,96.12,1,76,2011-10-12 11:08:00,2011-10-12 11:08:00,58,1,96.12,3,1,1,5,At Risk,96.12,0,0
14643,693.8100000000001,2,815,2011-06-22 14:41:00,2010-12-16 17:53:00,169,2,693.8100000000001,2,3,3,8,Potential Loyal,346.90500000000003,187,1
14644,830.76,2,258,2011-10-03 08:30:00,2011-02-14 14:14:00,67,2,830.76,3,3,3,9,Potential Loyal,415.38,230,0
14645,597.09,2,381,2011-07-06 09:15:00,2011-03-09 09:52:00,156,2,597.09,2,3,3,8,Potential Loyal,298.545,118,1
14646,280206.02,73,196915,2011-12-08 12:12:00,2010-12-20 10:09:00,1,73,280206.02,5,5,5,15,VIP,3838.4386301369864,353,0
14647,236.04000000000002,1,91,2011-05-22 13:40:00,2011-05-22 13:40:00,200,1,236.04000000000002,1,1,1,3,Lost,236.04000000000002,0,1
14649,1402.59,4,1004,2011-12-05 12:30:00,2011-05-11 14:37:00,4,4,1402.59,5,4,4,13,VIP,350.6475,207,0
14651,653.75,2,343,2011-10-03 15:52:00,2011-05-12 16:29:00,66,2,653.75,3,3,3,9,Potential Loyal,326.875,143,0
14652,114.18,1,53,2011-09-23 14:21:00,2011-09-23 14:21:00,76,1,114.18,2,1,1,4,Lost,114.18,0,0
14653,1926.65,7,945,2011-12-08 13:45:00,2011-01-05 13:40:00,0,7,1926.65,5,5,4,14,VIP,275.2357142857143,337,0
14655,1932.23,4,1089,2011-12-01 16:28:00,2011-05-01 14:59:00,7,4,1932.23,5,4,4,13,VIP,483.0575,214,0
14656,291.05,2,120,2011-06-23 13:51:00,2011-03-01 13:19:00,168,2,291.05,2,3,2,7,Potential Loyal,145.525,114,1
14657,848.22,4,466,2011-11-22 12:47:00,2011-01-17 15:19:00,17,4,848.22,4,4,3,11,Loyal,212.055,308,0
14658,247.15,2,47,2011-12-04 15:35:00,2011-08-14 15:42:00,4,2,247.15,5,3,1,9,Potential Loyal,123.575,111,0
14659,2529.93,9,1195,2011-12-01 12:17:00,2011-01-28 12:43:00,8,9,2529.93,5,5,5,15,VIP,281.1033333333333,306,0
14660,285.74,2,228,2011-09-14 11:34:00,2011-08-31 10:40:00,86,2,285.74,2,3,2,7,Potential Loyal,142.87,14,0
14661,107.95,1,35,2011-11-13 11:51:00,2011-11-13 11:51:00,26,1,107.95,4,1,1,6,At Risk,107.95,0,0
14662,741.37,4,578,2011-11-11 12:13:00,2011-01-27 17:41:00,28,4,741.37,4,4,3,11,Loyal,185.3425,287,0
14664,636.24,2,465,2011-11-20 10:59:00,2011-11-06 14:56:00,19,2,636.24,4,3,3,10,Loyal,318.12,13,0
14665,1835.7,5,740,2011-10-10 09:14:00,2011-02-02 09:08:00,60,5,1835.7,3,4,4,11,Loyal,367.14,250,0
14666,195.25,1,161,2011-11-15 12:57:00,2011-11-15 12:57:00,23,1,195.25,4,1,1,6,At Risk,195.25,0,0
14667,9175.04,25,5319,2011-11-29 11:30:00,2010-12-06 13:13:00,10,25,9175.04,5,5,5,15,VIP,367.00160000000005,357,0
14669,1259.24,3,770,2011-04-12 11:43:00,2011-01-11 12:30:00,241,3,1259.24,1,3,4,8,Potential Loyal,419.74666666666667,90,1
14670,392.86,2,326,2011-03-04 14:13:00,2011-03-04 13:58:00,279,2,392.86,1,3,2,6,At Risk,196.43,0,1
14672,765.55,2,454,2011-04-19 10:19:00,2011-01-07 15:48:00,234,2,765.55,1,3,3,7,Potential Loyal,382.775,101,1
14673,1736.4,5,1004,2011-12-06 14:31:00,2010-12-07 12:49:00,2,5,1736.4,5,4,4,13,VIP,347.28000000000003,364,0
14675,596.36,1,336,2011-11-23 12:58:00,2011-11-23 12:58:00,15,1,596.36,4,1,3,8,Potential Loyal,596.36,0,0
14676,2548.2400000000002,6,2500,2011-11-08 13:29:00,2011-03-01 14:26:00,30,6,2548.2400000000002,4,5,5,14,VIP,424.7066666666667,251,0
14680,28754.11,16,13476,2011-11-14 16:59:00,2010-12-03 12:05:00,24,16,28754.11,4,5,5,14,VIP,1797.131875,346,0
14681,498.95,3,76,2011-09-29 15:52:00,2011-05-12 10:45:00,70,3,498.95,3,3,3,9,Potential Loyal,166.31666666666666,140,0
14682,52.0,2,80,2011-06-05 12:12:00,2011-05-22 12:51:00,187,2,52.0,1,3,1,5,At Risk,26.0,13,1
14684,1201.51,5,821,2011-11-14 11:33:00,2010-12-12 12:44:00,25,5,1201.51,4,4,4,12,Loyal,240.302,336,0
14687,628.38,1,470,2011-08-25 11:59:00,2011-08-25 11:59:00,106,1,628.38,2,1,3,6,At Risk,628.38,0,1
14688,5579.1,21,3584,2011-12-02 12:26:00,2010-12-01 09:37:00,7,21,5579.1,5,5,5,15,VIP,265.6714285714286,366,0
14689,112.8,1,76,2011-05-15 11:22:00,2011-05-15 11:22:00,208,1,112.8,1,1,1,3,Lost,112.8,0,1
14690,355.05,2,167,2011-10-26 15:39:00,2011-07-11 11:58:00,43,2,355.05,3,3,2,8,Potential Loyal,177.525,107,0
14691,2114.33,5,707,2011-11-09 12:30:00,2011-05-11 09:55:00,30,5,2114.33,4,4,5,13,VIP,422.866,182,0
14692,591.55,4,265,2011-07-25 15:08:00,2011-01-21 13:47:00,136,4,591.55,2,4,3,9,Potential Loyal,147.8875,185,1
14693,172.9,1,34,2011-03-20 12:50:00,2011-03-20 12:50:00,264,1,172.9,1,1,1,3,Lost,172.9,0,1
14696,2078.95,7,1630,2011-12-05 13:43:00,2010-12-01 15:37:00,3,7,2078.95,5,5,5,15,VIP,296.99285714285713,368,0
14697,188.60999999999999,2,181,2011-05-05 15:39:00,2011-05-05 15:29:00,217,2,188.60999999999999,1,3,1,5,At Risk,94.30499999999999,0,1
14698,1217.27,5,602,2011-12-08 12:26:00,2011-10-19 12:54:00,1,5,1217.27,5,4,4,13,VIP,243.454,49,0
14699,109.13000000000001,1,77,2011-05-09 14:54:00,2011-05-09 14:54:00,213,1,109.13000000000001,1,1,1,3,Lost,109.13000000000001,0,1
14700,2195.1,3,1314,2011-11-07 14:40:00,2011-04-15 13:16:00,31,3,2195.1,4,3,5,12,Loyal,731.6999999999999,206,0
14701,2526.09,9,921,2011-11-29 12:38:00,2011-01-27 12:40:00,10,9,2526.09,5,5,5,15,VIP,280.6766666666667,305,0
14702,3251.79,17,1439,2011-12-08 19:29:00,2010-12-09 19:23:00,0,17,3251.79,5,5,5,15,VIP,191.28176470588235,364,0
14703,318.17,1,183,2011-11-25 09:23:00,2011-11-25 09:23:00,14,1,318.17,4,1,2,7,Potential Loyal,318.17,0,0
14704,1493.96,9,1043,2011-11-28 12:51:00,2011-06-12 13:59:00,10,9,1493.96,5,5,4,14,VIP,165.99555555555557,168,0
14705,179.0,1,100,2011-05-25 12:39:00,2011-05-25 12:39:00,198,1,179.0,1,1,1,3,Lost,179.0,0,1
14708,1126.37,3,621,2011-12-07 08:21:00,2010-12-06 12:23:00,2,3,1126.37,5,3,4,12,Loyal,375.45666666666665,365,0
14709,4921.04,13,2484,2011-11-24 15:41:00,2010-12-16 13:43:00,14,13,4921.04,4,5,5,14,VIP,378.54153846153844,343,0
14710,599.48,4,375,2011-11-25 14:53:00,2011-10-11 13:49:00,13,4,599.48,4,4,3,11,Loyal,149.87,45,0
14711,2839.62,11,966,2011-11-29 14:58:00,2011-03-22 13:32:00,9,11,2839.62,5,5,5,15,VIP,258.1472727272727,252,0
14712,917.07,3,315,2011-11-10 12:59:00,2011-08-19 13:33:00,28,3,917.07,4,3,3,10,Loyal,305.69,82,0
14713,2662.2,11,1613,2011-11-30 16:26:00,2010-12-09 18:58:00,8,11,2662.2,5,5,5,15,VIP,242.0181818181818,355,0
14714,160.19,1,229,2011-11-15 13:07:00,2011-11-15 13:07:00,23,1,160.19,4,1,1,6,At Risk,160.19,0,0
14715,867.38,4,521,2011-11-15 12:10:00,2011-01-12 13:27:00,24,4,867.38,4,4,3,11,Loyal,216.845,306,0
14716,307.51,2,495,2011-10-27 17:29:00,2011-07-14 12:42:00,42,2,307.51,3,3,2,8,Potential Loyal,153.755,105,0
14719,1581.84,5,1025,2011-12-08 12:43:00,2011-04-04 14:17:00,1,5,1581.84,5,4,4,13,VIP,316.368,247,0
14720,663.81,3,219,2011-12-04 12:02:00,2011-08-05 12:06:00,5,3,663.81,5,3,3,11,Loyal,221.26999999999998,120,0
14722,180.42000000000002,1,118,2011-07-15 14:58:00,2011-07-15 14:58:00,146,1,180.42000000000002,2,1,1,4,Lost,180.42000000000002,0,1
14723,1122.3600000000001,6,673,2011-11-29 15:23:00,2010-12-03 14:18:00,9,6,1122.3600000000001,5,5,4,14,VIP,187.06000000000003,361,0
14725,655.58,1,588,2011-11-15 12:42:00,2011-11-15 12:42:00,24,1,655.58,4,1,3,8,Potential Loyal,655.58,0,0
14727,268.58,1,62,2011-03-10 14:45:00,2011-03-10 14:45:00,273,1,268.58,1,1,2,4,Lost,268.58,0,1
14729,313.49,1,197,2010-12-01 12:43:00,2010-12-01 12:43:00,373,1,313.49,1,1,2,4,Lost,313.49,0,1
14730,1897.57,8,1078,2011-12-08 14:39:00,2011-03-08 12:49:00,0,8,1897.57,5,5,4,14,VIP,237.19625,275,0
14731,380.02,3,256,2011-10-23 15:54:00,2011-05-11 13:06:00,46,3,380.02,3,3,2,8,Potential Loyal,126.67333333333333,165,0
14732,2702.4900000000002,8,1405,2011-12-01 14:34:00,2011-01-04 14:40:00,7,8,2702.4900000000002,5,5,5,15,VIP,337.81125000000003,330,0
14733,9585.91,12,3764,2011-11-23 15:39:00,2010-12-07 11:30:00,15,12,9585.91,4,5,5,14,VIP,798.8258333333333,351,0
14735,6065.69,32,2264,2011-12-06 12:09:00,2010-12-16 16:05:00,3,32,6065.69,5,5,5,15,VIP,189.5528125,354,0
14737,1164.55,3,345,2011-12-06 10:16:00,2010-12-21 13:49:00,3,3,1164.55,5,3,4,12,Loyal,388.18333333333334,349,0
14738,1314.45,7,601,2011-10-28 08:56:00,2011-01-27 14:10:00,42,7,1314.45,3,5,4,12,Loyal,187.77857142857144,273,0
14739,3902.28,7,3820,2011-12-05 16:54:00,2010-12-07 14:58:00,3,7,3902.28,5,5,5,15,VIP,557.4685714285714,363,0
14740,1448.21,3,735,2011-05-26 18:17:00,2011-03-01 08:35:00,196,3,1448.21,1,3,4,8,Potential Loyal,482.7366666666667,86,1
14741,1400.34,6,841,2011-11-28 08:48:00,2010-12-02 08:43:00,11,6,1400.34,5,5,4,14,VIP,233.39,361,0
14744,1099.98,7,627,2011-11-23 12:51:00,2010-12-08 10:21:00,15,7,1099.98,4,5,4,13,VIP,157.14000000000001,350,0
14745,1220.26,5,1038,2011-08-19 10:05:00,2011-02-27 15:25:00,112,5,1220.26,2,4,4,10,Loyal,244.052,172,1
14747,328.2,1,84,2011-04-04 14:09:00,2011-04-04 14:09:00,248,1,328.2,1,1,2,4,Lost,328.2,0,1
14748,1415.75,5,1223,2011-11-10 18:33:00,2010-12-06 10:19:00,28,5,1415.75,4,4,4,12,Loyal,283.15,339,0
14752,389.64,1,260,2011-10-27 11:55:00,2011-10-27 11:55:00,43,1,389.64,3,1,2,6,At Risk,389.64,0,0
14753,563.15,1,211,2011-09-13 14:50:00,2011-09-13 14:50:00,86,1,563.15,2,1,3,6,At Risk,563.15,0,0
14754,638.05,2,486,2011-10-26 12:01:00,2011-02-17 12:21:00,44,2,638.05,3,3,3,9,Potential Loyal,319.025,250,0
14755,5010.28,11,2219,2011-11-30 11:24:00,2011-01-09 14:02:00,9,11,5010.28,5,5,5,15,VIP,455.47999999999996,324,0
14756,738.96,1,416,2011-11-24 18:13:00,2011-11-24 18:13:00,14,1,738.96,4,1,3,8,Potential Loyal,738.96,0,0
14757,420.5,1,160,2011-09-25 14:36:00,2011-09-25 14:36:00,74,1,420.5,2,1,2,5,At Risk,420.5,0,0
14758,1484.06,4,419,2011-07-18 08:21:00,2011-03-25 12:10:00,144,4,1484.06,2,4,4,10,Loyal,371.015,114,1
14759,1625.97,3,569,2011-12-05 12:03:00,2011-04-21 10:55:00,4,3,1625.97,5,3,4,12,Loyal,541.99,228,0
14760,89.2,1,40,2011-02-15 16:27:00,2011-02-15 16:27:00,296,1,89.2,1,1,1,3,Lost,89.2,0,1
14761,255.9,2,118,2011-10-12 12:10:00,2011-01-09 12:03:00,58,2,255.9,3,3,2,8,Potential Loyal,127.95,276,0
14762,300.52,1,341,2011-03-21 08:20:00,2011-03-21 08:20:00,263,1,300.52,1,1,2,4,Lost,300.52,0,1
14764,278.3,1,190,2011-10-24 11:54:00,2011-10-24 11:54:00,46,1,278.3,3,1,2,6,At Risk,278.3,0,0
14765,254.11,3,135,2011-11-10 19:53:00,2011-06-16 19:49:00,28,3,254.11,4,3,2,9,Potential Loyal,84.70333333333333,147,0
14766,2473.37,6,1349,2011-12-01 16:05:00,2010-12-08 15:33:00,7,6,2473.37,5,5,5,15,VIP,412.2283333333333,358,0
14768,192.60000000000002,2,52,2011-11-22 12:54:00,2011-08-04 13:25:00,16,2,192.60000000000002,4,3,1,8,Potential Loyal,96.30000000000001,109,0
14769,10416.98,8,7239,2011-12-07 10:24:00,2010-12-17 11:40:00,2,8,10416.98,5,5,5,15,VIP,1302.1225,354,0
14770,876.42,2,490,2011-04-21 14:21:00,2011-01-20 15:00:00,231,2,876.42,1,3,3,7,Potential Loyal,438.21,90,1
14772,139.26,1,82,2011-08-19 15:04:00,2011-08-19 15:04:00,111,1,139.26,2,1,1,4,Lost,139.26,0,1
14775,1011.9,3,1174,2011-10-12 15:27:00,2010-12-02 16:38:00,57,3,1011.9,3,3,4,10,Loyal,337.3,313,0
14776,2538.3,11,3134,2011-10-19 15:34:00,2011-01-31 13:17:00,50,11,2538.3,3,5,5,13,VIP,230.75454545454548,261,0
14778,730.86,2,306,2011-08-04 15:23:00,2011-02-04 11:43:00,126,2,730.86,2,3,3,8,Potential Loyal,365.43,181,1
14779,386.15,3,84,2011-03-04 12:42:00,2011-01-20 12:04:00,280,3,386.15,1,3,2,6,At Risk,128.71666666666667,43,1
14780,447.68,2,310,2011-10-16 12:46:00,2011-09-21 15:15:00,54,2,447.68,3,3,2,8,Potential Loyal,223.84,24,0
14782,200.10000000000002,1,114,2011-01-24 11:12:00,2011-01-24 11:12:00,319,1,200.10000000000002,1,1,1,3,Lost,200.10000000000002,0,1
14784,289.99,2,237,2011-11-13 13:30:00,2011-01-20 09:25:00,25,2,289.99,4,3,2,9,Potential Loyal,144.995,297,0
14785,77.4,2,84,2011-11-29 13:21:00,2011-11-24 13:40:00,9,2,77.4,5,3,1,9,Potential Loyal,38.7,4,0
14788,679.4399999999999,2,421,2011-12-02 17:06:00,2011-11-13 15:52:00,6,2,679.4399999999999,5,3,3,11,Loyal,339.71999999999997,19,0
14789,197.64,1,116,2011-11-11 08:59:00,2011-11-11 08:59:00,28,1,197.64,4,1,1,6,At Risk,197.64,0,0
14790,745.06,4,699,2011-11-23 09:28:00,2011-03-31 11:49:00,16,4,745.06,4,4,3,11,Loyal,186.265,236,0
14792,6.2,1,2,2011-10-07 09:19:00,2011-10-07 09:19:00,63,1,6.2,3,1,1,5,At Risk,6.2,0,0
14793,228.99,1,91,2011-11-18 14:50:00,2011-11-18 14:50:00,20,1,228.99,4,1,1,6,At Risk,228.99,0,0
14794,1319.91,7,673,2011-12-07 10:11:00,2011-01-09 16:11:00,2,7,1319.91,5,5,4,14,VIP,188.55857142857144,331,0
14795,131.45000000000002,1,17,2011-06-26 13:04:00,2011-06-26 13:04:00,165,1,131.45000000000002,2,1,1,4,Lost,131.45000000000002,0,1
14796,7975.49,17,5995,2011-12-08 15:31:00,2010-12-08 10:40:00,0,17,7975.49,5,5,5,15,VIP,469.1464705882353,365,0
14798,173.74,3,150,2011-10-18 10:58:00,2011-02-02 15:26:00,52,3,173.74,3,3,1,7,Potential Loyal,57.913333333333334,257,0
14799,157.7,1,146,2011-10-19 16:16:00,2011-10-19 16:16:00,50,1,157.7,3,1,1,5,At Risk,157.7,0,0
14800,4331.79,12,3644,2011-10-23 12:46:00,2010-12-05 11:10:00,47,12,4331.79,3,5,5,13,VIP,360.9825,322,0
14801,189.34,1,173,2011-10-09 15:24:00,2011-10-09 15:24:00,60,1,189.34,3,1,1,5,At Risk,189.34,0,0
14803,845.55,3,370,2011-06-30 13:58:00,2011-02-20 13:21:00,161,3,845.55,2,3,3,8,Potential Loyal,281.84999999999997,130,1
14804,353.27,1,121,2011-12-01 11:20:00,2011-12-01 11:20:00,8,1,353.27,5,1,2,8,Potential Loyal,353.27,0,0
14805,546.4,4,114,2011-11-24 16:20:00,2011-01-30 10:43:00,14,4,546.4,4,4,3,11,Loyal,136.6,298,0
14806,193.39000000000001,1,330,2011-09-25 15:32:00,2011-09-25 15:32:00,74,1,193.39000000000001,2,1,1,4,Lost,193.39000000000001,0,0
14808,2718.6,8,2120,2011-10-31 12:21:00,2011-06-20 12:53:00,39,8,2718.6,3,5,5,13,VIP,339.825,132,0
14810,2085.33,11,1015,2011-10-30 11:19:00,2010-12-05 12:08:00,40,11,2085.33,3,5,5,13,VIP,189.57545454545453,328,0
14813,152.88,2,66,2010-12-05 11:57:00,2010-12-05 11:54:00,369,2,152.88,1,3,1,5,At Risk,76.44,0,1
14815,778.5,2,744,2011-11-03 11:36:00,2011-10-03 11:36:00,36,2,778.5,3,3,3,9,Potential Loyal,389.25,31,0
14816,271.85,1,5,2011-05-26 13:16:00,2011-05-26 13:16:00,196,1,271.85,1,1,2,4,Lost,271.85,0,1
14817,1110.34,2,655,2011-05-23 13:35:00,2011-03-07 13:51:00,199,2,1110.34,1,3,4,8,Potential Loyal,555.17,76,1
14818,657.8,3,324,2011-09-27 11:01:00,2011-03-31 12:28:00,73,3,657.8,2,3,3,8,Potential Loyal,219.26666666666665,179,0
14819,272.07,2,109,2011-10-06 13:41:00,2011-05-31 13:50:00,63,2,272.07,3,3,2,8,Potential Loyal,136.035,127,0
14820,507.29,4,253,2011-11-18 15:41:00,2011-06-19 14:56:00,20,4,507.29,4,4,3,11,Loyal,126.8225,152,0
14821,48.800000000000004,1,20,2010-12-08 08:43:00,2010-12-08 08:43:00,366,1,48.800000000000004,1,1,1,3,Lost,48.800000000000004,0,1
14823,321.43,3,88,2011-06-12 13:12:00,2011-05-29 12:48:00,179,3,321.43,1,3,2,6,At Risk,107.14333333333333,14,1
14824,1127.71,4,525,2011-11-29 14:20:00,2011-09-09 14:12:00,9,4,1127.71,5,4,4,13,VIP,281.9275,81,0
14825,2221.01,12,989,2011-12-06 11:38:00,2010-12-06 12:30:00,3,12,2221.01,5,5,5,15,VIP,185.08416666666668,364,0
14828,2139.76,3,2172,2011-05-27 10:16:00,2011-01-07 09:50:00,196,3,2139.76,1,3,5,9,Potential Loyal,713.2533333333334,140,1
14829,697.55,4,452,2011-11-10 16:16:00,2010-12-02 16:12:00,28,4,697.55,4,4,3,11,Loyal,174.3875,343,0
14830,188.88,1,164,2011-10-17 14:29:00,2011-10-17 14:29:00,52,1,188.88,3,1,1,5,At Risk,188.88,0,0
14834,1720.3,6,734,2011-11-22 10:30:00,2011-04-13 15:00:00,17,6,1720.3,4,5,4,13,VIP,286.71666666666664,222,0
14836,102.44999999999999,3,45,2011-11-29 16:45:00,2011-11-09 13:26:00,9,3,102.44999999999999,5,3,1,9,Potential Loyal,34.15,20,0
14837,1649.5,4,1436,2011-09-11 10:58:00,2011-05-22 12:49:00,89,4,1649.5,2,4,4,10,Loyal,412.375,111,0
14840,62.85,1,31,2011-03-17 12:00:00,2011-03-17 12:00:00,267,1,62.85,1,1,1,3,Lost,62.85,0,1
14841,3295.76,6,1778,2011-10-17 15:03:00,2010-12-16 10:28:00,52,6,3295.76,3,5,5,13,VIP,549.2933333333334,305,0
14842,2824.69,4,1166,2011-10-27 12:37:00,2011-02-04 15:32:00,43,4,2824.69,3,4,5,12,Loyal,706.1725,264,0
14844,3189.81,4,1833,2011-10-07 10:41:00,2011-04-12 13:10:00,63,4,3189.81,3,4,5,12,Loyal,797.4525,177,0
14847,309.4,1,120,2011-07-14 10:52:00,2011-07-14 10:52:00,148,1,309.4,2,1,2,5,At Risk,309.4,0,1
14849,7930.54,25,5694,2011-11-18 10:58:00,2010-12-01 12:22:00,21,25,7930.54,4,5,5,14,VIP,317.2216,351,0
14850,325.75,1,293,2011-02-01 11:21:00,2011-02-01 11:21:00,311,1,325.75,1,1,2,4,Lost,325.75,0,1
14851,511.35,2,325,2011-11-16 14:20:00,2011-03-28 14:59:00,22,2,511.35,4,3,3,10,Loyal,255.675,232,0
14852,2836.69,6,1747,2011-10-12 13:20:00,2011-04-01 13:22:00,57,6,2836.69,3,5,5,13,VIP,472.7816666666667,193,0
14853,475.8,2,82,2011-11-15 16:56:00,2011-05-12 15:17:00,23,2,475.8,4,3,2,9,Potential Loyal,237.9,187,0
14854,2740.03,7,1820,2011-09-22 17:00:00,2011-03-10 12:22:00,77,7,2740.03,2,5,5,12,Loyal,391.4328571428572,196,0
14855,645.65,2,267,2011-08-12 14:02:00,2011-07-28 12:06:00,118,2,645.65,2,3,3,8,Potential Loyal,322.825,15,1
14856,1290.53,3,711,2011-11-03 14:53:00,2011-10-14 09:35:00,35,3,1290.53,3,3,4,10,Loyal,430.1766666666667,20,0
14857,1173.12,2,464,2011-10-11 09:23:00,2011-07-14 15:03:00,59,2,1173.12,3,3,4,10,Loyal,586.56,88,0
14859,1353.74,4,671,2011-11-27 11:18:00,2011-05-19 14:42:00,12,4,1353.74,5,4,4,13,VIP,338.435,191,0
14860,170.32,1,232,2011-11-20 14:17:00,2011-11-20 14:17:00,18,1,170.32,4,1,1,6,At Risk,170.32,0,0
14861,125.79,1,117,2011-10-18 12:54:00,2011-10-18 12:54:00,51,1,125.79,3,1,1,5,At Risk,125.79,0,0
14862,841.1999999999999,2,772,2011-11-14 10:01:00,2011-07-14 11:20:00,25,2,841.1999999999999,4,3,3,10,Loyal,420.59999999999997,122,0
14863,266.76,1,132,2011-11-10 15:04:00,2011-11-10 15:04:00,28,1,266.76,4,1,2,7,Potential Loyal,266.76,0,0
14865,52.2,2,108,2011-12-02 16:25:00,2010-12-02 18:23:00,6,2,52.2,5,3,1,9,Potential Loyal,26.1,364,0
14866,14389.9,12,6752,2011-11-29 11:45:00,2010-12-08 14:58:00,10,12,14389.9,5,5,5,15,VIP,1199.1583333333333,355,0
14867,710.28,3,328,2011-06-07 11:39:00,2011-01-07 16:34:00,185,3,710.28,1,3,3,7,Potential Loyal,236.76,150,1
14868,2953.59,8,1405,2011-12-06 14:49:00,2011-04-20 13:36:00,2,8,2953.59,5,5,5,15,VIP,369.19875,230,0
14869,721.45,2,549,2011-12-01 12:36:00,2011-08-28 16:09:00,8,2,721.45,5,3,3,11,Loyal,360.725,94,0
14870,327.25,1,119,2011-03-23 10:51:00,2011-03-23 10:51:00,261,1,327.25,1,1,2,4,Lost,327.25,0,1
14871,501.28000000000003,4,179,2011-12-06 13:42:00,2010-12-14 12:18:00,2,4,501.28000000000003,5,4,3,12,Loyal,125.32000000000001,357,0
14873,519.68,1,168,2011-05-13 13:52:00,2011-05-13 13:52:00,209,1,519.68,1,1,3,5,At Risk,519.68,0,1
14875,1465.3200000000002,2,558,2011-08-24 12:20:00,2011-03-22 11:53:00,107,2,1465.3200000000002,2,3,4,9,Potential Loyal,732.6600000000001,155,1
14878,1476.09,9,799,2011-11-27 11:15:00,2010-12-16 12:11:00,12,9,1476.09,5,5,4,14,VIP,164.01,345,0
14880,690.59,3,365,2011-09-23 13:42:00,2011-02-24 12:27:00,76,3,690.59,2,3,3,8,Potential Loyal,230.1966666666667,211,0
14881,255.4,1,316,2011-11-20 11:06:00,2011-11-20 11:06:00,19,1,255.4,4,1,2,7,Potential Loyal,255.4,0,0
14882,589.7,2,158,2011-11-13 12:47:00,2011-11-06 10:15:00,26,2,589.7,4,3,3,10,Loyal,294.85,7,0
14883,761.59,6,790,2011-11-21 10:23:00,2011-05-12 09:49:00,18,6,761.59,4,5,3,12,Loyal,126.93166666666667,193,0
14885,765.3199999999999,1,724,2011-07-31 12:05:00,2011-07-31 12:05:00,131,1,765.3199999999999,2,1,3,6,At Risk,765.3199999999999,0,1
14886,364.8,1,160,2011-04-01 08:56:00,2011-04-01 08:56:00,252,1,364.8,1,1,2,4,Lost,364.8,0,1
14887,1862.0,1,1100,2011-09-21 15:32:00,2011-09-21 15:32:00,78,1,1862.0,2,1,4,7,Potential Loyal,1862.0,0,0
14888,369.2,1,184,2011-05-16 14:58:00,2011-05-16 14:58:00,206,1,369.2,1,1,2,4,Lost,369.2,0,1
14889,135.9,1,90,2011-01-07 15:19:00,2011-01-07 15:19:00,335,1,135.9,1,1,1,3,Lost,135.9,0,1
14890,125.65,1,51,2011-03-31 11:57:00,2011-03-31 11:57:00,253,1,125.65,1,1,1,3,Lost,125.65,0,1
14891,554.38,2,505,2011-07-14 18:08:00,2011-06-05 10:58:00,147,2,554.38,2,3,3,8,Potential Loyal,277.19,39,1
14893,1237.8500000000001,2,799,2011-11-30 12:31:00,2011-11-28 10:49:00,9,2,1237.8500000000001,5,3,4,12,Loyal,618.9250000000001,2,0
14894,655.75,1,265,2011-09-15 13:51:00,2011-09-15 13:51:00,84,1,655.75,2,1,3,6,At Risk,655.75,0,0
14895,11138.710000000001,20,4851,2011-12-02 09:23:00,2011-02-22 13:08:00,7,20,11138.710000000001,5,5,5,15,VIP,556.9355,282,0
14896,468.77000000000004,2,279,2011-05-19 10:20:00,2010-12-09 12:24:00,204,2,468.77000000000004,1,3,2,6,At Risk,234.38500000000002,160,1
14897,1366.38,4,468,2011-12-02 10:32:00,2011-02-16 08:37:00,7,4,1366.38,5,4,4,13,VIP,341.595,289,0
14898,1269.31,6,1001,2011-11-16 14:54:00,2010-12-03 15:25:00,22,6,1269.31,4,5,4,13,VIP,211.55166666666665,347,0
14901,1421.29,9,661,2011-11-28 17:09:00,2010-12-02 11:20:00,10,9,1421.29,5,5,4,14,VIP,157.92111111111112,361,0
14902,332.66,1,218,2011-11-14 10:34:00,2011-11-14 10:34:00,25,1,332.66,4,1,2,7,Potential Loyal,332.66,0,0
14903,2795.33,5,1531,2011-11-18 16:07:00,2011-03-06 11:50:00,20,5,2795.33,4,4,5,13,VIP,559.066,257,0
14904,1025.44,2,1985,2011-12-07 12:55:00,2011-11-14 09:13:00,1,2,1025.44,5,3,4,12,Loyal,512.72,23,0
14905,616.15,2,287,2011-07-05 12:41:00,2011-04-20 10:48:00,157,2,616.15,2,3,3,8,Potential Loyal,308.075,76,1
14907,3501.1,7,1691,2011-12-06 14:14:00,2010-12-07 10:14:00,2,7,3501.1,5,5,5,15,VIP,500.15714285714284,364,0
14908,277.8,1,132,2011-09-26 12:56:00,2011-09-26 12:56:00,73,1,277.8,2,1,2,5,At Risk,277.8,0,0
14910,434.35,4,238,2011-12-07 10:06:00,2011-10-16 11:06:00,2,4,434.35,5,4,2,11,Loyal,108.5875,51,0
14911,143711.17,201,80240,2011-12-08 15:54:00,2010-12-01 14:05:00,0,201,143711.17,5,5,5,15,VIP,714.980945273632,372,0
14912,867.85,2,971,2011-11-23 09:20:00,2011-04-07 11:06:00,16,2,867.85,4,3,3,10,Loyal,433.925,229,0
14913,1227.43,4,1743,2011-11-04 08:29:00,2010-12-15 14:35:00,35,4,1227.43,3,4,4,11,Loyal,306.8575,323,0
14915,307.48,2,112,2011-09-09 13:34:00,2011-03-07 09:39:00,90,2,307.48,2,3,2,7,Potential Loyal,153.74,186,0
14916,1268.98,4,1136,2011-09-30 09:20:00,2011-01-19 15:30:00,70,4,1268.98,3,4,4,11,Loyal,317.245,253,0
14918,1610.15,2,675,2011-08-16 11:50:00,2011-07-08 12:50:00,115,2,1610.15,2,3,4,9,Potential Loyal,805.075,38,1
14920,977.77,2,509,2011-05-11 10:32:00,2011-05-11 10:31:00,212,2,977.77,1,3,4,8,Potential Loyal,488.885,0,1
14921,1316.07,2,953,2011-11-09 13:17:00,2011-05-22 12:51:00,29,2,1316.07,4,3,4,11,Loyal,658.035,171,0
14923,749.1,1,418,2011-10-20 11:51:00,2011-10-20 11:51:00,50,1,749.1,3,1,3,7,Potential Loyal,749.1,0,0
14924,310.05,1,64,2011-04-08 09:25:00,2011-04-08 09:25:00,245,1,310.05,1,1,2,4,Lost,310.05,0,1
14929,223.88,1,136,2011-11-07 17:21:00,2011-11-07 17:21:00,31,1,223.88,4,1,1,6,At Risk,223.88,0,0
14930,2362.96,3,1160,2011-08-23 10:31:00,2011-03-10 14:42:00,108,3,2362.96,2,3,5,10,Loyal,787.6533333333333,165,1
14931,1257.68,5,417,2011-12-05 10:19:00,2011-04-13 09:32:00,4,5,1257.68,5,4,4,13,VIP,251.536,236,0
14932,363.53,1,80,2010-12-09 11:48:00,2010-12-09 11:48:00,365,1,363.53,1,1,2,4,Lost,363.53,0,1
14934,1890.94,2,1042,2011-09-19 10:10:00,2011-03-02 11:48:00,81,2,1890.94,2,3,4,9,Potential Loyal,945.47,200,0
14935,1784.71,1,935,2011-02-15 14:44:00,2011-02-15 14:44:00,296,1,1784.71,1,1,4,6,At Risk,1784.71,0,1
14936,8137.02,8,4085,2011-11-06 10:30:00,2011-03-09 11:53:00,33,8,8137.02,3,5,5,13,VIP,1017.1275,241,0
14937,1621.88,3,484,2011-10-14 12:29:00,2011-08-01 14:16:00,56,3,1621.88,3,3,4,10,Loyal,540.6266666666667,73,0
14944,5900.25,12,2815,2011-11-10 09:10:00,2011-02-16 12:47:00,29,12,5900.25,4,5,5,14,VIP,491.6875,266,0
14946,100.9,1,22,2011-11-25 13:33:00,2011-11-25 13:33:00,13,1,100.9,4,1,1,6,At Risk,100.9,0,0
14947,290.82,2,179,2011-09-28 15:48:00,2011-08-01 09:31:00,71,2,290.82,3,3,2,8,Potential Loyal,145.41,58,0
14948,1101.97,6,673,2011-11-16 17:16:00,2011-05-04 14:52:00,22,6,1101.97,4,5,4,13,VIP,183.66166666666666,196,0
14950,371.2,1,136,2011-11-20 13:48:00,2011-11-20 13:48:00,18,1,371.2,4,1,2,7,Potential Loyal,371.2,0,0
14951,311.69,1,311,2011-09-21 15:15:00,2011-09-21 15:15:00,78,1,311.69,2,1,2,5,At Risk,311.69,0,0
14952,8099.49,11,3355,2011-10-11 10:33:00,2010-12-10 12:48:00,59,11,8099.49,3,5,5,13,VIP,736.3172727272727,304,0
14953,285.67,1,224,2011-11-14 14:59:00,2011-11-14 14:59:00,24,1,285.67,4,1,2,7,Potential Loyal,285.67,0,0
14954,294.85,1,117,2011-11-27 14:30:00,2011-11-27 14:30:00,11,1,294.85,5,1,2,8,Potential Loyal,294.85,0,0
14957,58.49,1,34,2011-03-31 17:59:00,2011-03-31 17:59:00,252,1,58.49,1,1,1,3,Lost,58.49,0,1
14958,483.72999999999996,3,128,2011-07-15 14:20:00,2011-04-08 11:28:00,146,3,483.72999999999996,2,3,2,7,Potential Loyal,161.2433333333333,98,1
14959,695.42,4,494,2011-10-06 18:23:00,2011-02-16 13:00:00,63,4,695.42,3,4,3,10,Loyal,173.855,232,0
14960,221.27,2,221,2011-12-01 12:54:00,2011-06-21 13:38:00,7,2,221.27,5,3,1,9,Potential Loyal,110.635,162,0
14961,7044.68,9,3708,2011-11-29 09:42:00,2010-12-14 11:38:00,10,9,7044.68,5,5,5,15,VIP,782.7422222222223,349,0
14962,126.7,1,44,2011-03-14 09:42:00,2011-03-14 09:42:00,270,1,126.7,1,1,1,3,Lost,126.7,0,1
14963,1472.34,5,1159,2011-11-30 12:16:00,2011-06-09 12:30:00,9,5,1472.34,5,4,4,13,VIP,294.46799999999996,173,0
14964,206.21,1,143,2011-04-06 14:13:00,2011-04-06 14:13:00,246,1,206.21,1,1,1,3,Lost,206.21,0,1
14965,596.09,2,363,2011-09-04 13:20:00,2011-09-04 13:15:00,95,2,596.09,2,3,3,8,Potential Loyal,298.045,0,1
14966,183.02,1,179,2011-11-25 12:20:00,2011-11-25 12:20:00,14,1,183.02,4,1,1,6,At Risk,183.02,0,0
14967,463.8,1,140,2011-10-21 11:06:00,2011-10-21 11:06:00,49,1,463.8,3,1,2,6,At Risk,463.8,0,0
14968,147.59,1,127,2011-11-09 13:58:00,2011-11-09 13:58:00,29,1,147.59,4,1,1,6,At Risk,147.59,0,0
14970,1592.06,4,250,2011-10-02 13:44:00,2011-01-27 12:23:00,67,4,1592.06,3,4,4,11,Loyal,398.015,248,0
14971,1097.98,3,639,2011-11-04 17:07:00,2011-10-27 13:33:00,34,3,1097.98,3,3,4,10,Loyal,365.99333333333334,8,0
14972,114.77,1,28,2011-08-03 14:54:00,2011-08-03 14:54:00,127,1,114.77,2,1,1,4,Lost,114.77,0,1
14973,1314.45,3,369,2011-08-24 15:51:00,2011-04-28 12:22:00,106,3,1314.45,2,3,4,9,Potential Loyal,438.15000000000003,118,1
14974,89.94,1,37,2011-11-02 13:01:00,2011-11-02 13:01:00,36,1,89.94,3,1,1,5,At Risk,89.94,0,0
14975,279.94,1,380,2011-10-13 14:08:00,2011-10-13 14:08:00,56,1,279.94,3,1,2,6,At Risk,279.94,0,0
14976,790.86,7,234,2011-10-13 16:37:00,2011-01-17 11:09:00,56,7,790.86,3,5,3,11,Loyal,112.98,269,0
14978,1921.3700000000001,5,523,2011-09-28 13:07:00,2011-01-13 12:03:00,71,5,1921.3700000000001,3,4,4,11,Loyal,384.274,258,0
14981,102.12,1,97,2011-04-07 13:45:00,2011-04-07 13:45:00,245,1,102.12,1,1,1,3,Lost,102.12,0,1
14984,202.37,2,58,2011-11-20 14:28:00,2011-06-12 11:04:00,18,2,202.37,4,3,1,8,Potential Loyal,101.185,161,0
14985,292.01,2,256,2011-05-25 14:29:00,2010-12-16 19:51:00,197,2,292.01,1,3,2,6,At Risk,146.005,159,1
14987,326.4,2,128,2011-11-24 09:59:00,2010-12-09 12:13:00,15,2,326.4,4,3,2,9,Potential Loyal,163.2,349,0
14988,334.54,1,141,2011-05-12 12:05:00,2011-05-12 12:05:00,211,1,334.54,1,1,2,4,Lost,334.54,0,1
14995,231.98000000000002,2,102,2011-11-01 11:39:00,2011-03-04 13:14:00,38,2,231.98000000000002,3,3,1,7,Potential Loyal,115.99000000000001,241,0
14997,546.1999999999999,3,1120,2011-10-24 13:28:00,2011-06-14 16:52:00,45,3,546.1999999999999,3,3,3,9,Potential Loyal,182.06666666666663,131,0
14998,414.87,2,258,2011-06-22 17:30:00,2011-04-12 16:28:00,169,2,414.87,2,3,2,7,Potential Loyal,207.435,71,1
15000,490.52,1,218,2011-10-23 11:42:00,2011-10-23 11:42:00,47,1,490.52,3,1,3,7,Potential Loyal,490.52,0,0
15002,1641.76,4,862,2011-08-16 10:44:00,2010-12-07 13:16:00,115,4,1641.76,2,4,4,10,Loyal,410.44,251,1
15004,1220.77,1,623,2011-07-15 14:05:00,2011-07-15 14:05:00,146,1,1220.77,2,1,4,7,Potential Loyal,1220.77,0,1
15005,6295.37,28,4230,2011-11-24 12:25:00,2010-12-08 14:36:00,15,28,6295.37,4,5,5,14,VIP,224.83464285714285,350,0
15006,480.38,1,286,2011-10-19 15:08:00,2011-10-19 15:08:00,50,1,480.38,3,1,2,6,At Risk,480.38,0,0
15007,156.91,1,69,2011-07-03 16:00:00,2011-07-03 16:00:00,158,1,156.91,2,1,1,4,Lost,156.91,0,1
15009,1259.43,3,639,2011-11-27 13:35:00,2011-11-14 17:40:00,11,3,1259.43,5,3,4,12,Loyal,419.81,12,0
15010,308.94,1,184,2011-11-04 12:42:00,2011-11-04 12:42:00,35,1,308.94,3,1,2,6,At Risk,308.94,0,0
15012,405.04,2,225,2011-10-17 12:22:00,2010-12-01 12:49:00,53,2,405.04,3,3,2,8,Potential Loyal,202.52,319,0
15014,257.67,2,149,2011-10-27 20:07:00,2011-06-16 19:40:00,42,2,257.67,3,3,2,8,Potential Loyal,128.835,133,0
15016,170.04,1,76,2011-06-20 12:06:00,2011-06-20 12:06:00,172,1,170.04,2,1,1,4,Lost,170.04,0,1
15017,125.58,1,63,2011-11-06 10:33:00,2011-11-06 10:33:00,33,1,125.58,3,1,1,5,At Risk,125.58,0,0
15018,496.21000000000004,3,189,2011-11-01 12:47:00,2010-12-07 10:47:00,38,3,496.21000000000004,3,3,3,9,Potential Loyal,165.40333333333334,329,0
15019,252.81,1,150,2011-03-18 12:35:00,2011-03-18 12:35:00,266,1,252.81,1,1,2,4,Lost,252.81,0,1
15021,1871.77,9,819,2011-12-01 11:53:00,2010-12-08 12:17:00,8,9,1871.77,5,5,4,14,VIP,207.97444444444443,357,0
15022,852.39,4,527,2011-11-28 12:35:00,2011-10-23 15:47:00,11,4,852.39,5,4,3,12,Loyal,213.0975,35,0
15023,6720.41,11,2827,2011-12-06 17:23:00,2010-12-05 13:49:00,2,11,6720.41,5,5,5,15,VIP,610.9463636363636,366,0
15024,1636.43,10,902,2011-11-30 12:06:00,2010-12-07 13:20:00,9,10,1636.43,5,5,4,14,VIP,163.643,357,0
15025,361.96,1,184,2011-11-06 15:20:00,2011-11-06 15:20:00,32,1,361.96,4,1,2,7,Potential Loyal,361.96,0,0
15026,469.0,3,285,2011-09-20 13:52:00,2011-03-07 13:45:00,79,3,469.0,2,3,2,7,Potential Loyal,156.33333333333334,197,0
15027,1066.1499999999999,4,565,2011-11-09 10:16:00,2011-04-15 14:14:00,30,4,1066.1499999999999,4,4,4,12,Loyal,266.53749999999997,207,0
15028,627.13,4,459,2011-12-01 14:06:00,2010-12-06 12:47:00,7,4,627.13,5,4,3,12,Loyal,156.7825,360,0
15030,518.28,2,372,2011-09-29 10:50:00,2011-03-16 15:34:00,71,2,518.28,3,3,3,9,Potential Loyal,259.14,196,0
15031,653.19,4,400,2011-12-05 14:19:00,2011-03-02 14:46:00,3,4,653.19,5,4,3,12,Loyal,163.2975,277,0
15032,4959.1,3,2968,2011-03-28 15:03:00,2010-12-08 12:57:00,255,3,4959.1,1,3,5,9,Potential Loyal,1653.0333333333335,110,1
15033,2557.18,10,1672,2011-12-05 12:40:00,2011-01-14 13:28:00,4,10,2557.18,5,5,5,15,VIP,255.718,324,0
15034,4274.16,8,2413,2011-11-24 12:11:00,2010-12-21 09:47:00,15,8,4274.16,4,5,5,14,VIP,534.27,338,0
15035,252.73000000000002,1,245,2011-09-11 11:08:00,2011-09-11 11:08:00,89,1,252.73000000000002,2,1,2,5,At Risk,252.73000000000002,0,0
15036,429.56,3,316,2011-09-28 15:42:00,2011-06-13 12:19:00,71,3,429.56,3,3,2,8,Potential Loyal,143.18666666666667,107,0
15038,685.74,6,212,2011-10-12 11:33:00,2010-12-05 10:54:00,58,6,685.74,3,5,3,11,Loyal,114.29,311,0
15039,19766.59,47,9131,2011-11-30 11:31:00,2010-12-06 11:26:00,9,47,19766.59,5,5,5,15,VIP,420.5657446808511,359,0
15041,179.93,1,103,2011-06-22 16:16:00,2011-06-22 16:16:00,169,1,179.93,2,1,1,4,Lost,179.93,0,1
15042,135.93,1,30,2011-05-24 16:25:00,2011-05-24 16:25:00,198,1,135.93,1,1,1,3,Lost,135.93,0,1
15043,537.0,1,300,2011-11-08 14:26:00,2011-11-08 14:26:00,30,1,537.0,4,1,3,8,Potential Loyal,537.0,0,0
15044,7634.7300000000005,17,2785,2011-11-20 13:20:00,2010-12-12 14:27:00,18,17,7634.7300000000005,4,5,5,14,VIP,449.1017647058824,342,0
15045,735.66,2,114,2011-07-11 11:33:00,2011-03-27 11:44:00,151,2,735.66,2,3,3,8,Potential Loyal,367.83,105,1
15046,5090.42,15,3372,2011-11-30 15:50:00,2011-01-05 15:30:00,8,15,5090.42,5,5,5,15,VIP,339.36133333333333,329,0
15047,343.62,1,222,2011-03-15 10:49:00,2011-03-15 10:49:00,269,1,343.62,1,1,2,4,Lost,343.62,0,1
15048,381.0,4,192,2011-10-05 14:55:00,2010-12-06 12:15:00,64,4,381.0,3,4,2,9,Potential Loyal,95.25,303,0
15049,121.17000000000002,1,63,2011-03-11 12:13:00,2011-03-11 12:13:00,273,1,121.17000000000002,1,1,1,3,Lost,121.17000000000002,0,1
15050,1737.69,3,1216,2011-11-14 16:17:00,2011-09-29 13:22:00,24,3,1737.69,4,3,4,11,Loyal,579.23,46,0
15051,1383.3600000000001,3,1010,2011-11-16 15:38:00,2011-07-12 15:29:00,22,3,1383.3600000000001,4,3,4,11,Loyal,461.12000000000006,127,0
15052,207.73000000000002,1,79,2011-01-24 15:52:00,2011-01-24 15:52:00,318,1,207.73000000000002,1,1,1,3,Lost,207.73000000000002,0,1
15053,693.95,3,984,2011-12-05 12:08:00,2011-03-03 12:06:00,4,3,693.95,5,3,3,11,Loyal,231.3166666666667,277,0
15054,302.1,2,198,2011-11-27 15:02:00,2011-10-30 14:33:00,11,2,302.1,5,3,2,10,Loyal,151.05,28,0
15057,1489.5,2,668,2011-03-09 15:17:00,2011-01-28 09:09:00,274,2,1489.5,1,3,4,8,Potential Loyal,744.75,40,1
15058,2102.54,11,1054,2011-11-14 14:57:00,2011-01-31 15:35:00,24,11,2102.54,4,5,5,14,VIP,191.14,286,0
15059,1337.72,9,604,2011-10-30 11:35:00,2011-01-09 11:54:00,40,9,1337.72,3,5,4,12,Loyal,148.63555555555556,293,0
15060,294.25,4,257,2011-12-01 13:47:00,2011-11-30 14:03:00,7,4,294.25,5,4,2,11,Loyal,73.5625,0,0
15061,54534.14,48,28920,2011-12-06 12:06:00,2010-12-02 15:19:00,3,48,54534.14,5,5,5,15,VIP,1136.1279166666666,368,0
15062,987.86,4,763,2011-09-29 16:51:00,2010-12-15 15:37:00,70,4,987.86,3,4,4,11,Loyal,246.965,288,0
15063,370.79999999999995,1,56,2011-05-10 13:25:00,2011-05-10 13:25:00,212,1,370.79999999999995,1,1,2,4,Lost,370.79999999999995,0,1
15065,3158.13,4,1383,2011-11-02 09:45:00,2011-02-21 12:54:00,37,4,3158.13,3,4,5,12,Loyal,789.5325,253,0
15066,893.59,1,317,2011-10-17 13:25:00,2011-10-17 13:25:00,52,1,893.59,3,1,3,7,Potential Loyal,893.59,0,0
15067,1744.76,3,954,2011-09-22 13:20:00,2011-03-02 12:10:00,77,3,1744.76,2,3,4,9,Potential Loyal,581.5866666666667,204,0
15068,553.36,2,364,2011-10-24 14:47:00,2011-03-28 14:27:00,45,2,553.36,3,3,3,9,Potential Loyal,276.68,210,0
15069,1109.53,1,520,2011-06-13 14:16:00,2011-06-13 14:16:00,178,1,1109.53,2,1,4,7,Potential Loyal,1109.53,0,1
15070,106.2,1,36,2010-12-02 11:23:00,2010-12-02 11:23:00,372,1,106.2,1,1,1,3,Lost,106.2,0,1
15071,982.07,2,269,2011-09-07 11:43:00,2011-03-09 10:19:00,93,2,982.07,2,3,4,9,Potential Loyal,491.035,182,1
15073,1043.41,3,491,2011-11-30 10:44:00,2011-06-06 09:59:00,9,3,1043.41,5,3,4,12,Loyal,347.80333333333334,177,0
15074,735.67,1,431,2011-08-26 14:45:00,2011-08-26 14:45:00,104,1,735.67,2,1,3,6,At Risk,735.67,0,1
15075,773.03,1,447,2011-09-23 12:27:00,2011-09-23 12:27:00,77,1,773.03,2,1,3,6,At Risk,773.03,0,0
15076,880.85,1,571,2011-06-20 08:23:00,2011-06-20 08:23:00,172,1,880.85,2,1,3,6,At Risk,880.85,0,1
15078,9743.11,32,5105,2011-12-02 15:41:00,2010-12-06 12:38:00,6,32,9743.11,5,5,5,15,VIP,304.4721875,361,0
15079,895.61,4,389,2011-05-11 12:45:00,2010-12-09 09:25:00,212,4,895.61,1,4,3,8,Potential Loyal,223.9025,153,1
15081,504.8,5,190,2011-11-17 17:08:00,2010-12-07 16:20:00,21,5,504.8,4,4,3,11,Loyal,100.96000000000001,345,0
15083,88.2,1,38,2011-03-28 12:18:00,2011-03-28 12:18:00,256,1,88.2,1,1,1,3,Lost,88.2,0,1
15087,306.94,1,470,2011-03-03 10:34:00,2011-03-03 10:34:00,281,1,306.94,1,1,2,4,Lost,306.94,0,1
15088,1160.07,2,460,2011-11-18 13:14:00,2011-10-03 14:05:00,20,2,1160.07,4,3,4,11,Loyal,580.035,45,0
15089,2420.84,6,1359,2011-11-29 16:31:00,2011-08-03 14:14:00,9,6,2420.84,5,5,5,15,VIP,403.47333333333336,118,0
15090,381.32,1,208,2011-02-04 14:03:00,2011-02-04 14:03:00,307,1,381.32,1,1,2,4,Lost,381.32,0,1
15091,480.71,1,346,2011-10-03 12:47:00,2011-10-03 12:47:00,67,1,480.71,3,1,2,6,At Risk,480.71,0,0
15092,457.81,2,135,2011-05-08 14:10:00,2011-03-01 12:24:00,214,2,457.81,1,3,2,6,At Risk,228.905,68,1
15093,4597.02,6,3760,2011-11-21 13:09:00,2010-12-02 18:25:00,17,6,4597.02,4,5,5,14,VIP,766.1700000000001,353,0
15095,1370.6,4,1079,2011-08-28 12:01:00,2011-05-20 14:27:00,103,4,1370.6,2,4,4,10,Loyal,342.65,99,1
15096,219.39000000000001,1,120,2011-10-28 10:27:00,2011-10-28 10:27:00,42,1,219.39000000000001,3,1,1,5,At Risk,219.39000000000001,0,0
15097,248.08,1,170,2011-12-05 14:03:00,2011-12-05 14:03:00,3,1,248.08,5,1,1,7,Potential Loyal,248.08,0,0
15098,39916.5,3,121,2011-06-10 15:33:00,2011-06-10 15:22:00,181,3,39916.5,1,3,5,9,Potential Loyal,13305.5,0,1
15099,410.48,1,343,2011-09-16 13:13:00,2011-09-16 13:13:00,83,1,410.48,2,1,2,5,At Risk,410.48,0,0
15100,876.0,3,80,2011-01-10 10:35:00,2010-12-01 09:09:00,333,3,876.0,1,3,3,7,Potential Loyal,292.0,40,1
15101,317.53,2,241,2011-12-01 10:18:00,2010-12-15 12:54:00,8,2,317.53,5,3,2,10,Loyal,158.765,350,0
15103,703.36,2,329,2011-11-08 14:53:00,2011-09-14 13:54:00,30,2,703.36,4,3,3,10,Loyal,351.68,55,0
15104,993.54,2,635,2011-05-27 12:29:00,2011-03-02 14:16:00,196,2,993.54,1,3,4,8,Potential Loyal,496.77,85,1
15105,2298.93,7,1211,2011-11-21 16:54:00,2011-07-28 10:09:00,17,7,2298.93,4,5,5,14,VIP,328.4185714285714,116,0
15106,1422.52,5,1181,2011-11-22 09:16:00,2011-03-15 12:52:00,17,5,1422.52,4,4,4,12,Loyal,284.504,251,0
15107,319.5,6,169,2011-02-01 14:46:00,2010-12-02 13:45:00,310,6,319.5,1,5,2,8,Potential Loyal,53.25,61,1
15108,1300.25,4,499,2011-07-21 10:24:00,2011-04-26 10:54:00,141,4,1300.25,2,4,4,10,Loyal,325.0625,85,1
15109,484.95,1,131,2011-04-08 09:58:00,2011-04-08 09:58:00,245,1,484.95,1,1,2,4,Lost,484.95,0,1
15110,996.1,4,246,2011-11-16 11:16:00,2011-01-25 11:41:00,23,4,996.1,4,4,4,12,Loyal,249.025,294,0
15111,1567.48,3,710,2011-11-10 16:58:00,2010-12-02 11:45:00,28,3,1567.48,4,3,4,11,Loyal,522.4933333333333,343,0
15113,3509.43,3,2344,2011-11-30 08:23:00,2011-10-16 15:27:00,9,3,3509.43,5,3,5,13,VIP,1169.81,44,0
15114,2760.56,10,3096,2011-11-09 15:05:00,2011-02-11 08:45:00,29,10,2760.56,4,5,5,14,VIP,276.056,271,0
15115,340.11,1,157,2011-11-21 14:59:00,2011-11-21 14:59:00,17,1,340.11,4,1,2,7,Potential Loyal,340.11,0,0
15116,1352.75,4,648,2011-11-22 12:25:00,2011-05-19 08:50:00,17,4,1352.75,4,4,4,12,Loyal,338.1875,187,0
15117,1551.78,5,1948,2011-11-25 08:12:00,2011-05-08 12:38:00,14,5,1551.78,4,4,4,12,Loyal,310.356,200,0
15118,244.8,1,1440,2011-07-28 14:54:00,2011-07-28 14:54:00,133,1,244.8,2,1,1,4,Lost,244.8,0,1
15119,266.4,1,88,2011-04-08 09:08:00,2011-04-08 09:08:00,245,1,266.4,1,1,2,4,Lost,266.4,0,1
15120,358.82,1,296,2011-07-29 09:48:00,2011-07-29 09:48:00,133,1,358.82,2,1,2,5,At Risk,358.82,0,1
15121,457.72,2,199,2011-10-20 14:51:00,2011-02-24 12:41:00,49,2,457.72,3,3,2,8,Potential Loyal,228.86,238,0
15122,1633.78,3,800,2011-08-17 16:48:00,2011-02-15 09:59:00,113,3,1633.78,2,3,4,9,Potential Loyal,544.5933333333334,183,1
15123,2199.31,2,1195,2011-12-02 13:12:00,2011-05-17 14:57:00,6,2,2199.31,5,3,5,13,VIP,1099.655,198,0
15124,184.19,2,233,2011-11-17 10:09:00,2011-06-01 09:06:00,22,2,184.19,4,3,1,8,Potential Loyal,92.095,169,0
15125,11528.48,15,6193,2011-11-14 13:57:00,2011-03-14 09:59:00,24,15,11528.48,4,5,5,14,VIP,768.5653333333333,245,0
15127,406.53,1,251,2011-10-05 10:30:00,2011-10-05 10:30:00,65,1,406.53,3,1,2,6,At Risk,406.53,0,0
15128,1471.0,4,1343,2011-10-10 13:54:00,2011-05-04 12:32:00,59,4,1471.0,3,4,4,11,Loyal,367.75,159,0
15129,3447.4,11,1794,2011-10-20 14:40:00,2011-02-21 09:09:00,49,11,3447.4,3,5,5,13,VIP,313.40000000000003,241,0
15130,330.11,1,197,2011-06-23 10:15:00,2011-06-23 10:15:00,169,1,330.11,2,1,2,5,At Risk,330.11,0,1
15132,977.9300000000001,5,679,2011-11-21 17:10:00,2011-03-22 12:02:00,17,5,977.9300000000001,4,4,4,12,Loyal,195.586,244,0
15133,982.42,3,680,2011-08-04 10:44:00,2011-02-11 10:38:00,127,3,982.42,2,3,4,9,Potential Loyal,327.4733333333333,174,1
15134,1387.99,8,887,2011-11-25 08:55:00,2011-04-13 11:05:00,14,8,1387.99,4,5,4,13,VIP,173.49875,225,0
15135,139.05,1,43,2011-04-14 19:16:00,2011-04-14 19:16:00,238,1,139.05,1,1,1,3,Lost,139.05,0,1
15136,1286.7,4,776,2011-12-07 12:26:00,2011-09-04 16:05:00,2,4,1286.7,5,4,4,13,VIP,321.675,93,0
15139,178.96,2,208,2011-04-14 11:39:00,2011-01-07 12:44:00,239,2,178.96,1,3,1,5,At Risk,89.48,96,1
15140,2354.25,7,1572,2011-10-18 14:07:00,2011-03-20 14:37:00,51,7,2354.25,3,5,5,13,VIP,336.32142857142856,211,0
15142,498.74,1,365,2011-10-24 12:51:00,2011-10-24 12:51:00,45,1,498.74,3,1,3,7,Potential Loyal,498.74,0,0
15143,259.45,1,150,2011-04-28 12:03:00,2011-04-28 12:03:00,225,1,259.45,1,1,2,4,Lost,259.45,0,1
15144,6580.44,17,3050,2011-12-01 15:12:00,2011-01-31 13:17:00,7,17,6580.44,5,5,5,15,VIP,387.0847058823529,304,0
15145,1194.73,4,756,2011-12-05 17:21:00,2011-04-05 15:20:00,3,4,1194.73,5,4,4,13,VIP,298.6825,244,0
15146,1327.16,2,1473,2011-06-28 12:09:00,2011-02-21 13:07:00,164,2,1327.16,2,3,4,9,Potential Loyal,663.58,126,1
15147,623.5,1,366,2011-04-13 15:57:00,2011-04-13 15:57:00,239,1,623.5,1,1,3,5,At Risk,623.5,0,1
15148,301.29,1,187,2011-11-29 08:21:00,2011-11-29 08:21:00,10,1,301.29,5,1,2,8,Potential Loyal,301.29,0,0
15149,520.8000000000001,1,128,2011-07-29 10:58:00,2011-07-29 10:58:00,133,1,520.8000000000001,2,1,3,6,At Risk,520.8000000000001,0,1
15150,5291.33,10,3642,2011-11-22 12:52:00,2011-03-15 14:21:00,16,10,5291.33,4,5,5,14,VIP,529.133,251,0
15152,4745.69,13,2704,2011-11-30 12:32:00,2011-06-05 15:36:00,9,13,4745.69,5,5,5,15,VIP,365.0530769230769,177,0
15153,329.25,1,198,2011-11-08 17:09:00,2011-11-08 17:09:00,30,1,329.25,4,1,2,7,Potential Loyal,329.25,0,0
15154,254.28,1,89,2011-09-25 16:05:00,2011-09-25 16:05:00,74,1,254.28,2,1,2,5,At Risk,254.28,0,0
15156,961.49,3,597,2011-12-08 18:22:00,2011-11-06 12:41:00,0,3,961.49,5,3,4,12,Loyal,320.49666666666667,32,0
15157,1936.07,3,2392,2011-12-06 11:28:00,2010-12-16 13:44:00,3,3,1936.07,5,3,4,12,Loyal,645.3566666666667,354,0
15158,401.40000000000003,1,198,2011-10-25 13:53:00,2011-10-25 13:53:00,44,1,401.40000000000003,3,1,2,6,At Risk,401.40000000000003,0,0
15159,18641.010000000002,30,11441,2011-12-08 12:05:00,2010-12-13 15:44:00,1,30,18641.010000000002,5,5,5,15,VIP,621.3670000000001,359,0
15160,158.16,1,84,2010-12-17 14:15:00,2010-12-17 14:15:00,356,1,158.16,1,1,1,3,Lost,158.16,0,1
15163,304.47,2,186,2011-11-21 13:10:00,2011-05-31 15:22:00,17,2,304.47,4,3,2,9,Potential Loyal,152.235,173,0
15164,824.58,3,351,2011-10-02 12:05:00,2011-01-04 14:21:00,68,3,824.58,3,3,3,9,Potential Loyal,274.86,270,0
15165,487.75,1,160,2010-12-01 14:03:00,2010-12-01 14:03:00,372,1,487.75,1,1,3,5,At Risk,487.75,0,1
15167,158.8,1,65,2011-01-23 12:41:00,2011-01-23 12:41:00,320,1,158.8,1,1,1,3,Lost,158.8,0,1
15168,106.56,1,52,2011-11-14 11:26:00,2011-11-14 11:26:00,25,1,106.56,4,1,1,6,At Risk,106.56,0,0
15171,1289.5,1,290,2011-01-12 15:36:00,2011-01-12 15:36:00,330,1,1289.5,1,1,4,6,At Risk,1289.5,0,1
15172,1624.05,5,1611,2011-12-01 11:51:00,2011-04-17 11:56:00,8,5,1624.05,5,4,4,13,VIP,324.81,227,0
15174,135.75,1,145,2011-01-21 09:06:00,2011-01-21 09:06:00,322,1,135.75,1,1,1,3,Lost,135.75,0,1
15175,224.14,1,454,2011-09-29 11:31:00,2011-09-29 11:31:00,71,1,224.14,3,1,1,5,At Risk,224.14,0,0
15178,40.5,1,30,2011-03-24 15:12:00,2011-03-24 15:12:00,259,1,40.5,1,1,1,3,Lost,40.5,0,1
15179,2206.95,5,1938,2011-11-21 12:53:00,2011-01-24 13:48:00,17,5,2206.95,4,4,5,13,VIP,441.39,300,0
15180,87.5,1,36,2010-12-07 14:57:00,2010-12-07 14:57:00,366,1,87.5,1,1,1,3,Lost,87.5,0,1
15181,689.4799999999999,3,544,2011-10-04 13:58:00,2011-03-15 12:03:00,65,3,689.4799999999999,3,3,3,9,Potential Loyal,229.82666666666663,203,0
15182,622.85,2,253,2011-07-08 13:37:00,2011-03-16 12:42:00,153,2,622.85,2,3,3,8,Potential Loyal,311.425,114,1
15184,402.2,2,199,2011-11-10 13:41:00,2011-06-02 12:06:00,28,2,402.2,4,3,2,9,Potential Loyal,201.1,161,0
15185,310.62,1,666,2011-09-30 14:06:00,2011-09-30 14:06:00,69,1,310.62,3,1,2,6,At Risk,310.62,0,0
15186,411.41,2,215,2011-11-25 14:58:00,2011-06-24 14:54:00,13,2,411.41,4,3,2,9,Potential Loyal,205.705,154,0
15187,4777.18,16,1887,2011-12-08 11:56:00,2011-05-11 13:49:00,1,16,4777.18,5,5,5,15,VIP,298.57375,210,0
15189,16225.39,41,6149,2011-12-08 13:22:00,2011-01-11 12:29:00,0,41,16225.39,5,5,5,15,VIP,395.74121951219513,331,0
15192,1044.32,3,918,2011-08-12 11:41:00,2010-12-09 14:56:00,119,3,1044.32,2,3,4,9,Potential Loyal,348.1066666666666,245,1
15193,499.32,1,144,2011-10-10 08:23:00,2011-10-10 08:23:00,60,1,499.32,3,1,3,7,Potential Loyal,499.32,0,0
15194,7616.53,15,5703,2011-12-06 15:10:00,2010-12-06 15:00:00,2,15,7616.53,5,5,5,15,VIP,507.76866666666666,365,0
15195,3861.0,1,1404,2011-12-07 12:20:00,2011-12-07 12:20:00,2,1,3861.0,5,1,5,11,Loyal,3861.0,0,0
15197,1079.6100000000001,3,469,2011-11-29 10:00:00,2010-12-16 18:01:00,10,3,1079.6100000000001,5,3,4,12,Loyal,359.87000000000006,347,0
15198,193.64,2,120,2011-09-08 14:42:00,2011-08-07 15:16:00,91,2,193.64,2,3,1,6,At Risk,96.82,31,1
15199,1268.7,4,396,2011-10-11 15:12:00,2011-02-04 14:04:00,58,4,1268.7,3,4,4,11,Loyal,317.175,249,0
15201,1236.54,5,1210,2011-09-13 14:53:00,2011-04-06 14:02:00,86,5,1236.54,2,4,4,10,Loyal,247.308,160,0
15203,1827.8,6,1753,2011-11-14 08:16:00,2011-02-01 12:29:00,25,6,1827.8,4,5,4,13,VIP,304.6333333333333,285,0
15204,316.58,1,258,2010-12-17 13:49:00,2010-12-17 13:49:00,356,1,316.58,1,1,2,4,Lost,316.58,0,1
15205,653.24,2,378,2011-09-15 19:36:00,2011-08-04 16:07:00,84,2,653.24,2,3,3,8,Potential Loyal,326.62,42,0
15206,420.29999999999995,4,162,2011-11-29 13:41:00,2011-03-09 08:59:00,9,4,420.29999999999995,5,4,2,11,Loyal,105.07499999999999,265,0
15208,870.12,5,316,2011-12-08 17:24:00,2010-12-21 13:03:00,0,5,870.12,5,4,3,12,Loyal,174.024,352,0
15210,331.18,1,228,2011-04-28 16:11:00,2011-04-28 16:11:00,224,1,331.18,1,1,2,4,Lost,331.18,0,1
15211,894.4100000000001,2,240,2011-10-10 13:31:00,2010-12-09 16:08:00,59,2,894.4100000000001,3,3,3,9,Potential Loyal,447.20500000000004,304,0
15212,101.8,1,36,2011-04-12 13:45:00,2011-04-12 13:45:00,240,1,101.8,1,1,1,3,Lost,101.8,0,1
15213,328.35,2,272,2011-01-25 12:21:00,2011-01-14 11:05:00,318,2,328.35,1,3,2,6,At Risk,164.175,11,1
15214,1661.44,8,1254,2011-12-08 12:07:00,2011-04-11 09:46:00,1,8,1661.44,5,5,4,14,VIP,207.68,241,0
15215,734.94,3,225,2011-10-24 11:41:00,2011-09-04 12:24:00,46,3,734.94,3,3,3,9,Potential Loyal,244.98000000000002,49,0
15216,96.6,1,28,2011-09-13 11:41:00,2011-09-13 11:41:00,87,1,96.6,2,1,1,4,Lost,96.6,0,0
15218,5756.89,11,3329,2011-11-29 11:48:00,2011-01-25 11:20:00,10,11,5756.89,5,5,5,15,VIP,523.3536363636364,308,0
15219,305.75,1,45,2011-06-16 16:57:00,2011-06-16 16:57:00,175,1,305.75,2,1,2,5,At Risk,305.75,0,1
15220,1778.96,6,1393,2011-10-19 12:39:00,2011-03-04 10:24:00,51,6,1778.96,3,5,4,12,Loyal,296.49333333333334,229,0
15221,403.25,1,43,2010-12-08 13:08:00,2010-12-08 13:08:00,365,1,403.25,1,1,2,4,Lost,403.25,0,1
15222,585.0,1,440,2011-01-25 08:03:00,2011-01-25 08:03:00,318,1,585.0,1,1,3,5,At Risk,585.0,0,1
15223,755.75,2,213,2011-04-28 11:31:00,2011-04-04 12:17:00,225,2,755.75,1,3,3,7,Potential Loyal,377.875,23,1
15224,322.08,2,152,2010-12-16 15:02:00,2010-12-12 12:34:00,357,2,322.08,1,3,2,6,At Risk,161.04,4,1
15225,409.40000000000003,1,226,2011-04-19 14:51:00,2011-04-19 14:51:00,233,1,409.40000000000003,1,1,2,4,Lost,409.40000000000003,0,1
15226,154.41,1,71,2011-02-02 11:41:00,2011-02-02 11:41:00,310,1,154.41,1,1,1,3,Lost,154.41,0,1
15227,1219.4,5,750,2011-11-03 11:59:00,2011-01-26 15:31:00,36,5,1219.4,3,4,4,11,Loyal,243.88000000000002,280,0
15228,3386.71,4,2255,2011-10-04 13:56:00,2011-02-18 09:04:00,65,4,3386.71,3,4,5,12,Loyal,846.6775,228,0
15230,429.6,2,351,2011-04-14 14:39:00,2011-04-13 11:04:00,238,2,429.6,1,3,2,6,At Risk,214.8,1,1
15232,612.06,2,686,2011-08-18 16:27:00,2011-07-22 12:21:00,112,2,612.06,2,3,3,8,Potential Loyal,306.03,27,1
15234,197.0,1,196,2011-03-08 08:53:00,2011-03-08 08:53:00,276,1,197.0,1,1,1,3,Lost,197.0,0,1
15235,2247.51,12,1324,2011-05-06 09:44:00,2010-12-01 17:22:00,217,12,2247.51,1,5,5,11,Loyal,187.29250000000002,155,1
15236,321.05,1,269,2011-02-14 10:52:00,2011-02-14 10:52:00,298,1,321.05,1,1,2,4,Lost,321.05,0,1
15237,1412.32,4,1071,2011-12-08 09:46:00,2011-04-26 15:04:00,1,4,1412.32,5,4,4,13,VIP,353.08,225,0
15238,1071.99,3,692,2011-11-10 14:28:00,2011-06-08 16:00:00,28,3,1071.99,4,3,4,11,Loyal,357.33,154,0
15239,780.59,2,594,2011-11-29 14:14:00,2011-09-22 09:53:00,9,2,780.59,5,3,3,11,Loyal,390.295,68,0
15240,1706.57,5,1369,2011-10-26 09:50:00,2011-02-01 08:23:00,44,5,1706.57,3,4,4,11,Loyal,341.31399999999996,267,0
15241,1756.44,8,1818,2011-10-04 09:05:00,2011-03-01 11:02:00,66,8,1756.44,3,5,4,12,Loyal,219.555,216,0
15243,316.68,1,185,2011-09-26 14:12:00,2011-09-26 14:12:00,73,1,316.68,2,1,2,5,At Risk,316.68,0,0
15244,631.57,2,405,2011-10-05 13:19:00,2011-04-05 15:12:00,64,2,631.57,3,3,3,9,Potential Loyal,315.785,182,0
15245,2515.84,3,1784,2011-07-28 18:56:00,2011-03-23 13:42:00,133,3,2515.84,2,3,5,10,Loyal,838.6133333333333,127,1
15246,514.15,2,247,2011-04-15 14:45:00,2010-12-16 09:46:00,237,2,514.15,1,3,3,7,Potential Loyal,257.075,120,1
15247,356.0,1,160,2011-08-09 12:52:00,2011-08-09 12:52:00,121,1,356.0,2,1,2,5,At Risk,356.0,0,1
15249,6688.46,13,3577,2011-11-08 11:45:00,2011-03-28 12:49:00,31,13,6688.46,4,5,5,14,VIP,514.496923076923,224,0
15251,10484.99,11,6171,2011-11-30 15:02:00,2011-04-12 10:38:00,8,11,10484.99,5,5,5,15,VIP,953.180909090909,232,0
15252,740.78,2,522,2011-11-03 13:30:00,2011-06-09 14:15:00,35,2,740.78,3,3,3,9,Potential Loyal,370.39,146,0
15253,918.1999999999999,5,866,2011-11-23 16:22:00,2011-06-23 12:19:00,15,5,918.1999999999999,4,4,3,11,Loyal,183.64,153,0
15254,300.36,1,275,2011-08-04 15:04:00,2011-08-04 15:04:00,126,1,300.36,2,1,2,5,At Risk,300.36,0,1
15255,890.85,1,489,2011-10-04 12:43:00,2011-10-04 12:43:00,66,1,890.85,3,1,3,7,Potential Loyal,890.85,0,0
15256,98.45,1,55,2011-07-14 11:47:00,2011-07-14 11:47:00,148,1,98.45,2,1,1,4,Lost,98.45,0,1
15257,317.15,1,46,2011-03-01 12:58:00,2011-03-01 12:58:00,282,1,317.15,1,1,2,4,Lost,317.15,0,1
15258,623.16,2,142,2011-06-24 12:30:00,2011-05-06 14:16:00,168,2,623.16,2,3,3,8,Potential Loyal,311.58,48,1
15260,1810.77,7,885,2011-08-31 13:55:00,2010-12-02 12:09:00,99,7,1810.77,2,5,4,11,Loyal,258.68142857142857,272,1
15261,254.82,1,270,2011-07-27 15:20:00,2011-07-27 15:20:00,134,1,254.82,2,1,2,5,At Risk,254.82,0,1
15262,178.95000000000002,1,73,2011-01-20 12:16:00,2011-01-20 12:16:00,323,1,178.95000000000002,1,1,1,3,Lost,178.95000000000002,0,1
15263,156.51,1,89,2011-08-25 10:26:00,2011-08-25 10:26:00,106,1,156.51,2,1,1,4,Lost,156.51,0,1
15264,393.74,1,265,2011-10-06 13:49:00,2011-10-06 13:49:00,63,1,393.74,3,1,2,6,At Risk,393.74,0,0
15265,1506.1200000000001,2,612,2011-07-11 14:46:00,2011-04-18 12:16:00,150,2,1506.1200000000001,2,3,4,9,Potential Loyal,753.0600000000001,84,1
15266,119.3,1,18,2011-01-05 13:40:00,2011-01-05 13:40:00,337,1,119.3,1,1,1,3,Lost,119.3,0,1
15267,1717.36,5,944,2011-11-17 15:59:00,2011-06-10 10:24:00,21,5,1717.36,4,4,4,12,Loyal,343.472,160,0
15269,408.8,1,26,2011-11-16 09:32:00,2011-11-16 09:32:00,23,1,408.8,4,1,2,7,Potential Loyal,408.8,0,0
15270,2379.49,7,1521,2011-11-24 09:24:00,2011-02-02 13:25:00,15,7,2379.49,4,5,5,14,VIP,339.9271428571428,294,0
15271,2493.34,15,1251,2011-12-02 14:11:00,2010-12-09 13:47:00,6,15,2493.34,5,5,5,15,VIP,166.22266666666667,358,0
15272,721.94,2,310,2011-10-13 12:59:00,2011-09-14 16:36:00,56,2,721.94,3,3,3,9,Potential Loyal,360.97,28,0
15274,716.57,2,619,2011-12-05 16:57:00,2011-11-21 14:17:00,3,2,716.57,5,3,3,11,Loyal,358.285,14,0
15275,615.14,1,498,2011-11-02 11:20:00,2011-11-02 11:20:00,37,1,615.14,3,1,3,7,Potential Loyal,615.14,0,0
15276,128.63,1,61,2011-10-04 16:39:00,2011-10-04 16:39:00,65,1,128.63,3,1,1,5,At Risk,128.63,0,0
15277,255.89999999999998,1,205,2011-10-24 10:08:00,2011-10-24 10:08:00,46,1,255.89999999999998,3,1,2,6,At Risk,255.89999999999998,0,0
15279,290.51,1,189,2010-12-20 10:48:00,2010-12-20 10:48:00,354,1,290.51,1,1,2,4,Lost,290.51,0,1
15280,113.12,1,154,2011-06-20 17:14:00,2011-06-20 17:14:00,171,1,113.12,2,1,1,4,Lost,113.12,0,1
15281,2332.15,9,1211,2011-10-12 09:10:00,2011-01-10 15:51:00,58,9,2332.15,3,5,5,13,VIP,259.1277777777778,274,0
15286,240.55,1,55,2011-10-21 11:08:00,2011-10-21 11:08:00,49,1,240.55,3,1,1,5,At Risk,240.55,0,0
15287,486.69,2,433,2011-11-17 15:34:00,2011-09-30 12:30:00,21,2,486.69,4,3,2,9,Potential Loyal,243.345,48,0
15288,2306.52,5,775,2011-10-27 16:58:00,2010-12-09 13:59:00,42,5,2306.52,3,4,5,12,Loyal,461.304,322,0
15289,939.78,3,1008,2011-11-10 13:49:00,2011-04-04 12:44:00,28,3,939.78,4,3,4,11,Loyal,313.26,220,0
15290,7943.22,18,4501,2011-12-05 11:39:00,2010-12-15 16:03:00,4,18,7943.22,5,5,5,15,VIP,441.29,354,0
15291,4668.3,15,2103,2011-11-14 11:02:00,2010-12-01 09:32:00,25,15,4668.3,4,5,5,14,VIP,311.22,348,0
15292,178.39,1,55,2011-05-22 15:00:00,2011-05-22 15:00:00,200,1,178.39,1,1,1,3,Lost,178.39,0,1
15296,3672.86,6,1766,2011-10-20 11:47:00,2011-01-17 11:57:00,50,6,3672.86,3,5,5,13,VIP,612.1433333333333,275,0
15297,641.94,3,292,2011-11-29 16:32:00,2011-10-07 09:42:00,9,3,641.94,5,3,3,11,Loyal,213.98000000000002,53,0
15298,4799.9,12,3116,2011-12-07 17:17:00,2010-12-08 13:55:00,1,12,4799.9,5,5,5,15,VIP,399.9916666666666,364,0
15299,4507.01,7,2948,2011-10-03 14:19:00,2010-12-02 16:48:00,66,7,4507.01,3,5,5,13,VIP,643.8585714285715,304,0
15300,496.44,1,292,2011-10-06 17:08:00,2011-10-06 17:08:00,63,1,496.44,3,1,3,7,Potential Loyal,496.44,0,0
15301,5049.95,12,2751,2011-10-20 09:57:00,2010-12-06 12:21:00,50,12,5049.95,3,5,5,13,VIP,420.82916666666665,317,0
15303,574.02,1,248,2011-02-22 13:59:00,2011-02-22 13:59:00,289,1,574.02,1,1,3,5,At Risk,574.02,0,1
15304,694.4000000000001,8,104,2011-10-10 10:23:00,2010-12-06 11:42:00,60,8,694.4000000000001,3,5,3,11,Loyal,86.80000000000001,307,0
15306,1174.35,3,810,2011-10-06 12:56:00,2011-07-14 15:22:00,63,3,1174.35,3,3,4,10,Loyal,391.45,83,0
15307,205.3,1,37,2011-09-05 11:38:00,2011-09-05 11:38:00,95,1,205.3,2,1,1,4,Lost,205.3,0,1
15308,310.47,1,175,2011-03-10 13:08:00,2011-03-10 13:08:00,273,1,310.47,1,1,2,4,Lost,310.47,0,1
15311,60632.75,91,38147,2011-12-09 12:00:00,2010-12-01 09:41:00,0,91,60632.75,5,5,5,15,VIP,666.2939560439561,373,0
15312,924.85,4,516,2011-09-25 13:10:00,2010-12-20 12:51:00,74,4,924.85,2,4,3,9,Potential Loyal,231.2125,279,0
15313,52.0,1,25,2011-08-21 16:02:00,2011-08-21 16:02:00,109,1,52.0,2,1,1,4,Lost,52.0,0,1
15314,327.97,1,313,2011-05-24 14:39:00,2011-05-24 14:39:00,198,1,327.97,1,1,2,4,Lost,327.97,0,1
15315,570.5,2,862,2011-10-06 12:51:00,2011-08-15 15:17:00,63,2,570.5,3,3,3,9,Potential Loyal,285.25,51,0
15316,165.0,1,100,2011-01-17 11:34:00,2011-01-17 11:34:00,326,1,165.0,1,1,1,3,Lost,165.0,0,1
15318,312.62,1,642,2011-12-06 11:30:00,2011-12-06 11:30:00,3,1,312.62,5,1,2,8,Potential Loyal,312.62,0,0
15319,204.5,1,175,2011-03-01 12:48:00,2011-03-01 12:48:00,283,1,204.5,1,1,1,3,Lost,204.5,0,1
15320,267.13,1,326,2011-10-26 13:27:00,2011-10-26 13:27:00,43,1,267.13,3,1,2,6,At Risk,267.13,0,0
15321,2748.31,3,1181,2011-09-30 09:40:00,2011-02-21 11:10:00,70,3,2748.31,3,3,5,11,Loyal,916.1033333333334,220,0
15322,679.68,1,416,2011-09-15 09:34:00,2011-09-15 09:34:00,85,1,679.68,2,1,3,6,At Risk,679.68,0,0
15325,161.74,1,231,2011-08-28 11:55:00,2011-08-28 11:55:00,103,1,161.74,2,1,1,4,Lost,161.74,0,1
15326,311.71,1,386,2011-01-10 11:38:00,2011-01-10 11:38:00,333,1,311.71,1,1,2,4,Lost,311.71,0,1
15327,208.75,1,116,2011-10-18 11:55:00,2011-10-18 11:55:00,52,1,208.75,3,1,1,5,At Risk,208.75,0,0
15329,1049.7,3,486,2011-10-31 15:36:00,2011-06-21 10:37:00,38,3,1049.7,3,3,4,10,Loyal,349.90000000000003,132,0
15330,714.96,2,1312,2011-11-07 17:50:00,2011-10-10 12:30:00,31,2,714.96,4,3,3,10,Loyal,357.48,28,0
15332,1661.06,4,652,2010-12-08 14:43:00,2010-12-05 12:00:00,365,4,1661.06,1,4,4,9,Potential Loyal,415.265,3,1
15333,1028.56,1,344,2011-05-15 13:27:00,2011-05-15 13:27:00,207,1,1028.56,1,1,4,6,At Risk,1028.56,0,1
15334,350.82,3,273,2011-07-06 11:22:00,2011-06-19 13:51:00,156,3,350.82,2,3,2,7,Potential Loyal,116.94,16,1
15335,170.22,1,79,2011-10-17 12:50:00,2011-10-17 12:50:00,53,1,170.22,3,1,1,5,At Risk,170.22,0,0
15339,574.07,2,416,2011-10-04 12:51:00,2011-01-25 13:15:00,65,2,574.07,3,3,3,9,Potential Loyal,287.035,251,0
15341,2020.52,1,812,2011-09-20 09:40:00,2011-09-20 09:40:00,80,1,2020.52,2,1,4,7,Potential Loyal,2020.52,0,0
15342,406.09,1,283,2011-08-02 10:19:00,2011-08-02 10:19:00,129,1,406.09,2,1,2,5,At Risk,406.09,0,1
15343,364.5,1,84,2011-09-13 13:55:00,2011-09-13 13:55:00,86,1,364.5,2,1,2,5,At Risk,364.5,0,0
15344,563.94,3,116,2011-12-09 10:45:00,2011-09-26 14:48:00,0,3,563.94,5,3,3,11,Loyal,187.98000000000002,73,0
15345,393.54,1,81,2011-10-25 11:28:00,2011-10-25 11:28:00,45,1,393.54,3,1,2,6,At Risk,393.54,0,0
15346,252.42000000000002,1,144,2011-01-11 11:18:00,2011-01-11 11:18:00,332,1,252.42000000000002,1,1,2,4,Lost,252.42000000000002,0,1
15347,201.60000000000002,1,130,2010-12-08 15:25:00,2010-12-08 15:25:00,365,1,201.60000000000002,1,1,1,3,Lost,201.60000000000002,0,1
15348,158.04,1,84,2011-09-28 13:17:00,2011-09-28 13:17:00,71,1,158.04,3,1,1,5,At Risk,158.04,0,0
15349,463.90999999999997,2,321,2011-07-04 16:06:00,2011-06-05 15:46:00,157,2,463.90999999999997,2,3,2,7,Potential Loyal,231.95499999999998,29,1
15350,115.65,1,51,2010-12-01 13:33:00,2010-12-01 13:33:00,372,1,115.65,1,1,1,3,Lost,115.65,0,1
15351,1934.66,7,742,2011-11-27 12:52:00,2010-12-05 11:49:00,11,7,1934.66,5,5,4,14,VIP,276.38,357,0
15353,770.12,2,341,2011-03-30 12:15:00,2010-12-07 11:49:00,254,2,770.12,1,3,3,7,Potential Loyal,385.06,113,1
15355,277.05,2,45,2011-11-10 13:44:00,2011-10-17 15:22:00,28,2,277.05,4,3,2,9,Potential Loyal,138.525,23,0
15356,2718.03,10,1643,2011-11-08 13:11:00,2010-12-06 14:05:00,30,10,2718.03,4,5,5,14,VIP,271.803,336,0
15358,8347.2,22,7050,2011-12-05 09:04:00,2010-12-09 10:04:00,4,22,8347.2,5,5,5,15,VIP,379.41818181818184,360,0
15360,427.93,1,223,2011-10-31 09:35:00,2011-10-31 09:35:00,39,1,427.93,3,1,2,6,At Risk,427.93,0,0
15361,418.92,1,336,2010-12-13 09:52:00,2010-12-13 09:52:00,361,1,418.92,1,1,2,4,Lost,418.92,0,1
15363,326.0,1,144,2010-12-02 12:28:00,2010-12-02 12:28:00,372,1,326.0,1,1,2,4,Lost,326.0,0,1
15364,913.19,2,493,2011-09-05 09:46:00,2011-03-30 13:39:00,95,2,913.19,2,3,3,8,Potential Loyal,456.595,158,1
15365,2314.32,7,1084,2011-11-14 08:29:00,2011-01-28 13:08:00,25,7,2314.32,4,5,5,14,VIP,330.6171428571429,289,0
15366,602.51,2,621,2011-09-25 15:01:00,2010-12-16 15:59:00,74,2,602.51,2,3,3,8,Potential Loyal,301.255,282,0
15367,1877.59,4,1057,2011-10-13 14:13:00,2011-03-09 13:53:00,56,4,1877.59,3,4,4,11,Loyal,469.3975,218,0
15368,446.94000000000005,1,230,2011-11-18 14:42:00,2011-11-18 14:42:00,20,1,446.94000000000005,4,1,2,7,Potential Loyal,446.94000000000005,0,0
15370,2386.05,7,830,2011-10-30 10:58:00,2011-01-11 11:32:00,40,7,2386.05,3,5,5,13,VIP,340.86428571428576,291,0
15372,2007.3999999999999,1,2924,2011-07-25 16:39:00,2011-07-25 16:39:00,136,1,2007.3999999999999,2,1,4,7,Potential Loyal,2007.3999999999999,0,1
15373,2415.91,12,500,2011-12-01 15:05:00,2010-12-03 14:40:00,7,12,2415.91,5,5,5,15,VIP,201.32583333333332,363,0
15374,168.0,1,126,2011-08-03 09:59:00,2011-08-03 09:59:00,128,1,168.0,2,1,1,4,Lost,168.0,0,1
15376,1221.56,3,615,2011-10-30 15:04:00,2011-05-01 13:45:00,39,3,1221.56,3,3,4,10,Loyal,407.18666666666667,182,0
15379,3703.29,7,2305,2011-06-23 13:13:00,2010-12-16 13:02:00,168,7,3703.29,2,5,5,12,Loyal,529.0414285714286,189,1
15380,1690.2600000000002,5,376,2011-12-01 12:13:00,2010-12-09 15:01:00,8,5,1690.2600000000002,5,4,4,13,VIP,338.052,356,0
15381,596.85,2,171,2011-05-10 11:55:00,2011-03-16 13:44:00,213,2,596.85,1,3,3,7,Potential Loyal,298.425,54,1
15382,5955.71,6,4012,2011-11-25 10:58:00,2011-02-17 12:01:00,14,6,5955.71,4,5,5,14,VIP,992.6183333333333,280,0
15384,642.41,2,596,2011-06-23 10:57:00,2010-12-15 11:34:00,169,2,642.41,2,3,3,8,Potential Loyal,321.205,189,1
15385,316.88,1,161,2011-10-30 15:11:00,2011-10-30 15:11:00,39,1,316.88,3,1,2,6,At Risk,316.88,0,0
15386,394.14,1,446,2011-06-06 13:47:00,2011-06-06 13:47:00,185,1,394.14,1,1,2,4,Lost,394.14,0,1
15388,140.54,1,88,2011-03-14 13:53:00,2011-03-14 13:53:00,269,1,140.54,1,1,1,3,Lost,140.54,0,1
15389,500.0,1,400,2011-06-20 16:18:00,2011-06-20 16:18:00,171,1,500.0,2,1,3,6,At Risk,500.0,0,1
15392,1535.53,4,1277,2011-12-05 11:01:00,2010-12-14 15:50:00,4,4,1535.53,5,4,4,13,VIP,383.8825,355,0
15393,231.86,2,150,2011-11-23 16:48:00,2011-03-03 16:58:00,15,2,231.86,4,3,1,8,Potential Loyal,115.93,264,0
15394,2183.54,4,910,2011-11-30 11:49:00,2010-12-16 12:46:00,9,4,2183.54,5,4,5,14,VIP,545.885,348,0
15395,107.45,1,17,2011-01-18 12:40:00,2011-01-18 12:40:00,325,1,107.45,1,1,1,3,Lost,107.45,0,1
15396,288.18,1,122,2011-08-19 10:56:00,2011-08-19 10:56:00,112,1,288.18,2,1,2,5,At Risk,288.18,0,1
15397,94.0,1,20,2011-02-23 09:25:00,2011-02-23 09:25:00,289,1,94.0,1,1,1,3,Lost,94.0,0,1
15398,1345.53,2,769,2011-11-23 16:47:00,2011-09-22 14:56:00,15,2,1345.53,4,3,4,11,Loyal,672.765,62,0
15399,815.77,3,611,2011-12-08 13:04:00,2011-09-21 15:57:00,0,3,815.77,5,3,3,11,Loyal,271.92333333333335,77,0
15400,716.2,5,390,2011-09-08 13:57:00,2011-03-06 11:27:00,91,5,716.2,2,4,3,9,Potential Loyal,143.24,186,1
15402,626.77,2,694,2011-07-14 12:17:00,2011-05-27 13:32:00,148,2,626.77,2,3,3,8,Potential Loyal,313.385,47,1
15405,349.1,1,193,2011-06-03 14:44:00,2011-06-03 14:44:00,188,1,349.1,1,1,2,4,Lost,349.1,0,1
15406,510.71000000000004,2,254,2011-11-08 13:22:00,2011-02-11 16:19:00,30,2,510.71000000000004,4,3,3,10,Loyal,255.35500000000002,269,0
15407,1046.74,4,552,2011-11-06 11:55:00,2011-02-07 13:18:00,33,4,1046.74,3,4,4,11,Loyal,261.685,271,0
15408,267.18,1,106,2011-03-20 15:02:00,2011-03-20 15:02:00,263,1,267.18,1,1,2,4,Lost,267.18,0,1
15410,3450.84,8,1200,2011-09-16 14:47:00,2011-03-23 10:15:00,83,8,3450.84,2,5,5,12,Loyal,431.355,177,0
15411,1348.93,4,529,2011-11-13 15:19:00,2011-06-10 12:30:00,25,4,1348.93,4,4,4,12,Loyal,337.2325,156,0
15412,190.53,1,108,2011-06-21 15:24:00,2011-06-21 15:24:00,170,1,190.53,2,1,1,4,Lost,190.53,0,1
15414,774.9000000000001,3,443,2011-11-30 09:50:00,2011-04-11 13:45:00,9,3,774.9000000000001,5,3,3,11,Loyal,258.3,232,0
15415,559.61,1,551,2011-01-30 14:13:00,2011-01-30 14:13:00,312,1,559.61,1,1,3,5,At Risk,559.61,0,1
15416,3984.32,4,2090,2011-10-06 09:38:00,2011-03-02 08:41:00,64,4,3984.32,3,4,5,12,Loyal,996.08,218,0
15417,508.8,1,284,2011-09-15 15:26:00,2011-09-15 15:26:00,84,1,508.8,2,1,3,6,At Risk,508.8,0,0
15419,135.86,1,230,2011-11-15 09:23:00,2011-11-15 09:23:00,24,1,135.86,4,1,1,6,At Risk,135.86,0,0
15421,950.36,4,500,2011-10-12 09:20:00,2011-02-02 14:36:00,58,4,950.36,3,4,4,11,Loyal,237.59,251,0
15422,97.7,2,38,2011-01-20 16:17:00,2011-01-20 14:17:00,322,2,97.7,1,3,1,5,At Risk,48.85,0,1
15423,43.5,1,101,2011-11-01 14:01:00,2011-11-01 14:01:00,37,1,43.5,3,1,1,5,At Risk,43.5,0,0
15424,383.34,2,554,2011-03-30 13:02:00,2011-03-30 13:00:00,253,2,383.34,1,3,2,6,At Risk,191.67,0,1
15426,1404.07,5,656,2011-11-20 15:36:00,2010-12-05 13:55:00,18,5,1404.07,4,4,4,12,Loyal,280.81399999999996,350,0
15427,1430.54,3,967,2011-11-06 14:29:00,2011-10-23 14:47:00,32,3,1430.54,4,3,4,11,Loyal,476.84666666666664,13,0
15428,93.78,1,102,2011-11-24 16:54:00,2011-11-24 16:54:00,14,1,93.78,4,1,1,6,At Risk,93.78,0,0
15429,397.35,2,380,2011-11-13 12:28:00,2011-09-25 13:42:00,26,2,397.35,4,3,2,9,Potential Loyal,198.675,48,0
15432,171.19,1,65,2011-11-16 16:30:00,2011-11-16 16:30:00,22,1,171.19,4,1,1,6,At Risk,171.19,0,0
15433,533.3,2,534,2011-05-10 10:45:00,2011-03-17 14:12:00,213,2,533.3,1,3,3,7,Potential Loyal,266.65,53,1
15434,1041.48,5,647,2011-12-01 13:33:00,2011-05-23 14:18:00,7,5,1041.48,5,4,4,13,VIP,208.296,191,0
15435,149.29,1,54,2011-11-17 16:39:00,2011-11-17 16:39:00,21,1,149.29,4,1,1,6,At Risk,149.29,0,0
15436,1067.75,3,574,2011-11-27 16:05:00,2011-04-19 16:52:00,11,3,1067.75,5,3,4,12,Loyal,355.9166666666667,221,0
15437,200.16,1,79,2011-03-22 13:11:00,2011-03-22 13:11:00,261,1,200.16,1,1,1,3,Lost,200.16,0,1
15438,156.57999999999998,1,59,2011-07-31 14:19:00,2011-07-31 14:19:00,130,1,156.57999999999998,2,1,1,4,Lost,156.57999999999998,0,1
15440,383.68,3,197,2011-10-16 12:16:00,2011-05-15 11:30:00,54,3,383.68,3,3,2,8,Potential Loyal,127.89333333333333,154,0
15442,594.0,1,120,2011-04-05 12:24:00,2011-04-05 12:24:00,248,1,594.0,1,1,3,5,At Risk,594.0,0,1
15443,3213.59,7,1639,2011-12-08 10:40:00,2011-01-23 13:25:00,1,7,3213.59,5,5,5,15,VIP,459.0842857142857,318,0
15444,1411.21,2,759,2011-11-30 17:37:00,2011-10-30 16:12:00,8,2,1411.21,5,3,4,12,Loyal,705.605,31,0
15445,113.5,1,58,2011-03-20 15:06:00,2011-03-20 15:06:00,263,1,113.5,1,1,1,3,Lost,113.5,0,1
15447,155.17,1,85,2011-01-13 11:26:00,2011-01-13 11:26:00,330,1,155.17,1,1,1,3,Lost,155.17,0,1
15448,494.64,1,232,2011-01-31 10:42:00,2011-01-31 10:42:00,312,1,494.64,1,1,3,5,At Risk,494.64,0,1
15449,974.52,3,812,2011-11-13 15:02:00,2011-03-23 10:43:00,25,3,974.52,4,3,4,11,Loyal,324.84,235,0
15450,429.84,1,376,2011-11-09 17:11:00,2011-11-09 17:11:00,29,1,429.84,4,1,2,7,Potential Loyal,429.84,0,0
15452,528.48,3,280,2011-11-10 12:13:00,2011-03-20 15:21:00,29,3,528.48,4,3,3,10,Loyal,176.16,234,0
15453,1371.77,7,837,2011-12-08 10:59:00,2011-06-05 12:37:00,1,7,1371.77,5,5,4,14,VIP,195.96714285714285,185,0
15454,179.1,1,86,2010-12-12 14:21:00,2010-12-12 14:21:00,361,1,179.1,1,1,1,3,Lost,179.1,0,1
15456,434.59000000000003,3,633,2011-03-01 13:51:00,2010-12-15 15:34:00,282,3,434.59000000000003,1,3,2,6,At Risk,144.86333333333334,75,1
15457,237.07,1,132,2011-03-22 15:31:00,2011-03-22 15:31:00,261,1,237.07,1,1,1,3,Lost,237.07,0,1
15458,161.64,1,156,2011-11-14 13:08:00,2011-11-14 13:08:00,24,1,161.64,4,1,1,6,At Risk,161.64,0,0
15460,214.26,1,107,2010-12-20 16:08:00,2010-12-20 16:08:00,353,1,214.26,1,1,1,3,Lost,214.26,0,1
15462,234.6,3,172,2011-09-06 13:11:00,2011-06-05 15:36:00,93,3,234.6,2,3,1,6,At Risk,78.2,92,1
15463,126.14,1,106,2011-11-10 12:57:00,2011-11-10 12:57:00,28,1,126.14,4,1,1,6,At Risk,126.14,0,0
15464,1044.65,1,348,2011-01-05 15:56:00,2011-01-05 15:56:00,337,1,1044.65,1,1,4,6,At Risk,1044.65,0,1
15465,7354.62,18,1257,2011-11-20 10:11:00,2010-12-05 10:12:00,19,18,7354.62,4,5,5,14,VIP,408.59,349,0
15466,334.53,1,246,2011-09-15 14:08:00,2011-09-15 14:08:00,84,1,334.53,2,1,2,5,At Risk,334.53,0,0
15467,524.88,3,310,2011-11-30 14:17:00,2011-07-10 14:42:00,8,3,524.88,5,3,3,11,Loyal,174.96,142,0
15468,467.51,2,155,2011-10-19 13:49:00,2011-10-19 13:38:00,50,2,467.51,3,3,2,8,Potential Loyal,233.755,0,0
15469,538.55,2,153,2011-10-20 16:21:00,2011-08-11 16:54:00,49,2,538.55,3,3,3,9,Potential Loyal,269.275,69,0
15471,454.48,1,256,2011-12-07 14:12:00,2011-12-07 14:12:00,1,1,454.48,5,1,2,8,Potential Loyal,454.48,0,0
15472,371.56,1,251,2011-08-18 15:17:00,2011-08-18 15:17:00,112,1,371.56,2,1,2,5,At Risk,371.56,0,1
15473,1771.2,7,672,2011-11-25 15:15:00,2011-10-10 11:12:00,13,7,1771.2,4,5,4,13,VIP,253.02857142857144,46,0
15475,454.10999999999996,1,319,2011-09-23 15:20:00,2011-09-23 15:20:00,76,1,454.10999999999996,2,1,2,5,At Risk,454.10999999999996,0,0
15478,1399.92,2,575,2011-10-30 14:19:00,2011-10-14 11:09:00,39,2,1399.92,3,3,4,10,Loyal,699.96,16,0
15480,905.5,1,303,2011-08-15 14:32:00,2011-08-15 14:32:00,115,1,905.5,2,1,3,6,At Risk,905.5,0,1
15482,10879.76,12,5004,2011-11-24 10:46:00,2010-12-16 10:08:00,15,12,10879.76,4,5,5,14,VIP,906.6466666666666,343,0
15483,225.26,4,291,2011-07-01 13:07:00,2011-03-18 12:26:00,160,4,225.26,2,4,1,7,Potential Loyal,56.315,105,1
15484,3590.41,4,3150,2011-12-08 15:03:00,2011-09-22 13:31:00,0,4,3590.41,5,4,5,14,VIP,897.6025,77,0
15485,2564.5,3,1281,2011-11-09 14:31:00,2010-12-01 13:23:00,29,3,2564.5,4,3,5,12,Loyal,854.8333333333334,343,0
15488,91.32000000000001,1,73,2011-09-08 10:11:00,2011-09-08 10:11:00,92,1,91.32000000000001,2,1,1,4,Lost,91.32000000000001,0,1
15489,1134.28,3,608,2011-11-17 08:53:00,2011-05-12 12:54:00,22,3,1134.28,4,3,4,11,Loyal,378.0933333333333,188,0
15491,3100.09,6,1646,2011-09-05 15:56:00,2011-04-18 10:04:00,94,6,3100.09,2,5,5,12,Loyal,516.6816666666667,140,1
15492,659.4599999999999,2,483,2011-11-11 14:53:00,2011-09-26 14:02:00,27,2,659.4599999999999,4,3,3,10,Loyal,329.72999999999996,46,0
15493,1953.41,5,551,2011-11-07 12:04:00,2011-03-14 11:44:00,32,5,1953.41,4,4,4,12,Loyal,390.682,238,0
15494,1280.58,2,1139,2011-11-18 14:51:00,2011-08-10 15:29:00,20,2,1280.58,4,3,4,11,Loyal,640.29,99,0
15497,1262.2,2,624,2011-11-22 11:51:00,2011-01-24 10:01:00,17,2,1262.2,4,3,4,11,Loyal,631.1,302,0
15498,13316.4,27,6105,2011-12-07 12:48:00,2010-12-08 12:29:00,2,27,13316.4,5,5,5,15,VIP,493.2,364,0
15500,1131.56,4,572,2011-12-01 13:47:00,2011-09-19 13:47:00,7,4,1131.56,5,4,4,13,VIP,282.89,73,0
15502,10384.93,12,4236,2011-11-24 12:48:00,2010-12-05 15:40:00,15,12,10384.93,4,5,5,14,VIP,865.4108333333334,353,0
15503,141.04,1,70,2010-12-12 10:57:00,2010-12-12 10:57:00,362,1,141.04,1,1,1,3,Lost,141.04,0,1
15504,52.83,1,33,2011-09-19 13:45:00,2011-09-19 13:45:00,80,1,52.83,2,1,1,4,Lost,52.83,0,0
15505,3610.96,5,2390,2011-10-18 07:56:00,2011-07-07 13:33:00,52,5,3610.96,3,4,5,12,Loyal,722.192,102,0
15506,972.08,3,842,2011-11-17 12:11:00,2011-07-24 11:45:00,22,3,972.08,4,3,4,11,Loyal,324.0266666666667,116,0
15507,475.86,1,160,2011-06-21 11:19:00,2011-06-21 11:19:00,171,1,475.86,2,1,2,5,At Risk,475.86,0,1
15508,1000.27,6,440,2011-06-03 15:43:00,2011-04-18 15:31:00,188,6,1000.27,1,5,4,10,Loyal,166.71166666666667,46,1
15510,250.0,1,2,2011-01-13 12:10:00,2011-01-13 12:10:00,330,1,250.0,1,1,2,4,Lost,250.0,0,1
15511,900.53,5,269,2011-11-28 09:43:00,2011-09-15 15:05:00,11,5,900.53,5,4,3,12,Loyal,180.106,73,0
15512,121.0,2,68,2011-07-07 10:20:00,2010-12-15 12:01:00,155,2,121.0,2,3,1,6,At Risk,60.5,203,1
15513,14758.220000000001,19,5709,2011-11-06 14:36:00,2010-12-01 11:22:00,32,19,14758.220000000001,4,5,5,14,VIP,776.7484210526317,340,0
15514,4023.7200000000003,11,2098,2011-11-27 14:40:00,2010-12-10 13:50:00,11,11,4023.7200000000003,5,5,5,15,VIP,365.7927272727273,352,0
15516,62.43,3,27,2011-10-26 10:51:00,2011-10-24 11:33:00,44,3,62.43,3,3,1,7,Potential Loyal,20.81,1,0
15517,267.03,1,293,2011-04-20 14:02:00,2011-04-20 14:02:00,232,1,267.03,1,1,2,4,Lost,267.03,0,1
15518,1921.55,8,1263,2011-10-06 13:05:00,2011-01-11 12:55:00,63,8,1921.55,3,5,4,12,Loyal,240.19375,268,0
15520,343.5,1,314,2011-12-08 10:58:00,2011-12-08 10:58:00,1,1,343.5,5,1,2,8,Potential Loyal,343.5,0,0
15521,3000.2,8,1836,2011-10-30 13:42:00,2011-03-30 09:15:00,39,8,3000.2,3,5,5,13,VIP,375.025,214,0
15522,397.99,2,572,2011-11-07 11:26:00,2011-09-13 12:26:00,32,2,397.99,4,3,2,9,Potential Loyal,198.995,54,0
15523,412.01000000000005,1,132,2011-09-16 16:29:00,2011-09-16 16:29:00,83,1,412.01000000000005,2,1,2,5,At Risk,412.01000000000005,0,0
15524,440.0,1,4,2011-11-15 12:09:00,2011-11-15 12:09:00,24,1,440.0,4,1,2,7,Potential Loyal,440.0,0,0
15525,734.37,3,387,2011-12-07 14:43:00,2010-12-01 13:17:00,1,3,734.37,5,3,3,11,Loyal,244.79,371,0
15526,148.44,2,24,2011-11-06 15:04:00,2011-11-06 15:01:00,32,2,148.44,4,3,1,8,Potential Loyal,74.22,0,0
15527,2428.53,8,991,2011-11-21 12:17:00,2010-12-20 14:15:00,18,8,2428.53,4,5,5,14,VIP,303.56625,335,0
15528,229.33,1,123,2011-03-30 16:14:00,2011-03-30 16:14:00,253,1,229.33,1,1,1,3,Lost,229.33,0,1
15529,3962.6,11,3455,2011-11-17 11:29:00,2010-12-08 12:24:00,22,11,3962.6,4,5,5,14,VIP,360.23636363636365,343,0
15530,1497.31,4,938,2011-11-18 12:25:00,2011-04-07 11:16:00,21,4,1497.31,4,4,4,12,Loyal,374.3275,225,0
15531,1972.39,2,1085,2011-12-01 18:43:00,2011-11-09 17:47:00,7,2,1972.39,5,3,4,12,Loyal,986.195,22,0
15532,1564.73,4,515,2011-11-14 14:51:00,2010-12-16 16:45:00,24,4,1564.73,4,4,4,12,Loyal,391.1825,332,0
15533,807.57,3,289,2011-11-20 15:35:00,2011-09-11 15:41:00,18,3,807.57,4,3,3,10,Loyal,269.19,69,0
15535,502.9,4,135,2011-06-19 16:02:00,2011-01-16 12:35:00,172,4,502.9,2,4,3,9,Potential Loyal,125.725,154,1
15537,110.92,1,29,2011-06-29 13:10:00,2011-06-29 13:10:00,162,1,110.92,2,1,1,4,Lost,110.92,0,1
15539,538.46,1,410,2011-12-02 13:36:00,2011-12-02 13:36:00,6,1,538.46,5,1,3,9,Potential Loyal,538.46,0,0
15540,213.3,1,200,2011-11-28 13:51:00,2011-11-28 13:51:00,10,1,213.3,5,1,1,7,Potential Loyal,213.3,0,0
15541,85.13000000000001,1,49,2011-08-17 14:58:00,2011-08-17 14:58:00,113,1,85.13000000000001,2,1,1,4,Lost,85.13000000000001,0,1
15543,127.86,1,86,2011-02-24 15:26:00,2011-02-24 15:26:00,287,1,127.86,1,1,1,3,Lost,127.86,0,1
15544,3546.71,9,3109,2011-11-30 16:43:00,2010-12-02 12:47:00,8,9,3546.71,5,5,5,15,VIP,394.0788888888889,363,0
15545,288.96999999999997,2,162,2011-10-16 13:24:00,2010-12-03 17:28:00,53,2,288.96999999999997,3,3,2,8,Potential Loyal,144.48499999999999,316,0
15547,4910.6,14,3999,2011-12-02 12:52:00,2010-12-12 13:26:00,6,14,4910.6,5,5,5,15,VIP,350.75714285714287,354,0
15549,1681.46,3,694,2011-09-23 16:22:00,2011-01-27 15:38:00,76,3,1681.46,2,3,4,9,Potential Loyal,560.4866666666667,239,0
15550,575.63,4,295,2011-12-05 15:38:00,2011-02-11 12:49:00,3,4,575.63,5,4,3,12,Loyal,143.9075,297,0
15551,436.06,1,218,2011-11-03 12:37:00,2011-11-03 12:37:00,36,1,436.06,3,1,2,6,At Risk,436.06,0,0
15552,90.12,1,60,2011-05-06 14:47:00,2011-05-06 14:47:00,216,1,90.12,1,1,1,3,Lost,90.12,0,1
15553,428.93,1,449,2011-10-10 14:02:00,2011-10-10 14:02:00,59,1,428.93,3,1,2,6,At Risk,428.93,0,0
15554,217.2,1,74,2011-03-07 09:00:00,2011-03-07 09:00:00,277,1,217.2,1,1,1,3,Lost,217.2,0,1
15555,4794.86,16,4427,2011-11-27 16:19:00,2010-12-05 14:45:00,11,16,4794.86,5,5,5,15,VIP,299.67875,357,0
15556,279.77,1,236,2011-11-15 16:08:00,2011-11-15 16:08:00,23,1,279.77,4,1,2,7,Potential Loyal,279.77,0,0
15557,468.91,1,213,2011-11-11 12:46:00,2011-11-11 12:46:00,28,1,468.91,4,1,2,7,Potential Loyal,468.91,0,0
15561,800.59,4,267,2011-11-28 11:07:00,2011-05-08 11:38:00,11,4,800.59,5,4,3,12,Loyal,200.1475,203,0
15562,134.55,1,39,2010-12-23 09:55:00,2010-12-23 09:55:00,351,1,134.55,1,1,1,3,Lost,134.55,0,1
15563,1400.44,4,1501,2011-11-17 14:50:00,2010-12-16 11:27:00,21,4,1400.44,4,4,4,12,Loyal,350.11,336,0
15565,173.16,2,60,2011-10-20 14:33:00,2011-09-30 10:44:00,49,2,173.16,3,3,1,7,Potential Loyal,86.58,20,0
15567,186.01,1,223,2011-11-21 10:48:00,2011-11-21 10:48:00,18,1,186.01,4,1,1,6,At Risk,186.01,0,0
15568,758.29,3,461,2011-12-07 11:27:00,2011-09-27 14:37:00,2,3,758.29,5,3,3,11,Loyal,252.76333333333332,70,0
15569,1375.71,5,666,2011-08-28 10:15:00,2011-01-11 13:26:00,103,5,1375.71,2,4,4,10,Loyal,275.142,228,1
15570,4148.82,12,2063,2011-12-02 14:47:00,2010-12-05 12:57:00,6,12,4148.82,5,5,5,15,VIP,345.73499999999996,362,0
15571,650.4300000000001,4,264,2011-11-28 10:02:00,2011-09-22 13:15:00,11,4,650.4300000000001,5,4,3,12,Loyal,162.60750000000002,66,0
15572,2533.42,7,1213,2011-12-05 10:09:00,2011-03-06 14:44:00,4,7,2533.42,5,5,5,15,VIP,361.9171428571429,273,0
15573,591.1899999999999,2,355,2011-11-08 11:38:00,2011-09-15 12:16:00,31,2,591.1899999999999,4,3,3,10,Loyal,295.59499999999997,53,0
15574,675.64,4,332,2011-06-15 12:01:00,2010-12-02 15:46:00,177,4,675.64,2,4,3,9,Potential Loyal,168.91,194,1
15576,921.37,1,394,2011-11-02 12:03:00,2011-11-02 12:03:00,37,1,921.37,3,1,3,7,Potential Loyal,921.37,0,0
15577,258.88,3,89,2011-07-11 17:03:00,2011-02-07 13:32:00,150,3,258.88,2,3,2,7,Potential Loyal,86.29333333333334,154,1
15578,127.1,1,52,2011-06-30 13:03:00,2011-06-30 13:03:00,161,1,127.1,2,1,1,4,Lost,127.1,0,1
15579,327.6,2,117,2011-10-02 12:45:00,2011-01-30 12:09:00,68,2,327.6,3,3,2,8,Potential Loyal,163.8,245,0
15581,3675.77,13,283,2011-08-11 09:38:00,2010-12-08 14:38:00,120,13,3675.77,2,5,5,12,Loyal,282.7515384615385,245,1
15582,682.9100000000001,3,453,2011-11-15 09:55:00,2011-05-03 13:36:00,24,3,682.9100000000001,4,3,3,10,Loyal,227.63666666666668,195,0
15584,720.86,4,313,2011-11-16 10:55:00,2011-06-30 16:39:00,23,4,720.86,4,4,3,11,Loyal,180.215,138,0
15585,455.3,1,320,2011-06-16 08:38:00,2011-06-16 08:38:00,176,1,455.3,2,1,2,5,At Risk,455.3,0,1
15587,913.6800000000001,4,312,2011-10-20 13:37:00,2010-12-23 09:59:00,49,4,913.6800000000001,3,4,3,10,Loyal,228.42000000000002,301,0
15589,478.53000000000003,3,243,2011-03-29 09:54:00,2011-02-02 10:46:00,255,3,478.53000000000003,1,3,2,6,At Risk,159.51000000000002,54,1
15592,388.58,1,354,2011-10-24 08:59:00,2011-10-24 08:59:00,46,1,388.58,3,1,2,6,At Risk,388.58,0,0
15593,199.8,1,60,2011-09-30 11:46:00,2011-09-30 11:46:00,70,1,199.8,3,1,1,5,At Risk,199.8,0,0
15594,1771.78,5,983,2011-11-24 08:53:00,2011-04-19 10:08:00,15,5,1771.78,4,4,4,12,Loyal,354.356,218,0
15596,1406.59,5,561,2011-08-31 10:55:00,2010-12-09 16:10:00,100,5,1406.59,2,4,4,10,Loyal,281.318,264,1
15597,324.57,1,279,2011-11-04 13:26:00,2011-11-04 13:26:00,34,1,324.57,3,1,2,6,At Risk,324.57,0,0
15598,240.68,1,160,2011-10-17 16:04:00,2011-10-17 16:04:00,52,1,240.68,3,1,1,5,At Risk,240.68,0,0
15599,761.74,2,718,2011-11-13 11:44:00,2011-05-19 13:05:00,26,2,761.74,4,3,3,10,Loyal,380.87,177,0
15601,6776.56,14,4983,2011-11-28 15:15:00,2010-12-02 10:39:00,10,14,6776.56,5,5,5,15,VIP,484.04,361,0
15602,1297.8700000000001,9,1137,2011-12-01 14:14:00,2010-12-06 15:35:00,7,9,1297.8700000000001,5,5,4,14,VIP,144.20777777777778,359,0
15603,48.480000000000004,1,96,2011-09-22 10:04:00,2011-09-22 10:04:00,78,1,48.480000000000004,2,1,1,4,Lost,48.480000000000004,0,0
15604,216.39,1,159,2011-10-18 14:47:00,2011-10-18 14:47:00,51,1,216.39,3,1,1,5,At Risk,216.39,0,0
15605,1198.23,5,441,2011-11-03 14:17:00,2010-12-01 13:38:00,35,5,1198.23,3,4,4,11,Loyal,239.64600000000002,337,0
15606,2920.16,9,892,2011-10-09 15:47:00,2011-01-19 12:07:00,60,9,2920.16,3,5,5,13,VIP,324.4622222222222,263,0
15607,104.76,1,202,2011-01-07 12:44:00,2011-01-07 12:44:00,336,1,104.76,1,1,1,3,Lost,104.76,0,1
15608,1093.68,4,714,2011-11-11 13:20:00,2011-08-11 09:56:00,27,4,1093.68,4,4,4,12,Loyal,273.42,92,0
15609,298.48,1,148,2011-06-08 13:00:00,2011-06-08 13:00:00,183,1,298.48,1,1,2,4,Lost,298.48,0,1
15610,112.46000000000001,1,66,2011-10-19 10:36:00,2011-10-19 10:36:00,51,1,112.46000000000001,3,1,1,5,At Risk,112.46000000000001,0,0
15611,1591.45,13,504,2011-11-30 12:36:00,2011-01-09 11:32:00,9,13,1591.45,5,5,4,14,VIP,122.41923076923078,325,0
15612,195.15,2,52,2011-11-03 14:52:00,2011-10-09 12:49:00,35,2,195.15,3,3,1,7,Potential Loyal,97.575,25,0
15615,10399.74,23,5508,2011-11-29 14:42:00,2010-12-15 16:21:00,9,23,10399.74,5,5,5,15,VIP,452.1626086956522,348,0
15618,776.851,4,454,2011-11-07 08:34:00,2011-07-26 10:13:00,32,4,776.851,4,4,3,11,Loyal,194.21275,103,0
15619,336.40000000000003,1,136,2011-11-29 08:14:00,2011-11-29 08:14:00,10,1,336.40000000000003,5,1,2,8,Potential Loyal,336.40000000000003,0,0
15620,1553.18,3,915,2011-10-14 12:41:00,2010-12-16 14:34:00,56,3,1553.18,3,3,4,10,Loyal,517.7266666666667,301,0
15621,1293.03,4,501,2011-12-05 14:01:00,2011-11-18 11:49:00,3,4,1293.03,5,4,4,13,VIP,323.2575,17,0
15622,3709.56,9,1674,2011-10-27 16:44:00,2011-03-02 13:42:00,42,9,3709.56,3,5,5,13,VIP,412.17333333333335,239,0
15623,301.03,1,125,2011-07-21 17:26:00,2011-07-21 17:26:00,140,1,301.03,2,1,2,5,At Risk,301.03,0,1
15624,588.13,4,357,2011-08-15 11:38:00,2011-03-28 13:32:00,116,4,588.13,2,4,3,9,Potential Loyal,147.0325,139,1
15625,1534.26,4,1188,2011-08-28 10:21:00,2011-04-18 14:01:00,103,4,1534.26,2,4,4,10,Loyal,383.565,131,1
15626,675.8,2,766,2011-09-26 10:03:00,2011-01-14 10:10:00,74,2,675.8,2,3,3,8,Potential Loyal,337.9,254,0
15628,2870.2400000000002,9,1894,2011-12-05 10:24:00,2010-12-08 09:51:00,4,9,2870.2400000000002,5,5,5,15,VIP,318.91555555555556,362,0
15630,1186.35,2,800,2011-10-25 15:36:00,2011-05-19 10:16:00,44,2,1186.35,3,3,4,10,Loyal,593.175,159,0
15632,3285.31,8,2109,2011-11-24 09:51:00,2011-03-10 08:29:00,15,8,3285.31,4,5,5,14,VIP,410.66375,259,0
15634,243.55,1,99,2011-11-22 16:28:00,2011-11-22 16:28:00,16,1,243.55,4,1,1,6,At Risk,243.55,0,0
15636,724.76,2,284,2011-09-11 11:17:00,2011-03-02 14:50:00,89,2,724.76,2,3,3,8,Potential Loyal,362.38,192,0
15637,223.36,1,128,2011-10-18 08:28:00,2011-10-18 08:28:00,52,1,223.36,3,1,1,5,At Risk,223.36,0,0
15639,425.32,1,323,2011-07-28 14:30:00,2011-07-28 14:30:00,133,1,425.32,2,1,2,5,At Risk,425.32,0,1
15640,12416.11,15,6572,2011-12-05 14:35:00,2010-12-02 15:40:00,3,15,12416.11,5,5,5,15,VIP,827.7406666666667,367,0
15641,1887.2,4,1562,2011-08-26 14:04:00,2010-12-15 14:45:00,104,4,1887.2,2,4,4,10,Loyal,471.8,253,1
15643,664.0,3,246,2011-06-01 07:38:00,2011-03-02 14:34:00,191,3,664.0,1,3,3,7,Potential Loyal,221.33333333333334,90,1
15644,803.54,4,550,2011-06-26 14:54:00,2011-03-23 15:37:00,165,4,803.54,2,4,3,9,Potential Loyal,200.885,94,1
15645,612.01,1,256,2011-11-21 11:55:00,2011-11-21 11:55:00,18,1,612.01,4,1,3,8,Potential Loyal,612.01,0,0
15646,447.64000000000004,3,394,2011-07-05 09:53:00,2010-12-02 16:59:00,157,3,447.64000000000004,2,3,2,7,Potential Loyal,149.21333333333334,214,1
15648,639.5,2,218,2011-05-19 15:53:00,2011-03-17 18:59:00,203,2,639.5,1,3,3,7,Potential Loyal,319.75,62,1
15649,816.0,2,192,2011-01-07 13:34:00,2010-12-07 10:06:00,335,2,816.0,1,3,3,7,Potential Loyal,408.0,31,1
15651,646.3,3,479,2011-11-03 08:41:00,2011-03-24 08:56:00,36,3,646.3,3,3,3,9,Potential Loyal,215.4333333333333,223,0
15652,337.74,1,208,2011-09-09 14:22:00,2011-09-09 14:22:00,90,1,337.74,2,1,2,5,At Risk,337.74,0,0
15653,877.4399999999999,2,1200,2011-09-08 10:49:00,2011-08-16 09:50:00,92,2,877.4399999999999,2,3,3,8,Potential Loyal,438.71999999999997,23,1
15654,922.53,2,475,2011-11-30 13:08:00,2011-11-13 15:15:00,8,2,922.53,5,3,3,11,Loyal,461.265,16,0
15655,560.67,1,324,2011-04-10 15:25:00,2011-04-10 15:25:00,242,1,560.67,1,1,3,5,At Risk,560.67,0,1
15656,748.5,4,343,2011-10-25 14:56:00,2011-02-28 15:32:00,44,4,748.5,3,4,3,10,Loyal,187.125,238,0
15657,30.0,1,24,2011-11-17 12:19:00,2011-11-17 12:19:00,22,1,30.0,4,1,1,6,At Risk,30.0,0,0
15658,1024.1000000000001,5,242,2011-06-02 15:22:00,2010-12-02 10:53:00,189,5,1024.1000000000001,1,4,4,9,Potential Loyal,204.82000000000002,182,1
15659,306.45,1,111,2011-10-27 09:23:00,2011-10-27 09:23:00,43,1,306.45,3,1,2,6,At Risk,306.45,0,0
15660,1600.86,9,1050,2011-11-14 16:58:00,2010-12-09 09:49:00,24,9,1600.86,4,5,4,13,VIP,177.87333333333333,340,0
15661,309.8,2,236,2011-01-26 13:56:00,2011-01-05 12:32:00,316,2,309.8,1,3,2,6,At Risk,154.9,21,1
15663,138.14,1,106,2011-08-25 15:50:00,2011-08-25 15:50:00,105,1,138.14,2,1,1,4,Lost,138.14,0,1
15664,386.43,1,157,2011-10-20 10:57:00,2011-10-20 10:57:00,50,1,386.43,3,1,2,6,At Risk,386.43,0,0
15665,2222.21,2,1654,2011-06-24 14:57:00,2011-04-10 15:09:00,167,2,2222.21,2,3,5,10,Loyal,1111.105,74,1
15667,301.32,1,240,2011-10-31 10:56:00,2011-10-31 10:56:00,39,1,301.32,3,1,2,6,At Risk,301.32,0,0
15668,76.32000000000001,1,72,2011-05-06 10:39:00,2011-05-06 10:39:00,217,1,76.32000000000001,1,1,1,3,Lost,76.32000000000001,0,1
15669,684.34,4,342,2011-10-30 16:03:00,2011-03-21 09:13:00,39,4,684.34,3,4,3,10,Loyal,171.085,223,0
15670,173.05,1,91,2011-02-16 10:50:00,2011-02-16 10:50:00,296,1,173.05,1,1,1,3,Lost,173.05,0,1
15671,2657.13,7,1699,2011-11-21 12:43:00,2011-03-14 09:37:00,18,7,2657.13,4,5,5,14,VIP,379.59000000000003,252,0
15673,2726.23,4,1451,2011-09-12 16:12:00,2011-01-16 16:25:00,87,4,2726.23,2,4,5,11,Loyal,681.5575,238,0
15674,2446.6,5,1275,2011-09-27 15:17:00,2011-03-30 09:19:00,72,5,2446.6,2,4,5,11,Loyal,489.32,181,0
15675,323.69,3,527,2011-09-19 13:48:00,2011-03-04 14:21:00,80,3,323.69,2,3,2,7,Potential Loyal,107.89666666666666,198,0
15676,3435.76,3,2252,2011-11-21 12:40:00,2011-03-01 10:19:00,18,3,3435.76,4,3,5,12,Loyal,1145.2533333333333,265,0
15677,657.23,1,319,2011-10-21 15:36:00,2011-10-21 15:36:00,48,1,657.23,3,1,3,7,Potential Loyal,657.23,0,0
15678,352.7,1,184,2011-10-18 09:25:00,2011-10-18 09:25:00,52,1,352.7,3,1,2,6,At Risk,352.7,0,0
15679,781.28,4,1170,2011-11-15 16:19:00,2011-06-10 08:24:00,23,4,781.28,4,4,3,11,Loyal,195.32,158,0
15680,1333.68,3,952,2011-11-30 13:46:00,2010-12-08 14:43:00,8,3,1333.68,5,3,4,12,Loyal,444.56,356,0
15681,1426.16,5,816,2011-11-14 16:30:00,2011-03-04 13:46:00,24,5,1426.16,4,4,4,12,Loyal,285.232,255,0
15683,193.75,1,131,2011-08-14 12:56:00,2011-08-14 12:56:00,116,1,193.75,2,1,1,4,Lost,193.75,0,1
15687,2993.1,9,1310,2011-12-01 08:33:00,2011-01-13 15:13:00,8,9,2993.1,5,5,5,15,VIP,332.56666666666666,321,0
15689,254.1,2,84,2011-08-12 09:37:00,2010-12-13 09:57:00,119,2,254.1,2,3,2,7,Potential Loyal,127.05,241,1
15690,239.76,2,408,2011-12-05 15:59:00,2011-08-31 11:40:00,3,2,239.76,5,3,1,9,Potential Loyal,119.88,96,0
15691,136.8,1,72,2011-04-01 15:13:00,2011-04-01 15:13:00,251,1,136.8,1,1,1,3,Lost,136.8,0,1
15692,191.04,1,138,2011-11-11 14:12:00,2011-11-11 14:12:00,27,1,191.04,4,1,1,6,At Risk,191.04,0,0
15694,6479.4,14,1677,2011-12-09 09:44:00,2010-12-02 07:49:00,0,14,6479.4,5,5,5,15,VIP,462.8142857142857,372,0
15695,409.98,2,212,2011-03-18 08:32:00,2011-03-18 08:31:00,266,2,409.98,1,3,2,6,At Risk,204.99,0,1
15696,2711.11,8,1015,2011-11-06 14:02:00,2011-01-17 11:24:00,32,8,2711.11,4,5,5,14,VIP,338.88875,293,0
15699,309.65,1,113,2011-11-22 08:26:00,2011-11-22 08:26:00,17,1,309.65,4,1,2,7,Potential Loyal,309.65,0,0
15700,696.68,2,357,2011-06-20 16:53:00,2011-06-19 15:36:00,171,2,696.68,2,3,3,8,Potential Loyal,348.34,1,1
15701,1529.0,4,912,2011-12-07 14:39:00,2011-08-21 12:36:00,1,4,1529.0,5,4,4,13,VIP,382.25,108,0
15703,211.5,1,66,2011-03-20 10:51:00,2011-03-20 10:51:00,264,1,211.5,1,1,1,3,Lost,211.5,0,1
15704,2293.62,4,1028,2011-07-22 13:35:00,2011-05-08 12:42:00,139,4,2293.62,2,4,5,11,Loyal,573.405,75,1
15705,143.1,1,62,2011-05-22 15:37:00,2011-05-22 15:37:00,200,1,143.1,1,1,1,3,Lost,143.1,0,1
15706,1060.56,4,321,2011-10-07 10:09:00,2011-08-15 14:32:00,63,4,1060.56,3,4,4,11,Loyal,265.14,52,0
15707,916.98,4,594,2011-11-04 14:35:00,2011-09-14 14:19:00,34,4,916.98,3,4,3,10,Loyal,229.245,51,0
15708,3235.25,7,1217,2011-10-30 10:54:00,2010-12-05 11:12:00,40,7,3235.25,3,5,5,13,VIP,462.17857142857144,328,0
15709,133.25,1,121,2011-03-01 10:38:00,2011-03-01 10:38:00,283,1,133.25,1,1,1,3,Lost,133.25,0,1
15712,1072.3600000000001,5,486,2011-11-30 14:09:00,2011-02-25 11:32:00,8,5,1072.3600000000001,5,4,4,13,VIP,214.47200000000004,278,0
15713,356.7,2,150,2011-07-19 13:34:00,2010-12-08 15:16:00,142,2,356.7,2,3,2,7,Potential Loyal,178.35,222,1
15714,330.03000000000003,2,186,2011-11-28 11:26:00,2011-09-23 11:25:00,11,2,330.03000000000003,5,3,2,10,Loyal,165.01500000000001,66,0
15716,1101.1100000000001,4,738,2011-07-17 11:59:00,2010-12-05 12:26:00,145,4,1101.1100000000001,2,4,4,10,Loyal,275.27750000000003,223,1
15717,150.3,1,70,2011-04-19 13:21:00,2011-04-19 13:21:00,233,1,150.3,1,1,1,3,Lost,150.3,0,1
15719,5030.07,13,2718,2011-11-07 12:29:00,2011-01-06 12:31:00,32,13,5030.07,4,5,5,14,VIP,386.92846153846153,304,0
15720,598.73,1,281,2011-11-15 14:48:00,2011-11-15 14:48:00,23,1,598.73,4,1,3,8,Potential Loyal,598.73,0,0
15721,471.40000000000003,1,388,2011-11-28 12:14:00,2011-11-28 12:14:00,11,1,471.40000000000003,5,1,2,8,Potential Loyal,471.40000000000003,0,0
15722,2211.21,5,1023,2011-11-04 11:43:00,2011-02-22 12:24:00,35,5,2211.21,3,4,5,12,Loyal,442.242,254,0
15723,190.7,1,73,2010-12-10 11:12:00,2010-12-10 11:12:00,364,1,190.7,1,1,1,3,Lost,190.7,0,1
15724,218.25,2,73,2011-05-22 14:40:00,2011-02-28 10:40:00,200,2,218.25,1,3,1,5,At Risk,109.125,83,1
15725,415.25,1,221,2011-11-24 14:51:00,2011-11-24 14:51:00,14,1,415.25,4,1,2,7,Potential Loyal,415.25,0,0
15727,5159.06,7,3063,2011-11-23 12:36:00,2010-12-15 15:47:00,16,7,5159.06,4,5,5,14,VIP,737.0085714285715,342,0
15729,85.0,1,28,2011-05-11 12:36:00,2011-05-11 12:36:00,212,1,85.0,1,1,1,3,Lost,85.0,0,1
15730,1120.88,3,689,2011-10-05 12:31:00,2011-05-17 12:43:00,65,3,1120.88,3,3,4,10,Loyal,373.6266666666667,140,0
15732,294.12,2,215,2011-05-11 14:24:00,2010-12-02 15:00:00,211,2,294.12,1,3,2,6,At Risk,147.06,159,1
15733,162.3,1,62,2011-03-02 09:05:00,2011-03-02 09:05:00,282,1,162.3,1,1,1,3,Lost,162.3,0,1
15734,1339.45,2,346,2011-08-17 10:50:00,2011-05-23 14:59:00,114,2,1339.45,2,3,4,9,Potential Loyal,669.725,85,1
15737,1188.1200000000001,8,597,2011-11-25 11:21:00,2011-04-11 10:01:00,14,8,1188.1200000000001,4,5,4,13,VIP,148.51500000000001,228,0
15738,4812.42,16,2982,2011-11-21 08:26:00,2010-12-02 12:50:00,18,16,4812.42,4,5,5,14,VIP,300.77625,353,0
15739,449.12,1,472,2011-10-04 13:42:00,2011-10-04 13:42:00,65,1,449.12,3,1,2,6,At Risk,449.12,0,0
15740,154.88,1,152,2011-10-21 14:29:00,2011-10-21 14:29:00,48,1,154.88,3,1,1,5,At Risk,154.88,0,0
15743,775.96,4,214,2011-11-23 17:19:00,2011-06-08 10:14:00,15,4,775.96,4,4,3,11,Loyal,193.99,168,0
15744,34.8,1,120,2011-09-23 09:52:00,2011-09-23 09:52:00,77,1,34.8,2,1,1,4,Lost,34.8,0,0
15745,1094.59,4,421,2011-11-20 13:45:00,2011-04-17 13:04:00,18,4,1094.59,4,4,4,12,Loyal,273.6475,217,0
15746,196.88,1,178,2011-07-28 15:21:00,2011-07-28 15:21:00,133,1,196.88,2,1,1,4,Lost,196.88,0,1
15747,946.64,3,466,2011-11-27 12:26:00,2011-06-20 11:30:00,12,3,946.64,5,3,4,12,Loyal,315.5466666666667,160,0
15748,144.36,1,50,2011-10-30 12:51:00,2011-10-30 12:51:00,39,1,144.36,3,1,1,5,At Risk,144.36,0,0
15749,44534.3,3,18028,2011-04-18 13:20:00,2011-01-11 12:55:00,234,3,44534.3,1,3,5,9,Potential Loyal,14844.766666666668,97,1
15750,2463.05,8,1783,2011-12-07 12:34:00,2010-12-08 10:36:00,2,8,2463.05,5,5,5,15,VIP,307.88125,364,0
15752,2626.6,7,1960,2011-10-31 11:37:00,2010-12-02 09:43:00,39,7,2626.6,3,5,5,13,VIP,375.2285714285714,333,0
15753,79.2,1,144,2011-02-08 12:41:00,2011-02-08 12:41:00,304,1,79.2,1,1,1,3,Lost,79.2,0,1
15754,458.57,3,199,2011-10-19 14:40:00,2011-04-07 12:24:00,50,3,458.57,3,3,2,8,Potential Loyal,152.85666666666665,195,0
15755,2364.25,6,1427,2011-11-29 14:57:00,2011-02-18 11:53:00,9,6,2364.25,5,5,5,15,VIP,394.0416666666667,284,0
15756,528.01,4,241,2011-10-09 13:30:00,2011-04-04 14:00:00,60,4,528.01,3,4,3,10,Loyal,132.0025,187,0
15757,714.42,2,491,2011-10-05 12:14:00,2011-05-06 11:40:00,65,2,714.42,3,3,3,9,Potential Loyal,357.21,152,0
15758,205.25,1,47,2011-11-15 10:48:00,2011-11-15 10:48:00,24,1,205.25,4,2,1,7,Potential Loyal,205.25,0,0
15759,253.04,3,60,2011-05-05 15:13:00,2010-12-16 15:29:00,217,3,253.04,1,3,2,6,At Risk,84.34666666666666,139,1
15762,583.75,2,251,2011-10-05 16:15:00,2011-09-23 15:17:00,64,2,583.75,3,3,3,9,Potential Loyal,291.875,12,0
15763,1086.92,2,271,2011-11-08 09:44:00,2011-09-23 12:10:00,31,2,1086.92,4,3,4,11,Loyal,543.46,45,0
15764,3279.97,6,2050,2011-09-12 17:58:00,2011-03-08 09:23:00,87,6,3279.97,2,5,5,12,Loyal,546.6616666666666,188,0
15766,315.06,1,170,2011-10-06 17:03:00,2011-10-06 17:03:00,63,1,315.06,3,2,2,7,Potential Loyal,315.06,0,0
15768,621.8299999999999,3,244,2011-08-16 10:48:00,2011-04-28 09:20:00,115,3,621.8299999999999,2,4,3,9,Potential Loyal,207.27666666666664,110,1
15769,56252.72,26,29672,2011-12-02 13:52:00,2010-12-03 15:16:00,6,26,56252.72,5,5,5,15,VIP,2163.566153846154,363,0
15773,635.6800000000001,1,311,2011-12-04 12:48:00,2011-12-04 12:48:00,5,1,635.6800000000001,5,2,3,10,Loyal,635.6800000000001,0,0
15774,270.8,1,87,2011-10-02 12:04:00,2011-10-02 12:04:00,68,1,270.8,3,2,2,7,Potential Loyal,270.8,0,0
15775,104.9,1,68,2011-04-08 12:56:00,2011-04-08 12:56:00,244,1,104.9,1,2,1,4,Lost,104.9,0,1
15776,241.62,1,138,2011-07-29 13:46:00,2011-07-29 13:46:00,132,1,241.62,2,2,1,5,At Risk,241.62,0,1
15777,1047.11,4,378,2011-04-12 16:43:00,2010-12-13 16:38:00,240,4,1047.11,1,4,4,9,Potential Loyal,261.7775,120,1
15780,475.28000000000003,3,220,2011-06-09 12:01:00,2010-12-17 11:43:00,183,3,475.28000000000003,1,4,2,7,Potential Loyal,158.42666666666668,174,1
15781,345.46,3,180,2011-11-14 14:57:00,2011-02-07 09:15:00,24,3,345.46,4,4,2,10,Loyal,115.15333333333332,280,0
15782,2614.7400000000002,3,864,2011-11-30 10:49:00,2011-09-11 14:29:00,9,3,2614.7400000000002,5,4,5,14,VIP,871.58,79,0
15783,246.3,1,212,2011-11-29 09:50:00,2011-11-29 09:50:00,10,1,246.3,5,2,1,8,Potential Loyal,246.3,0,0
15785,2328.9700000000003,5,1612,2011-11-07 11:33:00,2011-02-17 14:17:00,32,5,2328.9700000000003,4,4,5,13,VIP,465.79400000000004,262,0
15786,4919.0,3,3340,2011-10-24 14:13:00,2011-08-17 13:33:00,45,3,4919.0,3,4,5,12,Loyal,1639.6666666666667,68,0
15787,933.26,3,534,2011-11-13 14:55:00,2011-10-09 13:11:00,25,3,933.26,4,4,3,11,Loyal,311.08666666666664,35,0
15789,351.3,1,438,2010-12-16 14:35:00,2010-12-16 14:35:00,357,1,351.3,1,2,2,5,At Risk,351.3,0,1
15790,218.75,1,113,2011-11-29 14:53:00,2011-11-29 14:53:00,9,1,218.75,5,2,1,8,Potential Loyal,218.75,0,0
15791,1612.69,2,731,2011-10-27 10:14:00,2011-05-19 15:15:00,43,2,1612.69,3,3,4,10,Loyal,806.345,160,0
15793,965.61,3,553,2011-11-25 09:31:00,2011-03-16 10:45:00,14,3,965.61,4,4,4,12,Loyal,321.87,253,0
15795,610.01,1,581,2011-07-13 10:43:00,2011-07-13 10:43:00,149,1,610.01,2,2,3,7,Potential Loyal,610.01,0,1
15796,2708.61,8,860,2011-12-08 19:55:00,2011-02-10 15:40:00,0,8,2708.61,5,5,5,15,VIP,338.57625,301,0
15797,2207.4,4,873,2011-08-18 17:04:00,2011-01-24 15:47:00,112,4,2207.4,2,4,5,11,Loyal,551.85,206,1
15799,884.14,3,955,2011-09-25 12:46:00,2011-01-09 15:13:00,75,3,884.14,2,4,3,9,Potential Loyal,294.7133333333333,258,0
15800,696.89,2,332,2011-08-24 14:23:00,2011-04-07 12:39:00,106,2,696.89,2,3,3,8,Potential Loyal,348.445,139,1
15801,1063.95,3,570,2011-10-24 13:52:00,2011-08-22 09:53:00,45,3,1063.95,3,4,4,11,Loyal,354.65000000000003,63,0
15802,451.42,1,1,2011-07-20 11:38:00,2011-07-20 11:38:00,142,1,451.42,2,2,2,6,At Risk,451.42,0,1
15803,415.82000000000005,1,290,2011-10-19 14:56:00,2011-10-19 14:56:00,50,1,415.82000000000005,3,2,2,7,Potential Loyal,415.82000000000005,0,0
15804,4206.39,13,2565,2011-12-09 12:31:00,2011-05-25 10:12:00,0,13,4206.39,5,5,5,15,VIP,323.5684615384616,198,0
15805,5488.18,17,3367,2011-11-16 16:32:00,2010-12-10 09:33:00,22,17,5488.18,4,5,5,14,VIP,322.83411764705886,341,0
15806,784.58,3,602,2011-10-24 14:35:00,2011-03-08 09:24:00,45,3,784.58,3,4,3,10,Loyal,261.5266666666667,230,0
15807,903.9,3,430,2011-10-20 14:10:00,2011-09-23 14:43:00,49,3,903.9,3,4,3,10,Loyal,301.3,26,0
15808,3651.27,4,1305,2011-02-06 14:33:00,2010-12-05 13:05:00,305,4,3651.27,1,4,5,10,Loyal,912.8175,63,1
15809,515.77,5,301,2011-11-03 16:40:00,2011-02-10 11:16:00,35,5,515.77,3,4,3,10,Loyal,103.154,266,0
15810,1391.98,4,861,2011-09-22 09:38:00,2011-02-16 09:11:00,78,4,1391.98,2,4,4,10,Loyal,347.995,218,0
15811,2218.62,6,1071,2011-11-17 15:31:00,2010-12-09 15:29:00,21,6,2218.62,4,5,5,14,VIP,369.77,343,0
15812,1801.14,5,922,2011-08-24 14:19:00,2011-01-26 12:12:00,106,5,1801.14,2,4,4,10,Loyal,360.228,210,1
15813,1303.9099999999999,2,603,2011-05-16 08:13:00,2011-04-14 09:09:00,207,2,1303.9099999999999,1,3,4,8,Potential Loyal,651.9549999999999,31,1
15814,1945.33,4,1271,2011-11-23 08:17:00,2011-10-20 09:04:00,16,4,1945.33,4,4,4,12,Loyal,486.3325,33,0
15815,2100.6,5,1856,2011-10-07 12:42:00,2011-03-25 08:43:00,63,5,2100.6,3,4,5,12,Loyal,420.12,196,0
15819,1905.45,4,1357,2011-10-21 14:50:00,2011-03-08 09:45:00,48,4,1905.45,3,4,4,11,Loyal,476.3625,227,0
15820,206.98,1,128,2011-01-24 12:00:00,2011-01-24 12:00:00,319,1,206.98,1,2,1,4,Lost,206.98,0,1
15821,570.96,2,202,2011-10-26 15:48:00,2011-10-09 13:28:00,43,2,570.96,3,3,3,9,Potential Loyal,285.48,17,0
15822,885.47,2,375,2011-12-06 14:50:00,2010-12-15 13:38:00,2,2,885.47,5,3,3,11,Loyal,442.735,356,0
15823,15.0,1,1,2010-12-02 15:08:00,2010-12-02 15:08:00,371,1,15.0,1,2,1,4,Lost,15.0,0,1
15825,532.94,1,220,2011-06-20 13:27:00,2011-06-20 13:27:00,171,1,532.94,2,2,3,7,Potential Loyal,532.94,0,1
15826,1654.31,3,963,2011-10-14 16:05:00,2011-05-13 10:44:00,55,3,1654.31,3,4,4,11,Loyal,551.4366666666666,154,0
15827,1836.0900000000001,14,882,2011-09-27 15:35:00,2010-12-02 13:06:00,72,14,1836.0900000000001,2,5,4,11,Loyal,131.14928571428572,299,0
15829,636.14,2,996,2011-09-01 16:45:00,2011-07-22 10:23:00,98,2,636.14,2,3,3,8,Potential Loyal,318.07,41,1
15830,576.0,1,415,2011-11-02 10:40:00,2011-11-02 10:40:00,37,1,576.0,3,2,3,8,Potential Loyal,576.0,0,0
15831,794.64,3,1092,2011-10-12 13:14:00,2011-01-19 14:52:00,57,3,794.64,3,4,3,10,Loyal,264.88,265,0
15832,836.79,1,465,2011-03-30 15:29:00,2011-03-30 15:29:00,253,1,836.79,1,2,3,6,At Risk,836.79,0,1
15834,2225.15,4,961,2011-09-30 14:41:00,2011-03-07 17:52:00,69,4,2225.15,3,4,5,12,Loyal,556.2875,206,0
15835,954.09,4,439,2011-10-26 15:47:00,2011-01-13 10:35:00,43,4,954.09,3,4,4,11,Loyal,238.5225,286,0
15836,137.37,1,26,2011-10-20 17:13:00,2011-10-20 17:13:00,49,1,137.37,3,2,1,6,At Risk,137.37,0,0
15837,391.98,1,189,2011-10-06 09:01:00,2011-10-06 09:01:00,64,1,391.98,3,2,2,7,Potential Loyal,391.98,0,0
15838,33643.08,19,18368,2011-11-28 14:00:00,2010-12-07 11:26:00,10,19,33643.08,5,5,5,15,VIP,1770.6884210526316,356,0
15839,1048.49,3,675,2011-11-06 13:54:00,2011-07-14 16:35:00,32,3,1048.49,4,4,4,12,Loyal,349.49666666666667,114,0
15840,355.56,2,396,2011-10-12 09:08:00,2011-06-20 11:42:00,58,2,355.56,3,3,2,8,Potential Loyal,177.78,113,0
15841,1224.06,4,942,2011-09-28 12:15:00,2011-01-05 11:25:00,72,4,1224.06,2,4,4,10,Loyal,306.015,266,0
15843,118.95000000000002,1,27,2011-02-09 10:19:00,2011-02-09 10:19:00,303,1,118.95000000000002,1,2,1,4,Lost,118.95000000000002,0,1
15844,130.73999999999998,1,134,2011-10-24 15:19:00,2011-10-24 15:19:00,45,1,130.73999999999998,3,2,1,6,At Risk,130.73999999999998,0,0
15845,3711.77,8,1926,2011-11-22 09:42:00,2011-01-06 17:19:00,17,8,3711.77,4,5,5,14,VIP,463.97125,319,0
15847,389.27,2,449,2011-11-01 14:41:00,2011-02-24 16:46:00,37,2,389.27,3,3,2,8,Potential Loyal,194.635,249,0
15850,234.88,2,298,2011-11-20 14:14:00,2011-06-24 14:16:00,18,2,234.88,4,3,1,8,Potential Loyal,117.44,148,0
15852,160.71,2,48,2011-06-06 11:22:00,2011-05-26 13:26:00,186,2,160.71,1,3,1,5,At Risk,80.355,10,1
15853,110.8,1,135,2011-10-19 10:38:00,2011-10-19 10:38:00,51,1,110.8,3,2,1,6,At Risk,110.8,0,0
15854,2969.12,12,926,2011-12-05 13:39:00,2010-12-13 11:47:00,3,12,2969.12,5,5,5,15,VIP,247.42666666666665,357,0
15855,712.24,5,470,2011-07-26 10:20:00,2011-03-21 12:32:00,136,5,712.24,2,4,3,9,Potential Loyal,142.448,126,1
15856,16143.64,27,10866,2011-12-05 17:09:00,2010-12-09 13:34:00,3,27,16143.64,5,5,5,15,VIP,597.9125925925925,361,0
15857,297.0,1,308,2011-11-21 12:18:00,2011-11-21 12:18:00,18,1,297.0,4,2,2,8,Potential Loyal,297.0,0,0
15858,1427.57,5,1163,2011-11-24 12:48:00,2010-12-07 14:31:00,15,5,1427.57,4,4,4,12,Loyal,285.514,351,0
15860,965.16,8,437,2011-10-30 11:25:00,2010-12-06 11:38:00,40,8,965.16,3,5,4,12,Loyal,120.645,327,0
15861,3146.92,8,2528,2011-11-27 15:59:00,2011-03-17 20:12:00,11,8,3146.92,5,5,5,15,VIP,393.365,254,0
15862,832.88,4,585,2011-12-01 13:28:00,2010-12-01 11:21:00,7,4,832.88,5,4,3,12,Loyal,208.22,365,0
15863,68.84,2,19,2011-11-14 12:49:00,2011-05-31 11:36:00,25,2,68.84,4,3,1,8,Potential Loyal,34.42,167,0
15864,1936.3200000000002,6,1192,2011-11-17 13:32:00,2011-01-27 16:43:00,21,6,1936.3200000000002,4,5,4,13,VIP,322.72,293,0
15865,895.13,3,368,2011-10-30 12:43:00,2011-05-10 11:44:00,40,3,895.13,3,4,3,10,Loyal,298.37666666666667,173,0
15866,211.89,1,124,2011-08-30 14:09:00,2011-08-30 14:09:00,100,1,211.89,2,2,1,5,At Risk,211.89,0,1
15867,3810.14,15,2052,2011-12-04 13:32:00,2010-12-05 14:17:00,4,15,3810.14,5,5,5,15,VIP,254.00933333333333,363,0
15869,149.64,2,175,2011-03-07 17:23:00,2011-03-07 17:19:00,276,2,149.64,1,3,1,5,At Risk,74.82,0,1
15870,351.44,1,333,2011-11-07 10:58:00,2011-11-07 10:58:00,32,1,351.44,4,2,2,8,Potential Loyal,351.44,0,0
15872,316.25,2,187,2011-11-25 11:55:00,2011-11-25 11:54:00,14,2,316.25,4,3,2,9,Potential Loyal,158.125,0,0
15874,4405.88,7,2534,2011-10-07 12:31:00,2011-02-28 13:28:00,63,7,4405.88,3,5,5,13,VIP,629.4114285714286,220,0
15877,490.33,2,368,2011-12-08 11:53:00,2011-11-22 11:18:00,1,2,490.33,5,3,3,11,Loyal,245.165,16,0
15880,329.03000000000003,1,202,2010-12-05 13:00:00,2010-12-05 13:00:00,368,1,329.03000000000003,1,2,2,5,At Risk,329.03000000000003,0,1
15881,501.39000000000004,5,260,2011-01-31 16:59:00,2010-12-10 13:32:00,311,5,501.39000000000004,1,4,3,8,Potential Loyal,100.278,52,1
15882,516.36,4,276,2011-05-25 11:35:00,2010-12-06 13:01:00,198,4,516.36,1,4,3,8,Potential Loyal,129.09,169,1
15883,396.48,2,223,2011-12-07 17:05:00,2011-11-06 14:50:00,1,2,396.48,5,3,2,10,Loyal,198.24,31,0
15885,379.35,3,111,2011-09-08 10:43:00,2011-02-03 15:28:00,92,3,379.35,2,4,2,8,Potential Loyal,126.45,216,1
15886,181.09,1,147,2011-10-10 14:25:00,2011-10-10 14:25:00,59,1,181.09,3,2,1,6,At Risk,181.09,0,0
15888,168.31,1,76,2011-09-20 12:30:00,2011-09-20 12:30:00,80,1,168.31,2,2,1,5,At Risk,168.31,0,0
15889,420.07,2,206,2011-07-06 11:10:00,2010-12-05 15:12:00,156,2,420.07,2,3,2,7,Potential Loyal,210.035,212,1
15891,511.68,1,418,2011-04-27 12:35:00,2011-04-27 12:35:00,226,1,511.68,1,2,3,6,At Risk,511.68,0,1
15894,258.25,2,164,2011-03-31 13:50:00,2010-12-05 14:06:00,252,2,258.25,1,3,2,6,At Risk,129.125,115,1
15895,179.17,1,94,2011-07-13 10:27:00,2011-07-13 10:27:00,149,1,179.17,2,2,1,5,At Risk,179.17,0,1
15897,208.59,2,223,2011-05-29 13:50:00,2011-05-29 13:32:00,193,2,208.59,1,3,1,5,At Risk,104.295,0,1
15898,1383.83,5,567,2011-12-08 15:23:00,2010-12-06 11:01:00,0,5,1383.83,5,4,4,13,VIP,276.76599999999996,367,0
15899,56.25,1,39,2010-12-06 10:36:00,2010-12-06 10:36:00,368,1,56.25,1,2,1,4,Lost,56.25,0,1
15900,337.28,1,216,2011-11-16 12:19:00,2011-11-16 12:19:00,23,1,337.28,4,2,2,8,Potential Loyal,337.28,0,0
15901,351.73,3,379,2011-11-23 12:43:00,2011-07-08 12:18:00,16,3,351.73,4,4,2,10,Loyal,117.24333333333334,138,0
15903,5126.76,7,2410,2011-11-30 08:08:00,2011-02-17 14:04:00,9,7,5126.76,5,5,5,15,VIP,732.3942857142857,285,0
15904,164.68,1,84,2011-12-01 14:50:00,2011-12-01 14:50:00,7,1,164.68,5,2,1,8,Potential Loyal,164.68,0,0
15906,1567.69,7,544,2011-11-20 12:24:00,2011-03-29 13:28:00,19,7,1567.69,4,5,4,13,VIP,223.9557142857143,235,0
15907,882.72,3,478,2011-12-06 12:21:00,2011-05-13 13:01:00,3,3,882.72,5,4,3,12,Loyal,294.24,206,0
15909,191.94,1,98,2011-06-19 10:38:00,2011-06-19 10:38:00,173,1,191.94,2,2,1,5,At Risk,191.94,0,1
15910,1228.88,8,1013,2011-12-09 10:51:00,2011-01-27 11:55:00,0,8,1228.88,5,5,4,14,VIP,153.61,315,0
15912,264.62,2,185,2011-06-14 14:29:00,2011-04-20 17:10:00,177,2,264.62,2,3,2,7,Potential Loyal,132.31,54,1
15916,1502.8600000000001,8,752,2011-11-23 13:46:00,2010-12-08 13:07:00,15,8,1502.8600000000001,4,5,4,13,VIP,187.85750000000002,350,0
15917,123.1,1,42,2011-04-06 10:40:00,2011-04-06 10:40:00,247,1,123.1,1,2,1,4,Lost,123.1,0,1
15918,334.23,2,153,2011-06-02 11:42:00,2011-03-13 15:55:00,190,2,334.23,1,3,2,6,At Risk,167.115,80,1
15919,525.69,2,385,2011-11-20 11:28:00,2010-12-06 11:26:00,19,2,525.69,4,3,3,10,Loyal,262.845,349,0
15920,167.5,4,99,2011-07-08 15:31:00,2011-07-08 15:16:00,153,4,167.5,2,4,1,7,Potential Loyal,41.875,0,1
15921,323.03000000000003,1,162,2011-06-20 11:03:00,2011-06-20 11:03:00,172,1,323.03000000000003,2,2,2,6,At Risk,323.03000000000003,0,1
15922,369.5,1,138,2010-12-01 13:51:00,2010-12-01 13:51:00,372,1,369.5,1,2,2,5,At Risk,369.5,0,1
15923,127.08,1,122,2010-12-02 12:16:00,2010-12-02 12:16:00,372,1,127.08,1,2,1,4,Lost,127.08,0,1
15925,207.15,1,93,2011-05-29 15:35:00,2011-05-29 15:35:00,193,1,207.15,1,2,1,4,Lost,207.15,0,1
15930,426.63,1,139,2011-10-03 14:52:00,2011-10-03 14:52:00,66,1,426.63,3,2,2,7,Potential Loyal,426.63,0,0
15932,2495.87,8,2325,2011-12-05 17:13:00,2011-02-23 14:50:00,3,8,2495.87,5,5,5,15,VIP,311.98375,285,0
15933,1107.46,3,885,2011-11-18 13:14:00,2011-09-14 12:05:00,20,3,1107.46,4,4,4,12,Loyal,369.15333333333336,65,0
15935,416.86,2,115,2011-04-14 13:27:00,2011-04-12 09:35:00,238,2,416.86,1,3,2,6,At Risk,208.43,2,1
15937,145.35,1,73,2011-10-06 15:48:00,2011-10-06 15:48:00,63,1,145.35,3,2,1,6,At Risk,145.35,0,0
15938,404.58,5,240,2011-08-19 12:56:00,2011-01-20 10:11:00,111,5,404.58,2,4,2,8,Potential Loyal,80.916,211,1
15939,6115.01,15,4728,2011-09-11 11:30:00,2011-01-12 12:43:00,89,15,6115.01,2,5,5,12,Loyal,407.6673333333334,241,0
15940,35.8,1,4,2011-02-01 16:18:00,2011-02-01 16:18:00,310,1,35.8,1,2,1,4,Lost,35.8,0,1
15942,337.44,1,232,2011-07-29 09:01:00,2011-07-29 09:01:00,133,1,337.44,2,2,2,6,At Risk,337.44,0,1
15944,325.1,1,50,2011-03-08 10:33:00,2011-03-08 10:33:00,276,1,325.1,1,2,2,5,At Risk,325.1,0,1
15945,181.0,1,52,2010-12-09 13:14:00,2010-12-09 13:14:00,364,1,181.0,1,2,1,4,Lost,181.0,0,1
15947,1708.24,1,898,2011-09-18 10:46:00,2011-09-18 10:46:00,82,1,1708.24,2,2,4,8,Potential Loyal,1708.24,0,0
15948,955.24,2,567,2011-12-01 15:32:00,2011-10-27 08:35:00,7,2,955.24,5,3,4,12,Loyal,477.62,35,0
15949,364.72,2,284,2011-11-23 09:09:00,2011-09-29 17:34:00,16,2,364.72,4,3,2,9,Potential Loyal,182.36,54,0
15950,1744.71,4,719,2011-11-08 11:09:00,2010-12-15 11:56:00,31,4,1744.71,4,4,4,12,Loyal,436.1775,327,0
15951,708.22,2,313,2011-12-01 08:34:00,2011-02-27 11:57:00,8,2,708.22,5,3,3,11,Loyal,354.11,276,0
15952,781.91,4,391,2011-11-06 11:18:00,2011-04-28 12:55:00,33,4,781.91,3,4,3,10,Loyal,195.4775,191,0
15953,1657.28,8,891,2011-11-24 15:32:00,2010-12-05 15:15:00,14,8,1657.28,4,5,4,13,VIP,207.16,354,0
15955,4416.26,14,2135,2011-11-15 14:15:00,2010-12-02 11:22:00,23,14,4416.26,4,5,5,14,VIP,315.44714285714286,348,0
15957,428.89,1,211,2011-11-08 12:14:00,2011-11-08 12:14:00,31,1,428.89,4,2,2,8,Potential Loyal,428.89,0,0
15958,104.35,1,33,2011-09-26 13:41:00,2011-09-26 13:41:00,73,1,104.35,2,2,1,5,At Risk,104.35,0,0
15963,470.76,2,298,2011-11-20 11:33:00,2011-10-25 13:05:00,19,2,470.76,4,3,2,9,Potential Loyal,235.38,25,0
15965,808.87,4,434,2011-11-22 16:44:00,2010-12-07 13:18:00,16,4,808.87,4,4,3,11,Loyal,202.2175,350,0
15967,397.68,2,205,2011-11-16 15:41:00,2011-01-25 11:57:00,22,2,397.68,4,3,2,9,Potential Loyal,198.84,295,0
15969,666.1,3,124,2011-12-07 11:06:00,2011-06-07 12:19:00,2,3,666.1,5,4,3,12,Loyal,222.03333333333333,182,0
15970,314.1,1,116,2011-02-09 12:08:00,2011-02-09 12:08:00,303,1,314.1,1,2,2,5,At Risk,314.1,0,1
15971,4199.85,12,1717,2011-11-22 12:50:00,2011-02-01 16:47:00,17,12,4199.85,4,5,5,14,VIP,349.9875,293,0
15973,307.82000000000005,1,106,2010-12-08 11:42:00,2010-12-08 11:42:00,366,1,307.82000000000005,1,2,2,5,At Risk,307.82000000000005,0,1
15974,3442.15,7,2262,2011-10-31 13:13:00,2011-02-24 10:10:00,38,7,3442.15,3,5,5,13,VIP,491.7357142857143,249,0
15975,371.01,1,243,2011-09-16 13:33:00,2011-09-16 13:33:00,83,1,371.01,2,2,2,6,At Risk,371.01,0,0
15976,427.64,2,275,2011-06-27 13:00:00,2011-05-03 17:12:00,164,2,427.64,2,3,2,7,Potential Loyal,213.82,54,1
15977,1054.73,2,1016,2011-11-22 13:29:00,2011-10-31 16:24:00,16,2,1054.73,4,3,4,11,Loyal,527.365,21,0
15978,1098.78,1,888,2011-09-23 15:21:00,2011-09-23 15:21:00,76,1,1098.78,2,2,4,8,Potential Loyal,1098.78,0,0
15980,2398.86,3,1560,2011-09-12 09:41:00,2011-03-30 15:05:00,88,3,2398.86,2,4,5,11,Loyal,799.62,165,0
15981,3408.48,8,1866,2011-11-15 08:00:00,2011-02-01 13:50:00,24,8,3408.48,4,5,5,14,VIP,426.06,286,0
15983,1465.12,4,886,2011-11-17 17:34:00,2010-12-01 12:15:00,21,4,1465.12,4,4,4,12,Loyal,366.28,351,0
15984,2780.63,10,1815,2011-12-07 12:16:00,2010-12-06 13:21:00,2,10,2780.63,5,5,5,15,VIP,278.063,365,0
15985,1142.42,2,1086,2011-08-08 16:31:00,2011-04-17 11:04:00,122,2,1142.42,2,3,4,9,Potential Loyal,571.21,113,1
15986,168.12,1,268,2011-11-09 15:17:00,2011-11-09 15:17:00,29,1,168.12,4,2,1,7,Potential Loyal,168.12,0,0
15987,1432.77,7,1533,2011-11-27 15:38:00,2010-12-06 08:34:00,11,7,1432.77,5,5,4,14,VIP,204.68142857142857,356,0
15988,156.78,1,180,2011-11-20 13:23:00,2011-11-20 13:23:00,18,1,156.78,4,2,1,7,Potential Loyal,156.78,0,0
15990,792.11,2,443,2011-10-26 15:58:00,2011-02-25 15:35:00,43,2,792.11,3,3,3,9,Potential Loyal,396.055,243,0
15992,41.989999999999995,1,17,2011-12-06 11:00:00,2011-12-06 11:00:00,3,1,41.989999999999995,5,2,1,8,Potential Loyal,41.989999999999995,0,0
15993,2777.67,7,2037,2011-12-01 10:45:00,2011-10-26 16:21:00,8,7,2777.67,5,5,5,15,VIP,396.81,35,0
15994,414.27,1,173,2011-10-16 12:28:00,2011-10-16 12:28:00,54,1,414.27,3,2,2,7,Potential Loyal,414.27,0,0
15996,1032.58,6,380,2011-09-12 15:14:00,2010-12-08 15:59:00,87,6,1032.58,2,5,4,11,Loyal,172.09666666666666,277,0
15998,3080.22,5,2032,2011-11-03 12:45:00,2010-12-12 13:32:00,36,5,3080.22,3,4,5,12,Loyal,616.044,325,0
16000,12393.7,3,5110,2011-12-07 12:17:00,2011-12-07 12:14:00,2,3,12393.7,5,4,5,14,VIP,4131.233333333334,0,0
16003,2735.37,5,1185,2011-11-10 09:57:00,2010-12-15 12:09:00,29,5,2735.37,4,4,5,13,VIP,547.074,329,0
16005,578.71,4,280,2011-11-27 13:47:00,2011-03-14 11:46:00,11,4,578.71,5,4,3,12,Loyal,144.6775,258,0
16006,101.4,1,84,2011-05-12 13:12:00,2011-05-12 13:12:00,210,1,101.4,1,2,1,4,Lost,101.4,0,1
16007,1693.81,4,1388,2011-10-23 11:05:00,2011-05-08 13:32:00,47,4,1693.81,3,4,4,11,Loyal,423.4525,167,0
16008,478.78,3,323,2011-11-16 10:32:00,2011-05-19 10:54:00,23,3,478.78,4,4,2,10,Loyal,159.59333333333333,180,0
16009,972.11,4,366,2011-11-17 16:51:00,2011-07-03 11:26:00,21,4,972.11,4,4,4,12,Loyal,243.0275,137,0
16010,392.4,3,202,2011-04-08 10:14:00,2010-12-12 12:18:00,245,3,392.4,1,4,2,7,Potential Loyal,130.79999999999998,116,1
16011,3352.96,16,2035,2011-12-01 16:31:00,2010-12-08 16:34:00,7,16,3352.96,5,5,5,15,VIP,209.56,357,0
16012,1415.29,3,799,2011-11-04 13:25:00,2011-07-07 18:02:00,34,3,1415.29,3,4,4,11,Loyal,471.7633333333333,119,0
16013,37130.6,47,15536,2011-12-06 10:36:00,2010-12-03 13:09:00,3,47,37130.6,5,5,5,15,VIP,790.0127659574467,367,0
16014,646.83,3,258,2011-11-02 12:04:00,2011-02-21 17:42:00,37,3,646.83,3,4,3,10,Loyal,215.61,253,0
16015,704.55,3,907,2011-12-06 10:58:00,2011-10-21 12:56:00,3,3,704.55,5,4,3,12,Loyal,234.85,45,0
16016,1465.51,8,602,2011-12-06 14:35:00,2010-12-08 12:36:00,2,8,1465.51,5,5,4,14,VIP,183.18875,363,0
16017,211.88,1,102,2011-10-23 12:56:00,2011-10-23 12:56:00,46,1,211.88,3,2,1,6,At Risk,211.88,0,0
16018,408.90000000000003,2,190,2011-10-31 14:13:00,2011-06-12 13:52:00,38,2,408.90000000000003,3,3,2,8,Potential Loyal,204.45000000000002,141,0
16019,3786.2400000000002,9,1733,2011-10-24 11:51:00,2010-12-10 12:29:00,46,9,3786.2400000000002,3,5,5,13,VIP,420.6933333333334,317,0
16020,851.01,3,487,2011-11-23 11:18:00,2011-10-05 13:54:00,16,3,851.01,4,4,3,11,Loyal,283.67,48,0
16022,602.63,1,255,2011-03-24 13:16:00,2011-03-24 13:16:00,259,1,602.63,1,2,3,6,At Risk,602.63,0,1
16023,719.81,3,358,2011-10-24 16:34:00,2011-03-18 13:32:00,45,3,719.81,3,4,3,10,Loyal,239.93666666666664,220,0
16024,251.03,1,397,2011-11-27 13:26:00,2011-11-27 13:26:00,11,1,251.03,5,2,2,9,Potential Loyal,251.03,0,0
16025,439.65999999999997,1,338,2011-11-10 11:45:00,2011-11-10 11:45:00,29,1,439.65999999999997,4,2,2,8,Potential Loyal,439.65999999999997,0,0
16026,236.09,1,243,2011-10-27 13:53:00,2011-10-27 13:53:00,42,1,236.09,3,2,1,6,At Risk,236.09,0,0
16027,934.62,6,1147,2011-09-09 10:47:00,2011-02-10 12:19:00,91,6,934.62,2,5,4,11,Loyal,155.77,210,1
16029,80850.84,63,40108,2011-11-01 10:27:00,2010-12-01 09:57:00,38,63,80850.84,3,5,5,13,VIP,1283.3466666666666,335,0
16030,331.24,1,283,2011-02-03 11:28:00,2011-02-03 11:28:00,309,1,331.24,1,2,2,5,At Risk,331.24,0,1
16031,547.9,2,421,2011-09-08 13:07:00,2011-04-06 14:23:00,91,2,547.9,2,3,3,8,Potential Loyal,273.95,154,1
16033,8778.82,20,3529,2011-12-04 12:44:00,2010-12-05 10:36:00,5,20,8778.82,5,5,5,15,VIP,438.941,364,0
16034,437.7,3,242,2011-05-27 16:17:00,2011-01-11 11:54:00,195,3,437.7,1,4,2,7,Potential Loyal,145.9,136,1
16036,758.92,2,716,2011-09-13 14:53:00,2011-03-21 13:01:00,86,2,758.92,2,3,3,8,Potential Loyal,379.46,176,0
16037,855.02,3,428,2011-03-15 09:13:00,2010-12-16 10:18:00,269,3,855.02,1,4,3,8,Potential Loyal,285.00666666666666,88,1
16038,471.78000000000003,3,244,2011-12-02 12:40:00,2011-05-22 11:29:00,7,3,471.78000000000003,5,4,2,11,Loyal,157.26000000000002,194,0
16040,1313.55,3,684,2011-10-05 13:47:00,2011-03-16 09:58:00,64,3,1313.55,3,4,4,11,Loyal,437.84999999999997,203,0
16041,3166.4,3,1584,2011-11-09 12:25:00,2011-07-21 16:27:00,30,3,3166.4,4,4,5,13,VIP,1055.4666666666667,110,0
16042,1177.47,5,743,2011-11-17 17:50:00,2011-01-11 13:25:00,21,5,1177.47,4,4,4,12,Loyal,235.494,310,0
16043,773.99,4,503,2011-11-02 12:50:00,2011-01-26 11:14:00,37,4,773.99,3,4,3,10,Loyal,193.4975,280,0
16045,1340.7,4,897,2011-08-12 12:41:00,2011-02-22 14:55:00,119,4,1340.7,2,4,4,10,Loyal,335.175,170,1
16048,256.44,2,144,2010-12-01 15:28:00,2010-12-01 15:27:00,372,2,256.44,1,3,2,6,At Risk,128.22,0,1
16049,1074.81,3,763,2011-10-30 13:19:00,2011-09-25 14:33:00,39,3,1074.81,3,4,4,11,Loyal,358.27,34,0
16050,137.9,1,278,2011-06-19 11:44:00,2011-06-19 11:44:00,173,1,137.9,2,2,1,5,At Risk,137.9,0,1
16052,362.06,1,282,2011-10-16 15:13:00,2011-10-16 15:13:00,53,1,362.06,3,2,2,7,Potential Loyal,362.06,0,0
16053,1511.95,2,1793,2011-11-07 11:21:00,2011-08-09 14:57:00,32,2,1511.95,4,3,4,11,Loyal,755.975,89,0
16054,783.9,1,380,2011-07-17 13:08:00,2011-07-17 13:08:00,144,1,783.9,2,2,3,7,Potential Loyal,783.9,0,1
16055,134.8,1,22,2011-05-03 09:26:00,2011-05-03 09:26:00,220,1,134.8,1,2,1,4,Lost,134.8,0,1
16056,650.75,1,345,2011-10-25 15:19:00,2011-10-25 15:19:00,44,1,650.75,3,2,3,8,Potential Loyal,650.75,0,0
16057,2263.12,7,863,2011-11-23 15:23:00,2011-02-28 10:35:00,15,7,2263.12,4,5,5,14,VIP,323.30285714285714,268,0
16059,1453.16,6,641,2011-10-05 09:56:00,2010-12-07 10:36:00,65,6,1453.16,3,5,4,12,Loyal,242.19333333333336,301,0
16062,1153.62,4,800,2011-11-30 12:15:00,2010-12-10 12:00:00,9,4,1153.62,5,4,4,13,VIP,288.405,355,0
16063,335.32,1,262,2011-03-24 14:56:00,2011-03-24 14:55:00,259,1,335.32,1,2,2,5,At Risk,335.32,0,1
16065,367.14,1,228,2010-12-09 13:03:00,2010-12-09 13:03:00,364,1,367.14,1,2,2,5,At Risk,367.14,0,1
16066,1521.04,5,935,2011-11-23 11:54:00,2011-08-07 14:33:00,16,5,1521.04,4,4,4,12,Loyal,304.20799999999997,107,0
16070,852.15,2,457,2011-11-17 15:50:00,2011-11-07 16:36:00,21,2,852.15,4,3,3,10,Loyal,426.075,9,0
16071,326.24,1,180,2011-10-26 11:14:00,2011-10-26 11:14:00,44,1,326.24,3,2,2,7,Potential Loyal,326.24,0,0
16072,584.3199999999999,1,140,2011-02-24 14:32:00,2011-02-24 14:32:00,287,1,584.3199999999999,1,2,3,6,At Risk,584.3199999999999,0,1
16073,122.39999999999999,1,48,2011-02-15 15:41:00,2011-02-15 15:41:00,296,1,122.39999999999999,1,2,1,4,Lost,122.39999999999999,0,1
16076,2234.73,10,1435,2011-12-06 14:59:00,2011-05-15 12:31:00,2,10,2234.73,5,5,5,15,VIP,223.473,205,0
16078,79.2,1,16,2011-03-01 09:47:00,2011-03-01 09:47:00,283,1,79.2,1,2,1,4,Lost,79.2,0,1
16079,1352.0,3,864,2011-11-23 12:48:00,2011-10-30 13:06:00,16,3,1352.0,4,4,4,12,Loyal,450.6666666666667,23,0
16080,217.16,2,128,2011-09-19 10:42:00,2011-03-10 14:44:00,81,2,217.16,2,3,1,6,At Risk,108.58,192,0
16081,2799.42,5,1473,2011-10-14 13:06:00,2010-12-08 11:16:00,55,5,2799.42,3,4,5,12,Loyal,559.884,310,0
16083,1317.62,2,908,2011-08-31 10:47:00,2010-12-14 11:51:00,100,2,1317.62,2,3,4,9,Potential Loyal,658.81,259,1
16084,436.18,1,216,2011-02-13 16:05:00,2011-02-13 16:05:00,298,1,436.18,1,2,2,5,At Risk,436.18,0,1
16085,981.51,5,636,2011-11-16 13:24:00,2011-01-23 12:07:00,22,5,981.51,4,4,4,12,Loyal,196.302,297,0
16086,1121.39,5,511,2011-10-11 13:09:00,2010-12-07 13:45:00,58,5,1121.39,3,4,4,11,Loyal,224.27800000000002,307,0
16091,315.06,2,154,2011-07-08 08:45:00,2011-05-25 09:18:00,154,2,315.06,2,3,2,7,Potential Loyal,157.53,43,1
16092,817.86,3,628,2011-08-17 10:46:00,2011-03-30 15:38:00,114,3,817.86,2,4,3,9,Potential Loyal,272.62,139,1
16093,17.0,1,20,2011-08-25 11:09:00,2011-08-25 11:09:00,106,1,17.0,2,2,1,5,At Risk,17.0,0,1
16094,1078.23,4,647,2011-11-28 12:45:00,2011-05-04 13:57:00,11,4,1078.23,5,4,4,13,VIP,269.5575,207,0
16096,320.62,1,155,2011-03-20 13:38:00,2011-03-20 13:38:00,263,1,320.62,1,2,2,5,At Risk,320.62,0,1
16097,185.04999999999998,1,87,2011-04-13 13:47:00,2011-04-13 13:47:00,239,1,185.04999999999998,1,2,1,4,Lost,185.04999999999998,0,1
16098,2005.63,7,613,2011-09-13 09:59:00,2010-12-01 09:45:00,87,7,2005.63,2,5,4,11,Loyal,286.5185714285714,286,0
16099,731.9,3,434,2011-10-20 13:13:00,2011-04-28 08:34:00,49,3,731.9,3,4,3,10,Loyal,243.96666666666667,175,0
16101,1290.7,1,757,2011-09-30 10:18:00,2011-09-30 10:18:00,70,1,1290.7,3,2,4,9,Potential Loyal,1290.7,0,0
16102,1842.14,3,942,2011-10-28 13:19:00,2011-08-03 12:50:00,41,3,1842.14,3,4,4,11,Loyal,614.0466666666667,86,0
16103,1429.64,6,558,2011-12-02 14:16:00,2011-04-20 12:28:00,6,6,1429.64,5,5,4,14,VIP,238.27333333333334,226,0
16104,298.21,1,122,2011-10-09 10:23:00,2011-10-09 10:23:00,61,1,298.21,3,2,2,7,Potential Loyal,298.21,0,0
16105,336.96,1,330,2011-04-05 10:13:00,2011-04-05 10:13:00,248,1,336.96,1,2,2,5,At Risk,336.96,0,1
16106,108.38,1,74,2011-10-05 10:37:00,2011-10-05 10:37:00,65,1,108.38,3,2,1,6,At Risk,108.38,0,0
16107,3204.1600000000003,7,1176,2011-11-22 09:40:00,2011-06-09 18:42:00,17,7,3204.1600000000003,4,5,5,14,VIP,457.7371428571429,165,0
16108,842.5,1,615,2011-09-16 11:48:00,2011-09-16 11:48:00,84,1,842.5,2,2,3,7,Potential Loyal,842.5,0,0
16109,611.88,2,612,2011-05-05 09:17:00,2011-02-04 12:37:00,218,2,611.88,1,3,3,7,Potential Loyal,305.94,89,1
16110,1320.95,3,720,2011-10-25 14:35:00,2011-02-01 14:01:00,44,3,1320.95,3,4,4,11,Loyal,440.31666666666666,266,0
16112,195.73999999999998,4,574,2011-07-19 14:28:00,2011-01-05 11:47:00,142,4,195.73999999999998,2,4,1,7,Potential Loyal,48.934999999999995,195,1
16113,161.38,1,176,2011-06-09 16:16:00,2011-06-09 16:16:00,182,1,161.38,1,2,1,4,Lost,161.38,0,1
16114,135.75000000000003,1,43,2011-06-22 10:13:00,2011-06-22 10:13:00,170,1,135.75000000000003,2,2,1,5,At Risk,135.75000000000003,0,1
16115,1660.8799999999999,8,994,2011-11-30 11:32:00,2011-02-20 12:14:00,9,8,1660.8799999999999,5,5,4,14,VIP,207.60999999999999,282,0
16116,612.78,1,248,2011-05-12 12:01:00,2011-05-12 12:01:00,211,1,612.78,1,2,3,6,At Risk,612.78,0,1
16117,232.21,1,130,2011-06-03 11:42:00,2011-06-03 11:42:00,189,1,232.21,1,2,1,4,Lost,232.21,0,1
16119,423.36,2,240,2011-12-01 15:11:00,2011-09-28 10:15:00,7,2,423.36,5,3,2,10,Loyal,211.68,64,0
16120,1309.14,4,878,2011-10-11 14:22:00,2011-10-11 14:10:00,58,4,1309.14,3,4,4,11,Loyal,327.285,0,0
16121,854.66,2,576,2011-10-13 12:59:00,2011-05-08 11:52:00,56,2,854.66,3,3,3,9,Potential Loyal,427.33,158,0
16122,684.4200000000001,4,1128,2011-09-27 15:34:00,2010-12-08 11:41:00,72,4,684.4200000000001,2,4,3,9,Potential Loyal,171.10500000000002,293,0
16123,307.78,1,170,2011-10-19 09:18:00,2011-10-19 09:18:00,51,1,307.78,3,2,2,7,Potential Loyal,307.78,0,0
16124,249.0,1,48,2011-01-26 14:45:00,2011-01-26 14:45:00,316,1,249.0,1,2,1,4,Lost,249.0,0,1
16125,289.35,1,124,2010-12-07 15:48:00,2010-12-07 15:48:00,366,1,289.35,1,2,2,5,At Risk,289.35,0,1
16126,6287.77,4,2125,2011-11-10 16:03:00,2011-02-16 11:18:00,28,4,6287.77,4,4,5,13,VIP,1571.9425,267,0
16127,656.25,1,323,2011-10-31 13:58:00,2011-10-31 13:58:00,38,1,656.25,3,2,3,8,Potential Loyal,656.25,0,0
16128,1880.22,5,988,2011-11-22 11:14:00,2011-03-02 12:21:00,17,5,1880.22,4,4,4,12,Loyal,376.044,264,0
16131,3506.54,6,1802,2011-10-19 11:53:00,2011-04-14 08:32:00,51,6,3506.54,3,5,5,13,VIP,584.4233333333333,188,0
16133,14589.04,33,8887,2011-12-06 11:24:00,2011-01-25 15:55:00,3,33,14589.04,5,5,5,15,VIP,442.09212121212124,314,0
16134,618.09,2,371,2011-11-18 10:05:00,2010-12-15 14:00:00,21,2,618.09,4,3,3,10,Loyal,309.045,337,0
16135,517.55,1,209,2011-03-22 12:30:00,2011-03-22 12:30:00,262,1,517.55,1,2,3,6,At Risk,517.55,0,1
16136,709.38,3,440,2011-10-11 09:10:00,2011-03-07 09:52:00,59,3,709.38,3,4,3,10,Loyal,236.46,217,0
16139,635.41,3,330,2011-11-21 08:37:00,2011-05-17 10:23:00,18,3,635.41,4,4,3,11,Loyal,211.8033333333333,187,0
16140,725.18,2,730,2011-10-05 12:15:00,2010-12-03 14:40:00,65,2,725.18,3,3,3,9,Potential Loyal,362.59,305,0
16141,620.4,1,238,2011-09-12 13:11:00,2011-09-12 13:11:00,87,1,620.4,2,2,3,7,Potential Loyal,620.4,0,0
16142,535.34,1,422,2011-04-04 10:16:00,2011-04-04 10:16:00,249,1,535.34,1,2,3,6,At Risk,535.34,0,1
16143,2424.94,6,919,2011-12-06 14:13:00,2010-12-05 15:18:00,2,6,2424.94,5,5,5,15,VIP,404.1566666666667,365,0
16144,175.2,1,16,2011-04-07 10:09:00,2011-04-07 10:09:00,246,1,175.2,1,2,1,4,Lost,175.2,0,1
16145,3799.4900000000002,11,3123,2011-12-01 10:33:00,2010-12-15 09:09:00,8,11,3799.4900000000002,5,5,5,15,VIP,345.40818181818184,351,0
16146,734.13,3,427,2011-07-05 14:20:00,2011-04-21 15:25:00,156,3,734.13,2,4,3,9,Potential Loyal,244.71,74,1
16147,375.0,1,246,2011-07-29 09:57:00,2011-07-29 09:57:00,133,1,375.0,2,2,2,6,At Risk,375.0,0,1
16148,76.32000000000001,1,72,2011-02-16 14:01:00,2011-02-16 14:01:00,295,1,76.32000000000001,1,2,1,4,Lost,76.32000000000001,0,1
16149,280.52,2,308,2011-12-05 11:29:00,2011-07-20 14:54:00,4,2,280.52,5,3,2,10,Loyal,140.26,137,0
16150,2053.02,5,1047,2011-10-28 12:39:00,2010-12-02 18:27:00,42,5,2053.02,3,4,4,11,Loyal,410.604,329,0
16152,1829.04,1,642,2011-03-16 09:47:00,2011-03-16 09:47:00,268,1,1829.04,1,2,4,7,Potential Loyal,1829.04,0,1
16153,1824.23,5,1073,2011-10-21 10:50:00,2010-12-20 09:22:00,49,5,1824.23,3,4,4,11,Loyal,364.846,305,0
16156,3092.04,9,1273,2011-12-01 12:42:00,2011-02-02 12:02:00,8,9,3092.04,5,5,5,15,VIP,343.56,302,0
16157,656.69,3,347,2011-11-24 11:41:00,2011-09-28 11:48:00,15,3,656.69,4,4,3,11,Loyal,218.89666666666668,56,0
16159,348.2,1,236,2011-03-03 12:27:00,2011-03-03 12:27:00,281,1,348.2,1,2,2,5,At Risk,348.2,0,1
16160,1025.44,2,1162,2011-10-05 14:19:00,2011-09-15 10:53:00,64,2,1025.44,3,3,4,10,Loyal,512.72,20,0
16161,5533.67,19,2583,2011-12-08 12:10:00,2010-12-06 10:03:00,1,19,5533.67,5,5,5,15,VIP,291.2457894736842,367,0
16162,37.4,1,4,2011-04-01 15:03:00,2011-04-01 15:03:00,251,1,37.4,1,2,1,4,Lost,37.4,0,1
16163,856.6,2,192,2011-04-21 15:15:00,2010-12-09 16:28:00,231,2,856.6,1,3,3,7,Potential Loyal,428.3,132,1
16164,822.48,3,433,2011-11-22 15:04:00,2011-10-28 09:12:00,16,3,822.48,4,4,3,11,Loyal,274.16,25,0
16168,3787.6,27,1892,2011-11-29 12:45:00,2010-12-05 11:38:00,10,27,3787.6,5,5,5,15,VIP,140.28148148148148,359,0
16169,1822.97,4,1325,2011-12-01 15:28:00,2011-09-25 11:33:00,7,4,1822.97,5,4,4,13,VIP,455.7425,67,0
16170,1885.05,6,1770,2011-10-20 08:21:00,2011-04-05 13:42:00,50,6,1885.05,3,5,4,12,Loyal,314.175,197,0
16171,73.2,1,24,2011-10-11 14:51:00,2011-10-11 14:51:00,58,1,73.2,3,2,1,6,At Risk,73.2,0,0
16172,1140.21,5,787,2011-09-05 13:22:00,2011-04-12 12:02:00,94,5,1140.21,2,4,4,10,Loyal,228.042,146,1
16173,1418.32,6,575,2011-11-24 10:53:00,2011-09-02 15:23:00,15,6,1418.32,4,5,4,13,VIP,236.38666666666666,82,0
16174,1009.5500000000001,3,651,2011-08-05 13:26:00,2011-07-11 09:23:00,125,3,1009.5500000000001,2,4,4,10,Loyal,336.5166666666667,25,1
16175,1037.59,4,533,2011-09-06 14:32:00,2011-04-13 14:38:00,93,4,1037.59,2,4,4,10,Loyal,259.3975,145,1
16177,331.95,1,95,2011-10-20 12:57:00,2011-10-20 12:57:00,49,1,331.95,3,2,2,7,Potential Loyal,331.95,0,0
16178,197.9,1,94,2011-07-24 16:05:00,2011-07-24 16:05:00,137,1,197.9,2,2,1,5,At Risk,197.9,0,1
16179,215.83,1,99,2011-10-10 09:41:00,2011-10-10 09:41:00,60,1,215.83,3,2,1,6,At Risk,215.83,0,0
16180,10254.18,8,5867,2011-08-31 16:28:00,2011-04-01 10:23:00,99,8,10254.18,2,5,5,12,Loyal,1281.7725,152,1
16181,305.54,1,152,2011-09-27 13:38:00,2011-09-27 13:38:00,72,1,305.54,2,2,2,6,At Risk,305.54,0,0
16182,6617.65,4,3791,2011-09-28 13:23:00,2011-02-18 10:11:00,71,4,6617.65,3,4,5,12,Loyal,1654.4125,222,0
16183,338.71000000000004,1,113,2011-10-03 14:59:00,2011-10-03 14:59:00,66,1,338.71000000000004,3,2,2,7,Potential Loyal,338.71000000000004,0,0
16184,1158.79,6,561,2011-10-06 17:43:00,2011-05-12 13:33:00,63,6,1158.79,3,5,4,12,Loyal,193.13166666666666,147,0
16185,529.41,2,260,2011-11-23 09:41:00,2011-04-21 11:59:00,16,2,529.41,4,3,3,10,Loyal,264.705,215,0
16186,4006.94,12,3020,2011-11-17 12:43:00,2010-12-02 14:40:00,22,12,4006.94,4,5,5,14,VIP,333.9116666666667,349,0
16187,6911.4400000000005,15,5048,2011-11-08 09:50:00,2011-02-28 13:34:00,31,15,6911.4400000000005,4,5,5,14,VIP,460.7626666666667,252,0
16188,981.86,4,782,2011-10-26 12:19:00,2011-04-11 09:44:00,44,4,981.86,3,4,4,11,Loyal,245.465,198,0
16189,215.48,2,134,2011-11-24 11:47:00,2011-09-15 15:21:00,15,2,215.48,4,3,1,8,Potential Loyal,107.74,69,0
16190,215.08,1,88,2011-10-30 15:59:00,2011-10-30 15:59:00,39,1,215.08,3,2,1,6,At Risk,215.08,0,0
16191,5180.52,13,3351,2011-12-07 11:26:00,2010-12-14 12:38:00,2,13,5180.52,5,5,5,15,VIP,398.5015384615385,357,0
16193,314.45,1,219,2011-04-17 11:45:00,2011-04-17 11:45:00,236,1,314.45,1,2,2,5,At Risk,314.45,0,1
16198,400.68100000000004,1,129,2011-09-25 14:58:00,2011-09-25 14:58:00,74,1,400.68100000000004,2,2,2,6,At Risk,400.68100000000004,0,0
16200,1068.8700000000001,2,516,2011-12-05 14:40:00,2011-06-28 15:47:00,3,2,1068.8700000000001,5,3,4,12,Loyal,534.4350000000001,159,0
16201,1863.47,4,1286,2011-12-06 16:02:00,2011-08-22 10:47:00,2,4,1863.47,5,4,4,13,VIP,465.8675,106,0
16202,365.27,1,191,2010-12-14 10:43:00,2010-12-14 10:43:00,360,1,365.27,1,2,2,5,At Risk,365.27,0,1
16203,592.9,4,262,2011-10-12 12:31:00,2010-12-02 15:39:00,58,4,592.9,3,4,3,10,Loyal,148.225,313,0
16204,384.18,1,218,2011-11-16 13:40:00,2011-11-16 13:40:00,22,1,384.18,4,2,2,8,Potential Loyal,384.18,0,0
16205,757.63,4,516,2011-11-09 09:32:00,2011-06-13 11:33:00,30,4,757.63,4,4,3,11,Loyal,189.4075,148,0
16206,537.0600000000001,4,272,2011-10-16 10:41:00,2011-01-16 11:07:00,54,4,537.0600000000001,3,4,3,10,Loyal,134.26500000000001,272,0
16207,394.38,1,140,2011-11-14 13:51:00,2011-11-14 13:51:00,24,1,394.38,4,2,2,8,Potential Loyal,394.38,0,0
16208,664.26,2,333,2011-10-26 11:36:00,2011-02-23 13:37:00,44,2,664.26,3,3,3,9,Potential Loyal,332.13,244,0
16209,2262.62,5,1179,2011-09-12 11:58:00,2011-04-07 12:23:00,88,5,2262.62,2,4,5,11,Loyal,452.524,157,0
16210,21086.3,18,7559,2011-12-08 12:36:00,2010-12-01 12:27:00,1,18,21086.3,5,5,5,15,VIP,1171.461111111111,372,0
16211,547.02,1,154,2011-09-12 12:11:00,2011-09-12 12:11:00,88,1,547.02,2,2,3,7,Potential Loyal,547.02,0,0
16212,690.34,2,244,2011-11-20 13:00:00,2011-03-01 12:51:00,18,2,690.34,4,3,3,10,Loyal,345.17,264,0
16213,159.0,1,48,2011-09-22 10:03:00,2011-09-22 10:03:00,78,1,159.0,2,2,1,5,At Risk,159.0,0,0
16214,1062.75,3,420,2011-06-22 11:30:00,2011-03-15 13:23:00,170,3,1062.75,2,4,4,10,Loyal,354.25,98,1
16215,242.35,1,104,2011-09-20 10:18:00,2011-09-20 10:18:00,80,1,242.35,2,2,1,5,At Risk,242.35,0,0
16216,914.9300000000001,1,254,2011-03-17 15:34:00,2011-03-17 15:34:00,266,1,914.9300000000001,1,2,3,6,At Risk,914.9300000000001,0,1
16217,304.25,2,91,2011-04-18 13:31:00,2011-03-02 15:28:00,234,2,304.25,1,3,2,6,At Risk,152.125,46,1
16218,3084.68,7,2088,2011-11-10 09:59:00,2010-12-01 11:29:00,29,7,3084.68,4,5,5,14,VIP,440.6685714285714,343,0
16221,860.86,3,714,2011-11-03 11:43:00,2010-12-07 13:13:00,36,3,860.86,3,4,3,10,Loyal,286.9533333333333,330,0
16222,773.5500000000001,1,325,2011-01-25 13:38:00,2011-01-25 13:38:00,317,1,773.5500000000001,1,2,3,6,At Risk,773.5500000000001,0,1
16224,1295.3,4,1116,2011-10-13 17:51:00,2011-04-04 12:00:00,56,4,1295.3,3,4,4,11,Loyal,323.825,192,0
16225,1096.32,5,493,2011-10-26 08:30:00,2011-03-07 12:17:00,44,5,1096.32,3,4,4,11,Loyal,219.26399999999998,232,0
16226,255.12,3,192,2011-05-20 14:41:00,2011-04-18 12:58:00,202,3,255.12,1,4,2,7,Potential Loyal,85.04,32,1
16227,314.22,1,90,2011-04-28 13:33:00,2011-04-28 13:33:00,224,1,314.22,1,2,2,5,At Risk,314.22,0,1
16229,1010.6,2,318,2011-09-13 17:16:00,2011-05-11 10:18:00,86,2,1010.6,2,3,4,9,Potential Loyal,505.3,125,0
16230,542.03,2,365,2011-06-03 10:06:00,2011-05-03 15:12:00,189,2,542.03,1,3,3,7,Potential Loyal,271.015,30,1
16232,990.88,4,550,2011-10-27 12:16:00,2011-05-08 14:05:00,43,4,990.88,3,4,4,11,Loyal,247.72,171,0
16233,536.6800000000001,3,174,2011-09-29 17:27:00,2010-12-08 12:51:00,70,3,536.6800000000001,3,4,3,10,Loyal,178.89333333333335,295,0
16235,867.31,5,330,2011-10-30 10:56:00,2011-01-11 15:42:00,40,5,867.31,3,4,3,10,Loyal,173.462,291,0
16236,432.2,1,184,2011-09-22 14:10:00,2011-09-22 14:10:00,77,1,432.2,2,2,2,6,At Risk,432.2,0,0
16239,414.2,2,228,2011-10-14 08:29:00,2011-06-03 09:30:00,56,2,414.2,3,3,2,8,Potential Loyal,207.1,132,0
16240,3718.8,2,1641,2011-11-15 14:30:00,2011-09-23 13:44:00,23,2,3718.8,4,3,5,12,Loyal,1859.4,53,0
16241,2590.31,13,1443,2011-11-30 11:08:00,2010-12-05 11:04:00,9,13,2590.31,5,5,5,15,VIP,199.2546153846154,360,0
16242,3579.86,7,1969,2011-12-01 15:12:00,2011-03-07 17:04:00,7,7,3579.86,5,5,5,15,VIP,511.40857142857146,268,0
16243,409.1,2,110,2011-11-06 12:32:00,2011-10-16 12:09:00,33,2,409.1,3,3,2,8,Potential Loyal,204.55,21,0
16244,1522.75,2,855,2011-05-12 10:18:00,2010-12-02 11:41:00,211,2,1522.75,1,3,4,8,Potential Loyal,761.375,160,1
16245,1413.66,3,1014,2011-11-16 10:14:00,2011-03-28 09:30:00,23,3,1413.66,4,4,4,12,Loyal,471.22,233,0
16247,114.56,1,182,2011-06-22 14:23:00,2011-06-22 14:23:00,169,1,114.56,2,2,1,5,At Risk,114.56,0,1
16248,152.94,1,78,2011-10-09 11:32:00,2011-10-09 11:32:00,61,1,152.94,3,2,1,6,At Risk,152.94,0,0
16249,1800.07,5,950,2011-10-18 10:07:00,2011-04-14 13:50:00,52,5,1800.07,3,4,4,11,Loyal,360.014,186,0
16250,389.44,2,208,2011-03-23 15:07:00,2010-12-01 09:59:00,260,2,389.44,1,3,2,6,At Risk,194.72,112,1
16253,3683.86,2,3233,2011-10-04 09:09:00,2011-03-29 13:33:00,66,2,3683.86,3,3,5,11,Loyal,1841.93,188,0
16255,2619.91,8,1767,2011-11-23 12:40:00,2010-12-09 14:25:00,16,8,2619.91,4,5,5,14,VIP,327.48875,348,0
16256,752.4300000000001,1,581,2011-03-18 12:18:00,2011-03-18 12:18:00,266,1,752.4300000000001,1,2,3,6,At Risk,752.4300000000001,0,1
16257,46.95,1,2,2011-06-16 10:11:00,2011-06-16 10:11:00,176,1,46.95,2,2,1,5,At Risk,46.95,0,1
16258,5203.51,5,2994,2011-10-25 13:30:00,2011-05-04 14:33:00,44,5,5203.51,3,4,5,12,Loyal,1040.702,173,0
16260,1035.45,1,311,2011-10-20 09:40:00,2011-10-20 09:40:00,50,1,1035.45,3,2,4,9,Potential Loyal,1035.45,0,0
16261,728.54,4,301,2011-11-22 17:23:00,2011-04-07 19:05:00,16,4,728.54,4,4,3,11,Loyal,182.135,228,0
16265,5447.0,9,2646,2011-11-30 16:41:00,2010-12-10 10:21:00,8,9,5447.0,5,5,5,15,VIP,605.2222222222222,355,0
16266,861.89,7,398,2011-09-27 12:08:00,2011-05-17 14:50:00,73,7,861.89,2,5,3,10,Loyal,123.12714285714286,132,0
16268,667.65,2,533,2011-09-29 18:30:00,2011-09-29 18:30:00,70,2,667.65,3,3,3,9,Potential Loyal,333.825,0,0
16270,1141.24,1,688,2010-12-21 14:26:00,2010-12-21 14:26:00,352,1,1141.24,1,2,4,7,Potential Loyal,1141.24,0,1
16271,1404.64,5,1024,2011-12-07 12:45:00,2010-12-16 16:36:00,2,5,1404.64,5,4,4,13,VIP,280.928,355,0
16272,411.7,1,224,2011-08-15 10:54:00,2011-08-15 10:53:00,116,1,411.7,2,2,2,6,At Risk,411.7,0,1
16274,351.75,1,153,2010-12-01 15:35:00,2010-12-01 15:35:00,372,1,351.75,1,2,2,5,At Risk,351.75,0,1
16275,559.87,1,336,2011-05-27 12:41:00,2011-05-27 12:41:00,196,1,559.87,1,2,3,6,At Risk,559.87,0,1
16276,810.6000000000001,1,420,2011-06-16 09:34:00,2011-06-16 09:34:00,176,1,810.6000000000001,2,2,3,7,Potential Loyal,810.6000000000001,0,1
16278,566.38,1,114,2011-08-31 17:12:00,2011-08-31 17:12:00,99,1,566.38,2,2,3,7,Potential Loyal,566.38,0,1
16279,1502.78,3,1046,2011-11-18 15:00:00,2011-06-16 11:50:00,20,3,1502.78,4,4,4,12,Loyal,500.9266666666667,155,0
16281,2062.06,1,934,2011-09-28 14:57:00,2011-09-28 14:57:00,71,1,2062.06,3,2,5,10,Loyal,2062.06,0,0
16282,168.3,1,114,2011-01-04 11:42:00,2011-01-04 11:42:00,339,1,168.3,1,2,1,4,Lost,168.3,0,1
16283,1570.81,5,1236,2011-12-04 12:08:00,2011-05-15 13:37:00,5,5,1570.81,5,4,4,13,VIP,314.162,202,0
16284,812.68,2,535,2011-11-08 16:12:00,2011-10-20 13:54:00,30,2,812.68,4,3,3,10,Loyal,406.34,19,0
16287,142.5,1,298,2011-06-23 09:08:00,2011-06-23 09:08:00,169,1,142.5,2,2,1,5,At Risk,142.5,0,1
16292,302.25,1,191,2011-08-10 12:24:00,2011-08-10 12:24:00,121,1,302.25,2,2,2,6,At Risk,302.25,0,1
16293,2248.9900000000002,10,982,2011-11-18 09:58:00,2010-12-07 15:02:00,21,10,2248.9900000000002,4,5,5,14,VIP,224.89900000000003,345,0
16295,1328.55,4,841,2011-11-30 08:17:00,2011-10-06 10:45:00,9,4,1328.55,5,4,4,13,VIP,332.1375,54,0
16297,301.9,1,206,2011-03-16 08:29:00,2011-03-16 08:29:00,268,1,301.9,1,2,2,5,At Risk,301.9,0,1
16298,598.2,3,198,2011-11-17 11:59:00,2011-06-06 10:06:00,22,3,598.2,4,4,3,11,Loyal,199.4,164,0
16302,233.22,1,158,2011-08-05 09:44:00,2011-08-05 09:44:00,126,1,233.22,2,2,1,5,At Risk,233.22,0,1
16303,5360.63,3,2659,2011-11-14 10:49:00,2011-01-10 14:16:00,25,3,5360.63,4,4,5,13,VIP,1786.8766666666668,307,0
16305,361.21999999999997,1,256,2011-07-24 12:18:00,2011-07-24 12:18:00,138,1,361.21999999999997,2,2,2,6,At Risk,361.21999999999997,0,1
16306,632.27,6,487,2011-05-10 12:12:00,2010-12-07 15:18:00,213,6,632.27,1,5,3,9,Potential Loyal,105.37833333333333,153,1
16308,2560.0,4,8000,2011-11-02 11:24:00,2011-03-23 14:46:00,37,4,2560.0,3,4,5,12,Loyal,640.0,223,0
16309,706.57,2,467,2011-08-25 15:35:00,2011-04-13 11:46:00,105,2,706.57,2,3,3,8,Potential Loyal,353.285,134,1
16311,616.26,2,394,2011-11-22 08:54:00,2011-10-21 13:13:00,17,2,616.26,4,3,3,10,Loyal,308.13,31,0
16313,274.15000000000003,2,165,2011-12-06 13:02:00,2011-10-21 09:04:00,2,2,274.15000000000003,5,3,2,10,Loyal,137.07500000000002,46,0
16315,226.37,1,75,2011-01-13 11:57:00,2011-01-13 11:57:00,330,1,226.37,1,2,1,4,Lost,226.37,0,1
16316,2938.91,8,1484,2011-10-06 13:48:00,2010-12-16 14:26:00,63,8,2938.91,3,5,5,13,VIP,367.36375,293,0
16317,1341.65,3,890,2011-08-12 12:46:00,2011-02-15 14:30:00,119,3,1341.65,2,4,4,10,Loyal,447.2166666666667,177,1
16318,328.15,1,199,2011-11-04 13:05:00,2011-11-04 13:05:00,34,1,328.15,3,2,2,7,Potential Loyal,328.15,0,0
16319,404.40000000000003,1,72,2011-05-06 11:27:00,2011-05-06 11:27:00,217,1,404.40000000000003,1,2,2,5,At Risk,404.40000000000003,0,1
16320,1038.46,2,732,2011-06-20 15:25:00,2011-05-10 15:31:00,171,2,1038.46,2,3,4,9,Potential Loyal,519.23,40,1
16321,373.65000000000003,5,135,2011-09-28 14:55:00,2011-01-20 12:11:00,71,5,373.65000000000003,3,4,2,9,Potential Loyal,74.73,251,0
16322,326.75,2,231,2011-12-08 15:41:00,2011-11-03 14:33:00,0,2,326.75,5,3,2,10,Loyal,163.375,35,0
16323,207.50000000000003,1,50,2011-05-27 14:48:00,2011-05-27 14:48:00,195,1,207.50000000000003,1,2,1,4,Lost,207.50000000000003,0,1
16324,408.59000000000003,3,270,2011-08-03 12:58:00,2011-06-15 14:26:00,127,3,408.59000000000003,2,4,2,8,Potential Loyal,136.1966666666667,48,1
16325,594.24,3,194,2011-10-24 08:48:00,2011-04-08 09:20:00,46,3,594.24,3,4,3,10,Loyal,198.08,198,0
16326,3039.2200000000003,14,682,2011-12-04 10:11:00,2011-01-09 12:01:00,5,14,3039.2200000000003,5,5,5,15,VIP,217.08714285714288,328,0
16327,3820.27,6,2560,2011-11-25 13:23:00,2010-12-05 12:43:00,13,6,3820.27,4,5,5,14,VIP,636.7116666666667,355,0
16330,251.91,3,147,2011-11-22 12:24:00,2011-08-19 17:08:00,17,3,251.91,4,4,2,10,Loyal,83.97,94,0
16332,1582.8,7,797,2011-11-11 14:22:00,2011-02-07 14:16:00,27,7,1582.8,4,5,4,13,VIP,226.1142857142857,277,0
16333,26626.8,22,32184,2011-12-02 12:19:00,2011-02-03 10:50:00,7,22,26626.8,5,5,5,15,VIP,1210.3090909090909,302,0
16337,151.05,1,87,2011-11-03 10:03:00,2011-11-03 10:03:00,36,1,151.05,3,2,1,6,At Risk,151.05,0,0
16338,214.79999999999998,1,94,2011-07-05 13:56:00,2011-07-05 13:56:00,156,1,214.79999999999998,2,2,1,5,At Risk,214.79999999999998,0,1
16339,94.05,1,21,2011-02-28 13:41:00,2011-02-28 13:41:00,283,1,94.05,1,2,1,4,Lost,94.05,0,1
16340,534.31,1,486,2011-08-24 14:53:00,2011-08-24 14:53:00,106,1,534.31,2,2,3,7,Potential Loyal,534.31,0,1
16341,1971.87,4,1398,2011-11-15 09:12:00,2011-05-22 13:20:00,24,4,1971.87,4,4,4,12,Loyal,492.9675,176,0
16342,322.41,4,157,2011-09-25 14:36:00,2011-06-13 10:10:00,74,4,322.41,2,4,2,8,Potential Loyal,80.6025,104,0
16343,328.58,2,175,2011-11-23 17:45:00,2011-11-23 17:43:00,15,2,328.58,4,3,2,9,Potential Loyal,164.29,0,0
16344,101.10000000000001,1,18,2011-07-04 15:50:00,2011-07-04 15:50:00,157,1,101.10000000000001,2,2,1,5,At Risk,101.10000000000001,0,1
16345,565.46,1,288,2011-10-26 16:03:00,2011-10-26 16:03:00,43,1,565.46,3,2,3,8,Potential Loyal,565.46,0,0
16347,847.45,2,341,2011-11-28 13:14:00,2011-11-03 13:01:00,10,2,847.45,5,3,3,11,Loyal,423.725,25,0
16348,1415.65,7,805,2011-11-07 15:44:00,2011-04-13 15:49:00,31,7,1415.65,4,5,4,13,VIP,202.2357142857143,207,0
16349,53.5,1,9,2011-02-22 12:40:00,2011-02-22 12:40:00,290,1,53.5,1,2,1,4,Lost,53.5,0,1
16350,1116.47,4,545,2011-11-18 15:53:00,2011-01-10 09:44:00,20,4,1116.47,4,4,4,12,Loyal,279.1175,312,0
16351,153.9,1,90,2011-01-11 10:26:00,2011-01-11 10:26:00,332,1,153.9,1,2,1,4,Lost,153.9,0,1
16352,494.44,2,300,2011-11-22 10:32:00,2011-11-02 08:44:00,17,2,494.44,4,3,3,10,Loyal,247.22,20,0
16353,6675.71,23,2006,2011-12-06 12:23:00,2010-12-05 12:09:00,3,23,6675.71,5,5,5,15,VIP,290.24826086956523,366,0
16354,395.8,2,150,2011-10-07 14:28:00,2011-09-27 16:28:00,62,2,395.8,3,3,2,8,Potential Loyal,197.9,9,0
16356,211.77,3,93,2011-05-26 11:51:00,2011-03-07 12:31:00,197,3,211.77,1,4,1,6,At Risk,70.59,79,1
16357,658.88,3,246,2011-11-06 16:04:00,2011-05-10 10:35:00,32,3,658.88,4,4,3,11,Loyal,219.62666666666667,180,0
16358,2027.5,4,1302,2011-12-08 15:09:00,2011-06-08 15:05:00,0,4,2027.5,5,4,4,13,VIP,506.875,183,0
16359,1750.92,9,1183,2011-12-02 17:04:00,2011-01-12 10:49:00,6,9,1750.92,5,5,4,14,VIP,194.54666666666668,324,0
16360,3450.41,6,2110,2011-12-05 12:16:00,2011-09-12 13:50:00,4,6,3450.41,5,5,5,15,VIP,575.0683333333333,83,0
16361,891.21,4,418,2011-11-30 12:32:00,2011-09-29 13:13:00,9,4,891.21,5,4,3,12,Loyal,222.8025,61,0
16362,709.99,5,340,2011-11-07 13:01:00,2011-09-09 14:47:00,31,5,709.99,4,4,3,11,Loyal,141.998,58,0
16363,109.36000000000001,1,52,2011-10-17 14:14:00,2011-10-17 14:14:00,52,1,109.36000000000001,3,2,1,6,At Risk,109.36000000000001,0,0
16364,705.79,2,279,2011-11-28 11:27:00,2011-07-25 14:35:00,11,2,705.79,5,3,3,11,Loyal,352.895,125,0
16365,1540.42,9,504,2011-11-22 11:24:00,2010-12-07 17:19:00,17,9,1540.42,4,5,4,13,VIP,171.1577777777778,349,0
16366,327.3,1,256,2011-11-21 08:19:00,2011-11-21 08:19:00,18,1,327.3,4,2,2,8,Potential Loyal,327.3,0,0
16367,800.67,2,643,2011-11-02 13:13:00,2010-12-12 12:01:00,36,2,800.67,3,3,3,9,Potential Loyal,400.335,325,0
16368,479.91,2,251,2011-12-07 13:12:00,2011-11-11 15:08:00,1,2,479.91,5,3,2,10,Loyal,239.955,25,0
16369,1545.41,3,1030,2011-11-21 16:25:00,2011-05-27 09:39:00,17,3,1545.41,4,4,4,12,Loyal,515.1366666666667,178,0
16370,1301.91,4,640,2011-09-18 15:55:00,2011-04-28 16:40:00,81,4,1301.91,2,4,4,10,Loyal,325.4775,142,0
16372,355.73,2,158,2011-11-06 13:08:00,2011-11-06 12:50:00,32,2,355.73,4,3,2,9,Potential Loyal,177.865,0,0
16374,466.73,2,237,2011-10-04 15:21:00,2011-03-22 13:46:00,65,2,466.73,3,3,2,8,Potential Loyal,233.365,196,0
16376,974.96,2,691,2011-12-01 11:38:00,2011-11-22 16:47:00,8,2,974.96,5,3,4,12,Loyal,487.48,8,0
16377,676.2,1,1500,2011-03-17 15:41:00,2011-03-17 15:41:00,266,1,676.2,1,2,3,6,At Risk,676.2,0,1
16378,362.95,3,267,2011-04-06 15:07:00,2011-02-02 12:42:00,246,3,362.95,1,4,2,7,Potential Loyal,120.98333333333333,63,1
16379,2157.4,4,1410,2011-12-05 15:38:00,2011-09-22 09:33:00,3,4,2157.4,5,4,5,14,VIP,539.35,74,0
16380,1743.1499999999999,1,1428,2011-10-09 15:40:00,2011-10-09 15:40:00,60,1,1743.1499999999999,3,2,4,9,Potential Loyal,1743.1499999999999,0,0
16383,643.76,2,467,2011-09-26 12:45:00,2011-03-16 13:00:00,74,2,643.76,2,3,3,8,Potential Loyal,321.88,193,0
16384,584.5,2,260,2011-09-11 11:19:00,2011-03-21 10:13:00,89,2,584.5,2,3,3,8,Potential Loyal,292.25,174,0
16385,554.86,3,258,2011-10-10 13:12:00,2010-12-08 12:56:00,59,3,554.86,3,4,3,10,Loyal,184.95333333333335,306,0
16386,302.57,2,205,2011-11-11 12:28:00,2011-03-31 12:19:00,28,2,302.57,4,3,2,9,Potential Loyal,151.285,225,0
16387,94.36,1,44,2011-01-21 11:34:00,2011-01-21 11:34:00,322,1,94.36,1,2,1,4,Lost,94.36,0,1
16389,1382.07,4,1242,2011-10-17 14:41:00,2011-03-01 15:47:00,52,4,1382.07,3,4,4,11,Loyal,345.5175,229,0
16392,217.89,1,201,2011-03-15 12:11:00,2011-03-15 12:11:00,269,1,217.89,1,2,1,4,Lost,217.89,0,1
16393,3040.96,13,1573,2011-12-07 12:51:00,2010-12-05 13:10:00,1,13,3040.96,5,5,5,15,VIP,233.92000000000002,366,0
16394,1555.34,5,2604,2011-10-14 09:48:00,2011-02-23 10:58:00,56,5,1555.34,3,4,4,11,Loyal,311.068,232,0
16395,1482.06,5,1472,2011-10-10 12:50:00,2011-01-13 12:10:00,60,5,1482.06,3,4,4,11,Loyal,296.412,270,0
16398,1705.8,2,758,2011-07-08 15:16:00,2011-03-31 09:38:00,153,2,1705.8,2,3,4,9,Potential Loyal,852.9,99,1
16399,408.02,2,263,2011-11-20 16:12:00,2011-04-18 13:46:00,18,2,408.02,4,3,2,9,Potential Loyal,204.01,216,0
16400,303.93,1,172,2011-09-06 12:27:00,2011-09-06 12:27:00,94,1,303.93,2,2,2,6,At Risk,303.93,0,1
16401,4098.32,12,3882,2011-12-08 18:15:00,2011-01-16 10:56:00,0,12,4098.32,5,5,5,15,VIP,341.52666666666664,326,0
16402,293.45,2,146,2011-03-20 12:25:00,2010-12-05 13:42:00,264,2,293.45,1,3,2,6,At Risk,146.725,104,1
16403,177.5,1,114,2011-01-31 13:39:00,2011-01-31 13:39:00,311,1,177.5,1,2,1,4,Lost,177.5,0,1
16404,443.05,1,157,2011-09-30 14:55:00,2011-09-30 14:55:00,69,1,443.05,3,2,2,7,Potential Loyal,443.05,0,0
16405,167.25,2,187,2011-02-10 15:24:00,2011-02-02 17:08:00,301,2,167.25,1,3,1,5,At Risk,83.625,7,1
16406,154.35,1,116,2011-11-21 11:57:00,2011-11-21 11:57:00,18,1,154.35,4,2,1,7,Potential Loyal,154.35,0,0
16407,2079.68,10,1093,2011-11-27 11:05:00,2011-01-31 14:02:00,12,10,2079.68,5,5,5,15,VIP,207.968,299,0
16409,2022.98,5,1304,2011-11-03 16:45:00,2011-01-26 14:51:00,35,5,2022.98,3,4,4,11,Loyal,404.596,281,0
16411,211.7,2,131,2011-11-20 13:23:00,2010-12-05 13:26:00,18,2,211.7,4,3,1,8,Potential Loyal,105.85,349,0
16412,135.99,1,63,2011-10-17 12:35:00,2011-10-17 12:35:00,53,1,135.99,3,2,1,6,At Risk,135.99,0,0
16413,262.2,1,148,2011-10-14 12:08:00,2011-10-14 12:08:00,56,1,262.2,3,2,2,7,Potential Loyal,262.2,0,0
16414,126.25,2,27,2011-11-18 09:42:00,2011-03-04 13:27:00,21,2,126.25,4,3,1,8,Potential Loyal,63.125,258,0
16415,200.27,1,178,2011-10-26 13:35:00,2011-10-26 13:35:00,43,1,200.27,3,2,1,6,At Risk,200.27,0,0
16416,1051.4,3,672,2011-11-13 12:50:00,2011-10-14 13:35:00,26,3,1051.4,4,4,4,12,Loyal,350.4666666666667,29,0
16418,631.12,3,280,2011-10-26 12:39:00,2011-04-27 16:54:00,44,3,631.12,3,4,3,10,Loyal,210.37333333333333,181,0
16419,958.71,6,428,2011-08-19 12:33:00,2011-02-01 12:25:00,112,6,958.71,2,5,4,11,Loyal,159.785,199,1
16422,34684.4,51,33704,2011-11-22 14:00:00,2010-12-05 15:35:00,16,51,34684.4,4,5,5,14,VIP,680.086274509804,351,0
16423,346.12,1,230,2011-11-15 09:21:00,2011-11-15 09:21:00,24,1,346.12,4,2,2,8,Potential Loyal,346.12,0,0
16424,133.56,1,88,2011-06-01 13:40:00,2011-06-01 13:40:00,190,1,133.56,1,2,1,4,Lost,133.56,0,1
16425,302.7,1,199,2011-02-10 14:30:00,2011-02-10 14:30:00,301,1,302.7,1,2,2,5,At Risk,302.7,0,1
16426,1863.76,10,1215,2011-12-07 14:01:00,2011-03-08 15:45:00,1,10,1863.76,5,5,4,14,VIP,186.376,273,0
16427,241.06,2,156,2011-03-21 17:10:00,2011-02-28 15:18:00,262,2,241.06,1,3,1,5,At Risk,120.53,21,1
16429,284.55,1,9,2011-08-25 13:54:00,2011-08-25 13:54:00,105,1,284.55,2,2,2,6,At Risk,284.55,0,1
16430,300.85,1,103,2011-10-13 14:47:00,2011-10-13 14:47:00,56,1,300.85,3,2,2,7,Potential Loyal,300.85,0,0
16431,623.28,3,442,2011-05-10 14:09:00,2011-02-15 14:02:00,212,3,623.28,1,4,3,8,Potential Loyal,207.76,84,1
16432,287.4,1,276,2011-10-06 13:59:00,2011-10-06 13:59:00,63,1,287.4,3,2,2,7,Potential Loyal,287.4,0,0
16433,184.26,1,106,2011-11-11 14:09:00,2011-11-11 14:09:00,27,1,184.26,4,2,1,7,Potential Loyal,184.26,0,0
16434,1511.8,7,760,2011-11-10 14:28:00,2011-02-13 12:17:00,28,7,1511.8,4,5,4,13,VIP,215.97142857142856,270,0
16438,798.35,5,463,2011-12-04 10:51:00,2011-09-18 13:31:00,5,5,798.35,5,4,3,12,Loyal,159.67000000000002,76,0
16440,3640.67,5,2018,2011-12-02 12:02:00,2011-05-09 12:25:00,7,5,3640.67,5,4,5,14,VIP,728.134,206,0
16441,381.2,2,173,2011-10-03 17:48:00,2011-02-21 17:35:00,66,2,381.2,3,3,2,8,Potential Loyal,190.6,224,0
16442,609.3,3,443,2011-12-08 11:43:00,2010-12-14 10:46:00,1,3,609.3,5,4,3,12,Loyal,203.1,359,0
16444,654.67,4,407,2011-10-24 13:50:00,2011-03-20 12:14:00,45,4,654.67,3,4,3,10,Loyal,163.6675,218,0
16445,230.51,1,111,2011-11-06 12:32:00,2011-11-06 12:32:00,33,1,230.51,3,2,1,6,At Risk,230.51,0,0
16446,168472.5,2,80997,2011-12-09 09:15:00,2011-05-18 09:52:00,0,2,168472.5,5,3,5,13,VIP,84236.25,204,0
16447,255.91,1,221,2011-07-27 12:45:00,2011-07-27 12:45:00,135,1,255.91,2,2,2,6,At Risk,255.91,0,1
16448,182.99,1,76,2011-05-25 16:28:00,2011-05-25 16:28:00,197,1,182.99,1,2,1,4,Lost,182.99,0,1
16449,707.69,2,367,2011-05-26 10:25:00,2011-03-04 12:15:00,197,2,707.69,1,3,3,7,Potential Loyal,353.845,82,1
16450,311.92,1,200,2011-07-13 11:47:00,2011-07-13 11:47:00,149,1,311.92,2,2,2,6,At Risk,311.92,0,1
16451,266.97,1,120,2011-09-13 09:17:00,2011-09-13 09:17:00,87,1,266.97,2,2,2,6,At Risk,266.97,0,0
16454,6.9,2,3,2011-10-26 11:40:00,2011-10-06 16:57:00,44,2,6.9,3,3,1,7,Potential Loyal,3.45,19,0
16455,1841.18,7,988,2011-10-07 12:17:00,2010-12-03 16:44:00,63,7,1841.18,3,5,4,12,Loyal,263.0257142857143,307,0
16456,2158.18,5,1147,2011-09-01 13:50:00,2010-12-01 14:11:00,98,5,2158.18,2,4,5,11,Loyal,431.63599999999997,273,1
16457,208.36,1,140,2011-05-05 13:19:00,2011-05-05 13:19:00,217,1,208.36,1,2,1,4,Lost,208.36,0,1
16458,3482.7400000000002,18,2154,2011-12-07 09:34:00,2010-12-14 11:51:00,2,18,3482.7400000000002,5,5,5,15,VIP,193.48555555555558,357,0
16460,811.23,3,876,2011-11-11 13:46:00,2011-09-19 10:15:00,27,3,811.23,4,4,3,11,Loyal,270.41,53,0
16461,142.92,1,48,2011-06-15 12:07:00,2011-06-15 12:07:00,177,1,142.92,2,2,1,5,At Risk,142.92,0,1
16462,136.0,3,16,2011-09-27 10:24:00,2011-03-01 08:58:00,73,3,136.0,2,4,1,7,Potential Loyal,45.333333333333336,210,0
16463,1422.4,4,1163,2011-11-18 14:01:00,2011-05-19 14:45:00,20,4,1422.4,4,4,4,12,Loyal,355.6,182,0
16464,1298.66,3,952,2011-11-20 12:11:00,2011-07-20 13:53:00,19,3,1298.66,4,4,4,12,Loyal,432.8866666666667,122,0
16466,1595.96,7,785,2011-11-06 11:35:00,2011-02-20 11:39:00,33,7,1595.96,3,5,4,12,Loyal,227.99428571428572,258,0
16468,74.9,1,31,2011-09-26 14:13:00,2011-09-26 14:13:00,73,1,74.9,2,2,1,5,At Risk,74.9,0,0
16469,625.42,4,260,2011-11-16 12:25:00,2011-04-07 13:11:00,23,4,625.42,4,4,3,11,Loyal,156.355,222,0
16470,752.77,4,522,2011-10-19 12:11:00,2010-12-16 11:53:00,51,4,752.77,3,4,3,10,Loyal,188.1925,307,0
16471,223.95000000000002,1,141,2011-03-10 09:41:00,2011-03-10 09:41:00,274,1,223.95000000000002,1,2,1,4,Lost,223.95000000000002,0,1
16473,316.11,3,196,2011-06-28 09:10:00,2011-01-07 10:55:00,164,3,316.11,2,4,2,8,Potential Loyal,105.37,171,1
16474,1810.65,7,909,2011-12-02 13:02:00,2011-07-17 14:51:00,6,7,1810.65,5,5,4,14,VIP,258.6642857142857,137,0
16475,544.3,4,319,2011-09-12 14:37:00,2011-03-11 09:39:00,87,4,544.3,2,4,3,9,Potential Loyal,136.075,185,0
16477,2494.46,7,1415,2011-10-07 09:44:00,2010-12-03 12:48:00,63,7,2494.46,3,5,5,13,VIP,356.3514285714286,307,0
16478,331.0,3,224,2011-11-14 15:51:00,2011-10-05 12:02:00,24,3,331.0,4,4,2,10,Loyal,110.33333333333333,40,0
16479,300.83,2,102,2011-11-29 13:40:00,2011-11-29 13:04:00,9,2,300.83,5,3,2,10,Loyal,150.415,0,0
16480,769.29,1,455,2011-09-25 11:40:00,2011-09-25 11:40:00,75,1,769.29,2,2,3,7,Potential Loyal,769.29,0,0
16482,220.62,1,346,2011-11-24 12:33:00,2011-11-24 12:33:00,15,1,220.62,4,2,1,7,Potential Loyal,220.62,0,0
16483,139.35,1,44,2011-05-31 13:08:00,2011-05-31 13:08:00,191,1,139.35,1,2,1,4,Lost,139.35,0,1
16484,404.3,2,200,2011-06-19 12:06:00,2011-06-02 10:39:00,173,2,404.3,2,3,2,7,Potential Loyal,202.15,17,1
16485,363.65,1,235,2011-09-23 15:50:00,2011-09-23 15:50:00,76,1,363.65,2,2,2,6,At Risk,363.65,0,0
16488,498.8,3,728,2011-11-06 13:42:00,2011-07-14 11:46:00,32,3,498.8,4,4,3,11,Loyal,166.26666666666668,115,0
16491,731.5,1,478,2011-10-24 10:18:00,2011-10-24 10:18:00,46,1,731.5,3,2,3,8,Potential Loyal,731.5,0,0
16493,1351.63,4,1164,2011-09-21 11:10:00,2011-01-14 08:16:00,79,4,1351.63,2,4,4,10,Loyal,337.9075,250,0
16494,826.53,1,675,2011-02-16 12:49:00,2011-02-16 12:49:00,296,1,826.53,1,2,3,6,At Risk,826.53,0,1
16495,648.26,3,328,2011-12-06 13:20:00,2011-03-08 16:38:00,2,3,648.26,5,4,3,12,Loyal,216.08666666666667,272,0
16496,1599.52,3,1111,2011-12-01 10:31:00,2011-01-27 09:42:00,8,3,1599.52,5,4,4,13,VIP,533.1733333333333,308,0
16497,2965.69,6,1396,2011-10-21 10:55:00,2011-01-10 13:20:00,49,6,2965.69,3,5,5,13,VIP,494.2816666666667,283,0
16498,100.97,2,45,2011-07-01 15:07:00,2011-06-30 19:52:00,160,2,100.97,2,3,1,6,At Risk,50.485,0,1
16499,365.45,2,127,2010-12-14 13:31:00,2010-12-10 10:27:00,359,2,365.45,1,3,2,6,At Risk,182.725,4,1
16500,400.86,6,123,2011-12-05 12:04:00,2011-01-13 10:28:00,4,6,400.86,5,5,2,12,Loyal,66.81,326,0
16503,1431.93,4,569,2011-08-25 11:46:00,2010-12-14 13:50:00,106,4,1431.93,2,4,4,10,Loyal,357.9825,253,1
16504,465.88,1,510,2011-11-14 15:18:00,2011-11-14 15:18:00,24,1,465.88,4,2,2,8,Potential Loyal,465.88,0,0
16505,777.6,1,576,2011-11-08 12:14:00,2011-11-08 12:14:00,31,1,777.6,4,2,3,9,Potential Loyal,777.6,0,0
16506,90.30000000000001,2,42,2011-11-20 12:17:00,2011-10-30 15:50:00,19,2,90.30000000000001,4,3,1,8,Potential Loyal,45.150000000000006,20,0
16509,363.7,1,64,2011-02-16 09:25:00,2011-02-16 09:25:00,296,1,363.7,1,2,2,5,At Risk,363.7,0,1
16510,248.1,1,92,2010-12-02 13:39:00,2010-12-02 13:39:00,371,1,248.1,1,2,1,4,Lost,248.1,0,1
16511,918.33,3,405,2011-11-18 10:41:00,2011-03-18 11:24:00,21,3,918.33,4,4,3,11,Loyal,306.11,244,0
16513,874.59,4,407,2011-12-05 10:18:00,2011-10-27 14:56:00,4,4,874.59,5,4,3,12,Loyal,218.6475,38,0
16515,1624.14,5,826,2011-10-18 13:10:00,2011-02-01 13:09:00,51,5,1624.14,3,4,4,11,Loyal,324.82800000000003,259,0
16516,101.69999999999999,1,58,2011-11-09 14:59:00,2011-11-09 14:59:00,29,1,101.69999999999999,4,2,1,7,Potential Loyal,101.69999999999999,0,0
16517,162.7,1,96,2011-03-07 13:50:00,2011-03-07 13:50:00,276,1,162.7,1,2,1,4,Lost,162.7,0,1
16518,484.32,2,327,2011-10-09 15:04:00,2011-02-28 16:36:00,60,2,484.32,3,3,2,8,Potential Loyal,242.16,222,0
16519,215.07999999999998,2,54,2011-11-14 15:41:00,2010-12-09 14:08:00,24,2,215.07999999999998,4,3,1,8,Potential Loyal,107.53999999999999,340,0
16520,1046.57,3,558,2011-06-06 13:24:00,2010-12-09 13:08:00,185,3,1046.57,1,4,4,9,Potential Loyal,348.8566666666666,179,1
16523,9418.470000000001,21,4265,2011-12-08 09:06:00,2011-01-28 12:06:00,1,21,9418.470000000001,5,5,5,15,VIP,448.4985714285715,313,0
16525,13027.45,26,7397,2011-12-07 15:07:00,2010-12-08 11:31:00,1,26,13027.45,5,5,5,15,VIP,501.0557692307693,364,0
16526,290.36,1,106,2011-06-21 12:02:00,2011-06-21 12:02:00,171,1,290.36,2,2,2,6,At Risk,290.36,0,1
16527,228.06,1,106,2011-09-19 16:21:00,2011-09-19 16:21:00,80,1,228.06,2,2,1,5,At Risk,228.06,0,0
16528,244.41,1,171,2011-12-06 12:45:00,2011-12-06 12:45:00,3,1,244.41,5,2,1,8,Potential Loyal,244.41,0,0
16529,455.25,1,198,2011-06-02 17:23:00,2011-06-02 17:23:00,189,1,455.25,1,2,2,5,At Risk,455.25,0,1
16531,1244.59,7,915,2011-11-17 16:29:00,2010-12-14 13:19:00,21,7,1244.59,4,5,4,13,VIP,177.79857142857142,338,0
16532,6748.8,3,2016,2011-11-22 11:08:00,2011-01-05 12:37:00,17,3,6748.8,4,4,5,13,VIP,2249.6,320,0
16533,1082.81,3,611,2011-11-20 13:08:00,2011-10-02 15:07:00,18,3,1082.81,4,4,4,12,Loyal,360.93666666666667,48,0
16535,593.75,1,356,2011-12-04 15:18:00,2011-12-04 15:18:00,4,1,593.75,5,2,3,10,Loyal,593.75,0,0
16536,548.12,1,250,2011-08-21 15:54:00,2011-08-21 15:54:00,109,1,548.12,2,2,3,7,Potential Loyal,548.12,0,1
16539,1388.81,4,477,2011-12-07 08:41:00,2010-12-01 15:40:00,2,4,1388.81,5,4,4,13,VIP,347.2025,370,0
16542,119.62,1,46,2011-10-17 10:47:00,2011-10-17 10:47:00,53,1,119.62,3,2,1,6,At Risk,119.62,0,0
16545,339.3,1,78,2011-06-28 10:37:00,2011-06-28 10:37:00,164,1,339.3,2,2,2,6,At Risk,339.3,0,1
16546,787.15,2,549,2011-02-22 11:20:00,2010-12-02 12:07:00,290,2,787.15,1,3,3,7,Potential Loyal,393.575,81,1
16549,4034.9,10,2294,2011-11-29 15:06:00,2011-01-09 14:03:00,9,10,4034.9,5,5,5,15,VIP,403.49,324,0
16550,2298.97,5,1540,2011-08-23 11:12:00,2010-12-06 13:53:00,108,5,2298.97,2,4,5,11,Loyal,459.794,259,1
16551,922.12,3,970,2011-09-05 09:38:00,2011-01-07 10:24:00,95,3,922.12,2,4,3,9,Potential Loyal,307.37333333333333,240,1
16552,379.73,2,219,2011-04-11 10:04:00,2010-12-01 12:36:00,242,2,379.73,1,3,2,6,At Risk,189.865,130,1
16553,5719.82,12,4600,2011-06-29 15:42:00,2010-12-14 13:58:00,162,12,5719.82,2,5,5,12,Loyal,476.65166666666664,197,1
16554,837.1,3,402,2011-10-28 14:51:00,2011-01-12 12:41:00,41,3,837.1,3,4,3,10,Loyal,279.03333333333336,289,0
16555,285.89,2,175,2011-11-04 14:31:00,2011-08-22 12:32:00,34,2,285.89,3,3,2,8,Potential Loyal,142.945,74,0
16556,3313.79,7,1890,2011-10-04 11:36:00,2010-12-14 13:32:00,66,7,3313.79,3,5,5,13,VIP,473.3985714285714,293,0
16557,281.85,2,111,2011-11-15 14:04:00,2011-07-25 13:28:00,23,2,281.85,4,3,2,9,Potential Loyal,140.925,113,0
16558,8338.49,20,5377,2011-12-09 10:20:00,2010-12-08 12:01:00,0,20,8338.49,5,5,5,15,VIP,416.92449999999997,365,0
16560,841.41,2,500,2011-11-13 10:35:00,2010-12-16 14:36:00,26,2,841.41,4,3,3,10,Loyal,420.705,331,0
16561,511.12,2,244,2011-12-04 11:50:00,2011-10-11 09:53:00,5,2,511.12,5,3,3,11,Loyal,255.56,54,0
16563,1077.74,1,486,2011-10-17 11:51:00,2011-10-17 11:51:00,53,1,1077.74,3,2,4,9,Potential Loyal,1077.74,0,0
16565,173.7,1,46,2010-12-10 15:21:00,2010-12-10 15:21:00,363,1,173.7,1,2,1,4,Lost,173.7,0,1
16566,614.66,5,362,2011-11-24 16:34:00,2011-02-20 10:29:00,14,5,614.66,4,4,3,11,Loyal,122.93199999999999,277,0
16567,865.6,2,996,2011-05-29 13:57:00,2011-01-07 09:31:00,193,2,865.6,1,3,3,7,Potential Loyal,432.8,142,1
16569,124.2,1,93,2011-12-06 15:32:00,2011-12-06 15:32:00,2,1,124.2,5,2,1,8,Potential Loyal,124.2,0,0
16570,3738.4,10,2112,2011-11-24 17:02:00,2011-02-01 10:37:00,14,10,3738.4,4,5,5,14,VIP,373.84000000000003,296,0
16571,1421.69,3,1239,2011-11-13 11:46:00,2011-03-03 09:41:00,26,3,1421.69,4,4,4,12,Loyal,473.8966666666667,255,0
16572,1009.6,3,532,2011-08-04 16:34:00,2011-03-09 12:04:00,126,3,1009.6,2,4,4,10,Loyal,336.53333333333336,148,1
16573,663.61,2,360,2011-09-16 09:13:00,2011-02-22 15:14:00,84,2,663.61,2,3,3,8,Potential Loyal,331.805,205,0
16574,451.44,1,416,2011-09-29 13:39:00,2011-09-29 13:39:00,70,1,451.44,3,2,2,7,Potential Loyal,451.44,0,0
16581,105.84,1,134,2011-06-10 10:05:00,2011-06-10 10:05:00,182,1,105.84,1,2,1,4,Lost,105.84,0,1
16582,313.62,1,164,2011-08-18 17:02:00,2011-08-18 17:02:00,112,1,313.62,2,2,2,6,At Risk,313.62,0,1
16583,233.45,1,111,2010-12-01 12:03:00,2010-12-01 12:03:00,373,1,233.45,1,2,1,4,Lost,233.45,0,1
16584,936.08,2,646,2011-09-20 13:45:00,2011-03-30 13:14:00,79,2,936.08,2,3,4,9,Potential Loyal,468.04,174,0
16586,463.95,1,95,2011-04-05 09:32:00,2011-04-05 09:32:00,248,1,463.95,1,2,2,5,At Risk,463.95,0,1
16587,225.15,1,71,2011-04-21 15:51:00,2011-04-21 15:51:00,231,1,225.15,1,2,1,4,Lost,225.15,0,1
16589,459.24,3,368,2011-09-29 14:50:00,2011-07-01 13:31:00,70,3,459.24,3,4,2,9,Potential Loyal,153.08,90,0
16591,213.5,1,41,2011-10-02 10:43:00,2011-10-02 10:43:00,68,1,213.5,3,2,1,6,At Risk,213.5,0,0
16592,4113.68,16,2927,2011-12-05 13:49:00,2011-02-25 10:19:00,3,16,4113.68,5,5,5,15,VIP,257.105,283,0
16593,330.03,3,116,2011-10-20 12:41:00,2011-01-16 12:11:00,50,3,330.03,3,4,2,9,Potential Loyal,110.00999999999999,277,0
16594,181.09,1,64,2011-09-25 14:08:00,2011-09-25 14:08:00,74,1,181.09,2,2,1,5,At Risk,181.09,0,0
16595,360.16,1,335,2011-10-09 13:15:00,2011-10-09 13:15:00,60,1,360.16,3,2,2,7,Potential Loyal,360.16,0,0
16596,250.15,2,97,2011-11-24 10:02:00,2010-12-08 16:18:00,15,2,250.15,4,3,2,9,Potential Loyal,125.075,350,0
16597,90.04,1,184,2011-12-05 15:44:00,2011-12-05 15:44:00,3,1,90.04,5,2,1,8,Potential Loyal,90.04,0,0
16598,145.04999999999998,1,73,2011-02-27 11:42:00,2011-02-27 11:42:00,285,1,145.04999999999998,1,2,1,4,Lost,145.04999999999998,0,1
16600,813.52,6,1145,2011-12-05 16:00:00,2011-01-05 12:13:00,3,6,813.52,5,5,3,13,VIP,135.58666666666667,334,0
16601,242.7,1,133,2011-10-30 11:09:00,2011-10-30 11:09:00,40,1,242.7,3,2,1,6,At Risk,242.7,0,0
16602,528.08,1,336,2011-11-03 15:54:00,2011-11-03 15:54:00,35,1,528.08,3,2,3,8,Potential Loyal,528.08,0,0
16603,482.47,2,480,2011-09-26 10:06:00,2011-09-09 13:02:00,74,2,482.47,2,3,2,7,Potential Loyal,241.235,16,0
16607,3347.71,14,2859,2011-11-22 10:24:00,2010-12-16 08:41:00,17,14,3347.71,4,5,5,14,VIP,239.12214285714285,341,0
16609,5493.46,7,2420,2011-11-24 13:32:00,2011-04-01 10:11:00,14,7,5493.46,4,5,5,14,VIP,784.78,237,0
16610,75.66,1,66,2011-05-04 13:13:00,2011-05-04 13:13:00,218,1,75.66,1,2,1,4,Lost,75.66,0,1
16611,129.49,1,47,2011-06-06 15:46:00,2011-06-06 15:46:00,185,1,129.49,1,2,1,4,Lost,129.49,0,1
16612,1187.66,4,506,2011-11-07 07:38:00,2011-02-01 10:38:00,32,4,1187.66,4,4,4,12,Loyal,296.915,278,0
16613,618.59,1,293,2011-09-30 15:52:00,2011-09-30 15:52:00,69,1,618.59,3,2,3,8,Potential Loyal,618.59,0,0
16614,506.19,1,223,2011-06-10 11:36:00,2011-06-10 11:36:00,182,1,506.19,1,2,3,6,At Risk,506.19,0,1
16616,500.42,2,370,2011-11-24 16:31:00,2011-07-05 13:38:00,14,2,500.42,4,3,3,10,Loyal,250.21,142,0
16617,151.85,1,91,2011-04-18 10:35:00,2011-04-18 10:35:00,235,1,151.85,1,2,1,4,Lost,151.85,0,1
16618,2647.59,5,1363,2011-11-08 13:52:00,2011-01-21 11:55:00,30,5,2647.59,4,4,5,13,VIP,529.518,291,0
16619,226.21,1,133,2011-03-21 08:18:00,2011-03-21 08:18:00,263,1,226.21,1,2,1,4,Lost,226.21,0,1
16620,178.96,2,88,2011-12-06 12:19:00,2011-03-24 10:37:00,3,2,178.96,5,3,1,9,Potential Loyal,89.48,257,0
16621,813.48,4,302,2011-10-19 11:38:00,2011-03-07 11:32:00,51,4,813.48,3,4,3,10,Loyal,203.37,226,0
16623,129.45,1,39,2011-04-08 10:09:00,2011-04-08 10:09:00,245,1,129.45,1,2,1,4,Lost,129.45,0,1
16624,810.5699999999999,2,488,2011-09-20 12:39:00,2011-05-26 14:20:00,80,2,810.5699999999999,2,3,3,8,Potential Loyal,405.28499999999997,116,0
16625,333.08,1,164,2011-03-10 12:50:00,2011-03-10 12:50:00,274,1,333.08,1,2,2,5,At Risk,333.08,0,1
16626,4413.1,17,2690,2011-12-09 11:56:00,2011-03-18 12:27:00,0,17,4413.1,5,5,5,15,VIP,259.59411764705885,265,0
16627,322.8,1,162,2011-09-21 14:38:00,2011-09-21 14:38:00,78,1,322.8,2,2,2,6,At Risk,322.8,0,0
16628,2188.05,5,1205,2011-11-10 12:45:00,2011-04-19 08:55:00,29,5,2188.05,4,4,5,13,VIP,437.61,205,0
16629,408.63,2,489,2011-09-27 10:34:00,2011-09-04 16:12:00,73,2,408.63,2,3,2,7,Potential Loyal,204.315,22,0
16633,2883.1,6,1138,2011-11-22 13:41:00,2011-04-19 14:36:00,16,6,2883.1,4,5,5,14,VIP,480.51666666666665,216,0
16634,217.9,2,82,2011-05-01 12:09:00,2010-12-02 17:41:00,222,2,217.9,1,3,1,5,At Risk,108.95,149,1
16637,1154.47,4,927,2011-11-07 13:17:00,2011-04-28 10:20:00,31,4,1154.47,4,4,4,12,Loyal,288.6175,193,0
16638,1680.72,10,1255,2011-11-17 11:09:00,2010-12-06 10:19:00,22,10,1680.72,4,5,4,13,VIP,168.072,346,0
16639,1257.51,3,510,2011-11-08 13:20:00,2011-04-18 09:31:00,30,3,1257.51,4,4,4,12,Loyal,419.17,204,0
16641,231.10000000000002,1,256,2011-08-26 12:49:00,2011-08-26 12:49:00,105,1,231.10000000000002,2,2,1,5,At Risk,231.10000000000002,0,1
16642,688.33,2,479,2011-12-05 11:31:00,2011-05-16 12:35:00,4,2,688.33,5,3,3,11,Loyal,344.165,202,0
16643,487.51,1,269,2011-04-08 08:24:00,2011-04-08 08:24:00,245,1,487.51,1,2,3,6,At Risk,487.51,0,1
16644,833.78,2,826,2011-06-15 12:39:00,2011-05-11 12:53:00,177,2,833.78,2,3,3,8,Potential Loyal,416.89,34,1
16647,214.06,2,146,2011-06-23 11:47:00,2011-05-19 09:31:00,169,2,214.06,2,3,1,6,At Risk,107.03,35,1
16648,290.65999999999997,1,281,2011-10-28 08:58:00,2011-10-28 08:58:00,42,1,290.65999999999997,3,2,2,7,Potential Loyal,290.65999999999997,0,0
16650,518.42,1,372,2011-09-29 09:51:00,2011-09-29 09:51:00,71,1,518.42,3,2,3,8,Potential Loyal,518.42,0,0
16652,6773.97,7,3283,2011-10-12 09:38:00,2011-03-11 13:13:00,58,7,6773.97,3,5,5,13,VIP,967.71,214,0
16653,1212.66,2,733,2011-11-23 14:51:00,2011-09-29 13:38:00,15,2,1212.66,4,3,4,11,Loyal,606.33,55,0
16654,601.27,4,282,2011-07-21 15:23:00,2010-12-06 15:09:00,140,4,601.27,2,4,3,9,Potential Loyal,150.3175,227,1
16655,3789.52,6,2363,2011-11-22 11:25:00,2011-01-12 10:16:00,17,6,3789.52,4,5,5,14,VIP,631.5866666666667,314,0
16656,8625.8,15,8894,2011-11-17 14:43:00,2010-12-10 11:23:00,21,15,8625.8,4,5,5,14,VIP,575.0533333333333,342,0
16657,874.43,4,1130,2011-11-30 11:48:00,2011-03-30 12:02:00,9,4,874.43,5,4,3,12,Loyal,218.6075,244,0
16658,123.24,1,40,2010-12-06 13:47:00,2010-12-06 13:47:00,367,1,123.24,1,2,1,4,Lost,123.24,0,1
16659,39.12,1,72,2011-06-03 15:03:00,2011-06-03 15:03:00,188,1,39.12,1,2,1,4,Lost,39.12,0,1
16660,1267.6499999999999,4,571,2011-11-23 14:53:00,2011-01-24 12:44:00,15,4,1267.6499999999999,4,4,4,12,Loyal,316.91249999999997,303,0
16665,135.39999999999998,1,59,2010-12-12 14:03:00,2010-12-12 14:03:00,361,1,135.39999999999998,1,2,1,4,Lost,135.39999999999998,0,1
16666,118.98,1,233,2011-11-20 14:01:00,2011-11-20 14:01:00,18,1,118.98,4,2,1,7,Potential Loyal,118.98,0,0
16667,567.1800000000001,2,236,2011-10-02 15:26:00,2011-02-28 12:57:00,67,2,567.1800000000001,3,3,3,9,Potential Loyal,283.59000000000003,216,0
16668,306.71999999999997,6,318,2011-11-24 17:43:00,2011-02-28 12:46:00,14,6,306.71999999999997,4,5,2,11,Loyal,51.12,269,0
16669,1348.88,3,881,2011-11-16 12:26:00,2011-09-22 14:13:00,23,3,1348.88,4,4,4,12,Loyal,449.6266666666667,54,0
16670,4095.9,11,2556,2011-11-23 09:34:00,2010-12-16 10:30:00,16,11,4095.9,4,5,5,14,VIP,372.3545454545455,341,0
16671,1692.27,3,875,2011-11-11 13:40:00,2011-06-28 11:20:00,27,3,1692.27,4,4,4,12,Loyal,564.09,136,0
16672,8134.9400000000005,20,2832,2011-12-07 16:29:00,2011-03-18 10:15:00,1,20,8134.9400000000005,5,5,5,15,VIP,406.747,264,0
16674,304.24,2,181,2011-10-16 11:31:00,2011-09-02 13:59:00,54,2,304.24,3,3,2,8,Potential Loyal,152.12,43,0
16676,1592.1200000000001,4,636,2011-11-06 12:01:00,2011-01-06 13:00:00,33,4,1592.1200000000001,3,4,4,11,Loyal,398.03000000000003,303,0
16678,3109.99,12,2397,2011-12-07 12:17:00,2011-03-02 09:24:00,2,12,3109.99,5,5,5,15,VIP,259.1658333333333,280,0
16679,129.75,1,29,2010-12-08 13:51:00,2010-12-08 13:51:00,365,1,129.75,1,2,1,4,Lost,129.75,0,1
16680,183.7,1,94,2011-10-27 17:35:00,2011-10-27 17:35:00,42,1,183.7,3,2,1,6,At Risk,183.7,0,0
16681,1770.34,6,1407,2011-09-28 11:11:00,2011-03-31 13:46:00,72,6,1770.34,2,5,4,11,Loyal,295.0566666666667,180,0
16682,1028.0,5,1040,2011-12-05 12:13:00,2011-06-05 11:02:00,4,5,1028.0,5,4,4,13,VIP,205.6,183,0
16684,66653.56,28,50255,2011-12-05 14:06:00,2010-12-16 17:34:00,3,28,66653.56,5,5,5,15,VIP,2380.4842857142858,353,0
16685,324.24,2,396,2011-10-09 13:58:00,2011-10-09 13:44:00,60,2,324.24,3,3,2,8,Potential Loyal,162.12,0,0
16686,2959.88,7,1977,2011-10-23 13:49:00,2010-12-19 14:41:00,46,7,2959.88,3,5,5,13,VIP,422.84000000000003,307,0
16688,1260.86,4,804,2011-12-08 15:24:00,2011-10-10 12:23:00,0,4,1260.86,5,4,4,13,VIP,315.215,59,0
16689,422.59999999999997,2,330,2011-09-25 11:39:00,2011-09-18 13:29:00,75,2,422.59999999999997,2,3,2,7,Potential Loyal,211.29999999999998,6,0
16690,225.57999999999998,2,138,2011-09-28 15:02:00,2011-05-22 10:53:00,71,2,225.57999999999998,3,3,1,7,Potential Loyal,112.78999999999999,129,0
16692,1276.0,2,152,2011-03-28 14:46:00,2011-02-23 15:41:00,255,2,1276.0,1,3,4,8,Potential Loyal,638.0,32,1
16693,477.86,2,203,2011-10-02 11:10:00,2011-03-13 11:06:00,68,2,477.86,3,3,2,8,Potential Loyal,238.93,203,0
16696,657.9000000000001,4,146,2011-07-27 14:23:00,2011-04-05 15:20:00,134,4,657.9000000000001,2,4,3,9,Potential Loyal,164.47500000000002,112,1
16697,112.75,1,27,2011-04-12 17:12:00,2011-04-12 17:12:00,240,1,112.75,1,2,1,4,Lost,112.75,0,1
16698,1998.0,2,840,2011-04-27 10:52:00,2011-03-31 13:33:00,226,2,1998.0,1,3,4,8,Potential Loyal,999.0,26,1
16700,5076.55,13,4024,2011-12-01 11:00:00,2010-12-08 16:34:00,8,13,5076.55,5,5,5,15,VIP,390.50384615384615,357,0
16701,5398.3,13,6393,2011-12-01 11:10:00,2010-12-13 11:51:00,8,13,5398.3,5,5,5,15,VIP,415.25384615384615,352,0
16705,14034.99,20,5476,2011-12-09 12:08:00,2010-12-16 10:51:00,0,20,14034.99,5,5,5,15,VIP,701.7495,358,0
16706,531.35,3,249,2011-11-02 13:50:00,2011-08-17 15:53:00,36,3,531.35,3,4,3,10,Loyal,177.11666666666667,76,0
16708,656.63,1,285,2011-10-25 12:20:00,2011-10-25 12:20:00,45,1,656.63,3,2,3,8,Potential Loyal,656.63,0,0
16709,3029.87,5,851,2011-09-16 10:56:00,2011-03-03 10:55:00,84,5,3029.87,2,4,5,11,Loyal,605.9739999999999,197,0
16710,2467.99,10,1823,2011-11-20 14:50:00,2010-12-06 13:13:00,18,10,2467.99,4,5,5,14,VIP,246.79899999999998,349,0
16711,1651.03,5,833,2011-12-06 16:32:00,2010-12-17 12:43:00,2,5,1651.03,5,4,4,13,VIP,330.206,354,0
16712,3611.31,11,1730,2011-11-30 13:48:00,2011-03-08 15:07:00,8,11,3611.31,5,5,5,15,VIP,328.3009090909091,266,0
16713,6910.78,15,4271,2011-11-21 12:36:00,2010-12-08 13:01:00,18,15,6910.78,4,5,5,14,VIP,460.71866666666665,347,0
16714,1129.06,3,589,2011-05-05 11:09:00,2011-01-26 13:40:00,218,3,1129.06,1,4,4,9,Potential Loyal,376.3533333333333,98,1
16715,301.71999999999997,1,642,2011-09-22 18:15:00,2011-09-22 18:15:00,77,1,301.71999999999997,2,2,2,6,At Risk,301.71999999999997,0,0
16716,901.2,2,120,2011-03-18 10:03:00,2011-02-01 15:35:00,266,2,901.2,1,3,3,7,Potential Loyal,450.6,44,1
16717,3843.08,6,1860,2011-11-16 12:16:00,2010-12-08 16:48:00,23,6,3843.08,4,5,5,14,VIP,640.5133333333333,342,0
16718,606.0500000000001,1,407,2010-12-05 13:03:00,2010-12-05 13:03:00,368,1,606.0500000000001,1,2,3,6,At Risk,606.0500000000001,0,1
16719,1770.22,7,1175,2011-11-25 09:27:00,2010-12-06 12:06:00,14,7,1770.22,4,5,4,13,VIP,252.88857142857142,353,0
16720,152.95,1,180,2011-11-13 16:22:00,2011-11-13 16:22:00,25,1,152.95,4,2,1,7,Potential Loyal,152.95,0,0
16721,292.47,1,172,2011-03-22 16:08:00,2011-03-22 16:08:00,261,1,292.47,1,2,2,5,At Risk,292.47,0,1
16722,4730.81,13,5001,2011-11-22 13:28:00,2010-12-06 12:59:00,16,13,4730.81,4,5,5,14,VIP,363.90846153846155,351,0
16723,576.4,2,398,2011-09-09 13:01:00,2011-08-24 11:31:00,90,2,576.4,2,3,3,8,Potential Loyal,288.2,16,0
16725,758.27,7,288,2011-02-10 16:52:00,2010-12-03 16:02:00,301,7,758.27,1,5,3,9,Potential Loyal,108.32428571428571,69,1
16726,1358.74,5,945,2011-11-13 14:53:00,2010-12-13 13:28:00,25,5,1358.74,4,4,4,12,Loyal,271.748,335,0
16727,256.32,1,167,2010-12-10 13:48:00,2010-12-10 13:48:00,363,1,256.32,1,2,2,5,At Risk,256.32,0,1
16728,1048.28,4,671,2011-10-24 14:36:00,2011-03-20 13:28:00,45,4,1048.28,3,4,4,11,Loyal,262.07,218,0
16729,7205.33,21,5722,2011-11-01 14:29:00,2011-04-12 14:22:00,37,21,7205.33,3,5,5,13,VIP,343.11095238095237,203,0
16730,743.11,3,994,2011-10-18 14:11:00,2011-01-24 14:01:00,51,3,743.11,3,4,3,10,Loyal,247.70333333333335,267,0
16732,603.75,1,317,2011-11-08 09:54:00,2011-11-08 09:54:00,31,1,603.75,4,2,3,9,Potential Loyal,603.75,0,0
16734,646.76,3,345,2011-10-18 13:44:00,2011-08-17 15:00:00,51,3,646.76,3,4,3,10,Loyal,215.58666666666667,61,0
16735,2247.41,5,1532,2011-09-22 11:49:00,2011-01-09 12:53:00,78,5,2247.41,2,4,5,11,Loyal,449.48199999999997,255,0
16737,417.59999999999997,1,288,2011-10-17 13:03:00,2011-10-17 13:03:00,52,1,417.59999999999997,3,2,2,7,Potential Loyal,417.59999999999997,0,0
16738,3.75,1,3,2011-02-15 09:46:00,2011-02-15 09:46:00,297,1,3.75,1,2,1,4,Lost,3.75,0,1
16739,323.0,1,172,2011-06-16 09:17:00,2011-06-16 09:17:00,176,1,323.0,2,2,2,6,At Risk,323.0,0,1
16742,464.9,1,1,2011-10-24 12:02:00,2011-10-24 12:02:00,46,1,464.9,3,2,2,7,Potential Loyal,464.9,0,0
16743,2213.13,7,2035,2011-11-10 13:13:00,2010-12-16 12:15:00,28,7,2213.13,4,5,5,14,VIP,316.1614285714286,329,0
16744,1291.91,7,798,2011-11-28 13:06:00,2011-06-19 15:13:00,10,7,1291.91,5,5,4,14,VIP,184.55857142857144,161,0
16745,7180.7,17,6719,2011-09-14 11:58:00,2011-02-01 11:31:00,86,17,7180.7,2,5,5,12,Loyal,422.3941176470588,225,0
16746,6680.11,18,4660,2011-12-05 12:33:00,2010-12-16 11:43:00,4,18,6680.11,5,5,5,15,VIP,371.1172222222222,354,0
16747,836.06,2,583,2011-11-02 11:37:00,2011-10-03 10:18:00,37,2,836.06,3,3,3,9,Potential Loyal,418.03,30,0
16748,1515.9,5,880,2011-11-22 10:17:00,2011-01-09 13:50:00,17,5,1515.9,4,4,4,12,Loyal,303.18,316,0
16750,623.93,5,214,2011-10-26 12:48:00,2011-04-21 16:53:00,44,5,623.93,3,4,3,10,Loyal,124.78599999999999,187,0
16751,1764.72,1,1031,2011-11-09 10:48:00,2011-11-09 10:48:00,30,1,1764.72,4,2,4,10,Loyal,1764.72,0,0
16752,207.5,1,54,2010-12-02 12:18:00,2010-12-02 12:18:00,372,1,207.5,1,2,1,4,Lost,207.5,0,1
16753,223.92000000000002,1,189,2011-10-12 13:14:00,2011-10-12 13:14:00,57,1,223.92000000000002,3,2,1,6,At Risk,223.92000000000002,0,0
16754,2002.4,1,4280,2010-12-02 17:38:00,2010-12-02 17:38:00,371,1,2002.4,1,2,4,7,Potential Loyal,2002.4,0,1
16755,1475.43,3,1058,2011-08-17 13:21:00,2011-01-28 10:47:00,113,3,1475.43,2,4,4,10,Loyal,491.81,201,1
16756,239.4,1,106,2011-05-09 09:33:00,2011-05-09 09:33:00,214,1,239.4,1,2,1,4,Lost,239.4,0,1
16757,106.83000000000001,1,81,2011-01-25 11:59:00,2011-01-25 11:59:00,318,1,106.83000000000001,1,2,1,4,Lost,106.83000000000001,0,1
16758,369.34000000000003,1,203,2011-10-05 14:47:00,2011-10-05 14:47:00,64,1,369.34000000000003,3,2,2,7,Potential Loyal,369.34000000000003,0,0
16759,789.79,3,609,2011-12-02 12:42:00,2011-11-09 09:06:00,7,3,789.79,5,4,3,12,Loyal,263.2633333333333,23,0
16761,316.62,1,341,2011-09-04 11:15:00,2011-09-04 11:15:00,96,1,316.62,2,2,2,6,At Risk,316.62,0,1
16762,1207.24,3,480,2011-11-20 11:43:00,2011-07-18 12:52:00,19,3,1207.24,4,4,4,12,Loyal,402.41333333333336,124,0
16763,611.85,1,319,2011-05-25 11:52:00,2011-05-25 11:52:00,198,1,611.85,1,2,3,6,At Risk,611.85,0,1
16764,2790.9500000000003,13,1253,2011-12-06 11:41:00,2011-07-19 17:17:00,3,13,2790.9500000000003,5,5,5,15,VIP,214.68846153846155,139,0
16765,34.0,1,4,2011-02-18 15:41:00,2011-02-18 15:41:00,293,1,34.0,1,2,1,4,Lost,34.0,0,1
16766,1145.6,2,536,2011-03-11 15:22:00,2011-03-11 13:34:00,272,2,1145.6,1,3,4,8,Potential Loyal,572.8,0,1
16767,5575.56,11,4423,2011-11-09 09:42:00,2011-01-27 13:38:00,30,11,5575.56,4,5,5,14,VIP,506.86909090909097,285,0
16768,478.09000000000003,3,196,2011-10-23 10:38:00,2011-03-13 10:25:00,47,3,478.09000000000003,3,4,2,9,Potential Loyal,159.36333333333334,224,0
16769,361.54,1,80,2011-03-24 13:41:00,2011-03-24 13:41:00,259,1,361.54,1,2,2,5,At Risk,361.54,0,1
16770,757.1,5,456,2011-10-13 12:21:00,2010-12-02 15:49:00,57,5,757.1,3,4,3,10,Loyal,151.42000000000002,314,0
16771,2242.61,5,1487,2011-11-06 13:28:00,2011-01-05 13:57:00,32,5,2242.61,4,4,5,13,VIP,448.52200000000005,304,0
16773,171.59,1,171,2011-10-13 14:37:00,2011-10-13 14:37:00,56,1,171.59,3,2,1,6,At Risk,171.59,0,0
16774,661.52,4,322,2011-10-03 12:41:00,2011-06-14 12:45:00,67,4,661.52,3,4,3,10,Loyal,165.38,110,0
16775,1691.51,11,439,2011-11-29 15:22:00,2010-12-07 15:15:00,9,11,1691.51,5,5,4,14,VIP,153.77363636363637,357,0
16776,371.54,1,254,2011-10-10 13:04:00,2011-10-10 13:04:00,59,1,371.54,3,2,2,7,Potential Loyal,371.54,0,0
16777,222.62,2,62,2011-09-20 13:41:00,2011-03-27 14:34:00,79,2,222.62,2,3,1,6,At Risk,111.31,176,0
16778,245.94,2,194,2011-09-26 13:48:00,2011-03-10 15:21:00,73,2,245.94,2,3,1,6,At Risk,122.97,199,0
16779,10611.720000000001,22,5301,2011-12-07 14:54:00,2010-12-08 09:56:00,1,22,10611.720000000001,5,5,5,15,VIP,482.35090909090917,364,0
16780,422.24,2,270,2011-08-31 16:09:00,2011-03-25 17:34:00,99,2,422.24,2,3,2,7,Potential Loyal,211.12,158,1
16781,311.25,1,113,2010-12-02 14:26:00,2010-12-02 14:26:00,371,1,311.25,1,2,2,5,At Risk,311.25,0,1
16782,2267.9500000000003,13,705,2011-11-29 13:20:00,2010-12-09 11:28:00,9,13,2267.9500000000003,5,5,5,15,VIP,174.45769230769233,355,0
16784,107.6,1,24,2011-11-20 12:20:00,2011-11-20 12:20:00,19,1,107.6,4,2,1,7,Potential Loyal,107.6,0,0
16788,594.39,2,304,2011-08-08 14:53:00,2011-03-30 13:05:00,122,2,594.39,2,3,3,8,Potential Loyal,297.195,131,1
16789,80.8,1,32,2011-12-01 15:12:00,2011-12-01 15:12:00,7,1,80.8,5,2,1,8,Potential Loyal,80.8,0,0
16790,1545.6200000000001,6,898,2011-12-06 11:53:00,2011-11-02 11:23:00,3,6,1545.6200000000001,5,5,4,14,VIP,257.60333333333335,34,0
16791,1705.78,7,757,2011-11-10 19:12:00,2011-01-11 15:42:00,28,7,1705.78,4,5,4,13,VIP,243.68285714285713,303,0
16792,110.38000000000001,2,44,2011-03-02 14:41:00,2011-03-02 14:39:00,281,2,110.38000000000001,1,3,1,5,At Risk,55.190000000000005,0,1
16793,243.84,1,146,2011-10-13 15:08:00,2011-10-13 15:08:00,56,1,243.84,3,2,1,6,At Risk,243.84,0,0
16794,1196.5,10,923,2011-12-08 17:54:00,2011-06-12 14:15:00,0,10,1196.5,5,5,4,14,VIP,119.65,179,0
16795,414.88,1,239,2010-12-09 14:08:00,2010-12-09 14:08:00,364,1,414.88,1,2,2,5,At Risk,414.88,0,1
16796,305.62,1,186,2011-09-11 14:01:00,2011-09-11 14:01:00,88,1,305.62,2,2,2,6,At Risk,305.62,0,0
16800,1162.65,1,524,2011-11-28 14:06:00,2011-11-28 14:06:00,10,1,1162.65,5,2,4,11,Loyal,1162.65,0,0
16801,1594.23,4,493,2011-06-29 15:33:00,2011-03-11 13:56:00,162,4,1594.23,2,4,4,10,Loyal,398.5575,110,1
16803,332.3,1,245,2011-10-05 14:28:00,2011-10-05 14:28:00,64,1,332.3,3,2,2,7,Potential Loyal,332.3,0,0
16804,536.99,3,246,2011-11-16 16:43:00,2011-03-14 15:48:00,22,3,536.99,4,4,3,11,Loyal,178.99666666666667,247,0
16805,460.59,2,539,2011-06-19 11:23:00,2010-12-14 13:35:00,173,2,460.59,2,3,2,7,Potential Loyal,230.295,186,1
16806,762.16,4,356,2011-08-28 15:27:00,2011-04-14 19:59:00,102,4,762.16,2,4,3,9,Potential Loyal,190.54,135,1
16807,1121.59,3,778,2011-07-20 12:00:00,2011-03-14 09:46:00,142,3,1121.59,2,4,4,10,Loyal,373.8633333333333,128,1
16808,288.42,2,196,2011-09-01 19:34:00,2011-03-10 19:05:00,98,2,288.42,2,3,2,7,Potential Loyal,144.21,175,1
16809,914.69,5,652,2011-11-16 15:45:00,2011-03-22 15:20:00,22,5,914.69,4,4,3,11,Loyal,182.93800000000002,239,0
16810,309.54,1,114,2011-05-31 15:32:00,2011-05-31 15:32:00,191,1,309.54,1,2,2,5,At Risk,309.54,0,1
16811,547.07,2,477,2011-12-05 11:39:00,2011-11-22 17:19:00,4,2,547.07,5,3,3,11,Loyal,273.535,12,0
16812,479.35,1,81,2010-12-14 12:35:00,2010-12-14 12:35:00,360,1,479.35,1,2,2,5,At Risk,479.35,0,1
16813,1652.18,10,1501,2011-12-01 14:03:00,2011-05-19 13:28:00,7,10,1652.18,5,5,4,14,VIP,165.21800000000002,196,0
16814,6416.7,21,2697,2011-11-25 13:27:00,2010-12-05 11:45:00,13,21,6416.7,4,5,5,14,VIP,305.5571428571428,355,0
16816,417.06,4,274,2011-08-28 14:16:00,2010-12-16 17:01:00,102,4,417.06,2,4,2,8,Potential Loyal,104.265,254,1
16817,1604.75,9,822,2011-12-07 11:03:00,2010-12-06 14:19:00,2,9,1604.75,5,5,4,14,VIP,178.30555555555554,365,0
16818,3349.57,11,2164,2011-11-29 10:41:00,2011-05-18 11:42:00,10,11,3349.57,5,5,5,15,VIP,304.50636363636363,194,0
16820,497.61,1,307,2011-09-05 12:06:00,2011-09-05 12:06:00,95,1,497.61,2,2,3,7,Potential Loyal,497.61,0,1
16823,358.38,1,136,2011-04-26 15:00:00,2011-04-26 15:00:00,226,1,358.38,1,2,2,5,At Risk,358.38,0,1
16824,460.64,2,236,2011-11-24 12:38:00,2011-06-28 13:36:00,15,2,460.64,4,3,2,9,Potential Loyal,230.32,148,0
16825,775.1800000000001,2,566,2011-11-01 11:51:00,2011-06-07 09:44:00,38,2,775.1800000000001,3,3,3,9,Potential Loyal,387.59000000000003,147,0
16826,341.7,1,158,2011-10-19 14:05:00,2011-10-19 14:05:00,50,1,341.7,3,2,2,7,Potential Loyal,341.7,0,0
16828,128.5,2,59,2011-09-07 15:10:00,2011-08-19 13:24:00,92,2,128.5,2,3,1,6,At Risk,64.25,19,1
16829,197.22,1,99,2011-07-06 10:48:00,2011-07-06 10:48:00,156,1,197.22,2,2,1,5,At Risk,197.22,0,1
16830,325.91,1,264,2011-11-01 11:35:00,2011-11-01 11:35:00,38,1,325.91,3,2,2,7,Potential Loyal,325.91,0,0
16832,199.15,3,33,2011-06-08 15:36:00,2011-05-06 14:12:00,183,3,199.15,1,4,1,6,At Risk,66.38333333333334,33,1
16833,1106.53,4,440,2011-12-08 14:39:00,2011-01-09 13:02:00,0,4,1106.53,5,4,4,13,VIP,276.6325,333,0
16834,413.46,1,358,2011-04-26 09:37:00,2011-04-26 09:37:00,227,1,413.46,1,2,2,5,At Risk,413.46,0,1
16835,180.85,2,61,2011-08-03 13:50:00,2010-12-01 17:15:00,127,2,180.85,2,3,1,6,At Risk,90.425,244,1
16836,251.87,2,165,2011-10-31 10:05:00,2011-08-15 12:38:00,39,2,251.87,3,3,2,8,Potential Loyal,125.935,76,0
16837,3170.98,11,1563,2011-11-08 14:27:00,2011-04-08 08:48:00,30,11,3170.98,4,5,5,14,VIP,288.2709090909091,214,0
16838,588.85,2,185,2011-05-26 13:13:00,2011-02-24 15:01:00,196,2,588.85,1,3,3,7,Potential Loyal,294.425,90,1
16839,16594.35,34,8975,2011-12-01 09:03:00,2010-12-05 11:15:00,8,34,16594.35,5,5,5,15,VIP,488.06911764705876,360,0
16841,1869.82,6,2250,2011-11-03 11:51:00,2011-02-25 12:40:00,36,6,1869.82,3,5,4,12,Loyal,311.63666666666666,250,0
16842,1264.19,3,693,2011-08-31 10:42:00,2011-02-10 14:51:00,100,3,1264.19,2,4,4,10,Loyal,421.3966666666667,201,1
16843,10196.57,16,10159,2011-10-28 09:06:00,2011-01-16 16:10:00,42,16,10196.57,3,5,5,13,VIP,637.285625,284,0
16846,214.32,1,135,2011-10-20 13:55:00,2011-10-20 13:55:00,49,1,214.32,3,2,1,6,At Risk,214.32,0,0
16847,193.44,1,78,2011-10-27 13:29:00,2011-10-27 13:29:00,42,1,193.44,3,2,1,6,At Risk,193.44,0,0
16848,281.42,1,182,2011-10-18 08:42:00,2011-10-18 08:42:00,52,1,281.42,3,2,2,7,Potential Loyal,281.42,0,0
16849,124.57,1,33,2011-06-06 09:16:00,2011-06-06 09:16:00,186,1,124.57,1,2,1,4,Lost,124.57,0,1
16850,332.41,1,249,2011-01-10 11:09:00,2011-01-10 11:09:00,333,1,332.41,1,2,2,5,At Risk,332.41,0,1
16851,342.45,3,271,2011-12-05 13:32:00,2011-10-19 09:48:00,3,3,342.45,5,4,2,11,Loyal,114.14999999999999,47,0
16852,144.91000000000003,2,56,2011-11-29 13:22:00,2011-06-16 15:49:00,9,2,144.91000000000003,5,3,1,9,Potential Loyal,72.45500000000001,165,0
16855,328.4,2,164,2011-11-16 12:03:00,2011-10-27 16:31:00,23,2,328.4,4,3,2,9,Potential Loyal,164.2,19,0
16856,35.400000000000006,1,12,2011-11-25 08:59:00,2011-11-25 08:59:00,14,1,35.400000000000006,4,2,1,7,Potential Loyal,35.400000000000006,0,0
16858,375.69000000000005,1,91,2010-12-06 09:52:00,2010-12-06 09:52:00,368,1,375.69000000000005,1,2,2,5,At Risk,375.69000000000005,0,1
16859,747.81,2,827,2011-07-18 12:19:00,2011-03-23 13:39:00,144,2,747.81,2,3,3,8,Potential Loyal,373.905,116,1
16861,173.76,2,140,2011-10-11 09:05:00,2011-07-04 15:38:00,59,2,173.76,3,3,1,7,Potential Loyal,86.88,98,0
16863,502.8,2,409,2011-11-08 15:26:00,2010-12-08 08:58:00,30,2,502.8,4,3,3,10,Loyal,251.4,335,0
16866,207.73999999999998,3,60,2011-07-22 10:06:00,2011-07-01 12:34:00,140,3,207.73999999999998,2,4,1,7,Potential Loyal,69.24666666666666,20,1
16869,817.12,4,583,2011-11-17 12:02:00,2011-06-17 13:01:00,22,4,817.12,4,4,3,11,Loyal,204.28,152,0
16871,2812.34,6,1253,2011-11-17 19:27:00,2011-03-14 10:31:00,21,6,2812.34,4,5,5,14,VIP,468.72333333333336,248,0
16872,680.02,3,600,2011-09-23 16:05:00,2011-06-08 14:32:00,76,3,680.02,2,4,3,9,Potential Loyal,226.67333333333332,107,0
16873,7123.62,6,3840,2011-12-05 12:05:00,2010-12-10 15:45:00,4,6,7123.62,5,5,5,15,VIP,1187.27,359,0
16875,2095.53,5,1069,2011-10-03 13:39:00,2011-01-04 10:37:00,66,5,2095.53,3,4,5,12,Loyal,419.10600000000005,272,0
16877,846.62,6,458,2011-11-27 13:47:00,2011-05-15 16:13:00,11,6,846.62,5,5,3,13,VIP,141.10333333333332,195,0
16878,13.3,1,12,2011-09-16 17:39:00,2011-09-16 17:39:00,83,1,13.3,2,2,1,5,At Risk,13.3,0,0
16880,1491.43,7,746,2011-11-09 11:33:00,2011-06-03 16:45:00,30,7,1491.43,4,5,4,13,VIP,213.0614285714286,158,0
16881,432.0,1,600,2011-10-04 10:33:00,2011-10-04 10:33:00,66,1,432.0,3,2,2,7,Potential Loyal,432.0,0,0
16882,705.12,3,424,2011-10-04 10:42:00,2011-01-26 17:43:00,66,3,705.12,3,4,3,10,Loyal,235.04,250,0
16883,272.48,2,103,2011-06-05 12:51:00,2010-12-03 10:33:00,186,2,272.48,1,3,2,6,At Risk,136.24,184,1
16884,429.84000000000003,2,320,2011-11-02 11:52:00,2011-11-02 10:16:00,37,2,429.84000000000003,3,3,2,8,Potential Loyal,214.92000000000002,0,0
16885,450.41,3,178,2011-11-24 13:40:00,2010-12-17 17:23:00,14,3,450.41,4,4,2,10,Loyal,150.13666666666668,341,0
16887,192.32999999999998,1,156,2011-11-04 14:07:00,2011-11-04 14:07:00,34,1,192.32999999999998,3,2,1,6,At Risk,192.32999999999998,0,0
16889,1578.67,3,925,2011-05-29 11:05:00,2011-01-07 10:47:00,194,3,1578.67,1,4,4,9,Potential Loyal,526.2233333333334,142,1
16891,742.43,5,265,2011-12-08 11:15:00,2010-12-03 11:35:00,1,5,742.43,5,4,3,12,Loyal,148.486,369,0
16892,518.19,5,236,2011-12-08 13:18:00,2011-06-09 11:35:00,0,5,518.19,5,4,3,12,Loyal,103.638,182,0
16893,145.93,1,62,2010-12-08 12:06:00,2010-12-08 12:06:00,366,1,145.93,1,2,1,4,Lost,145.93,0,1
16895,202.27,1,91,2011-10-06 12:15:00,2011-10-06 12:15:00,64,1,202.27,3,2,1,6,At Risk,202.27,0,0
16897,289.78,2,73,2011-02-13 15:02:00,2011-01-30 11:52:00,298,2,289.78,1,3,2,6,At Risk,144.89,14,1
16898,501.03,3,412,2011-11-13 15:44:00,2010-12-06 12:23:00,25,3,501.03,4,4,3,11,Loyal,167.01,342,0
16899,1271.06,6,520,2011-12-02 12:03:00,2010-12-14 13:11:00,7,6,1271.06,5,5,4,14,VIP,211.84333333333333,352,0
16900,887.11,3,833,2011-11-23 10:32:00,2011-10-07 13:17:00,16,3,887.11,4,4,3,11,Loyal,295.7033333333333,46,0
16902,1706.88,1,629,2011-08-15 14:17:00,2011-08-15 14:17:00,115,1,1706.88,2,2,4,8,Potential Loyal,1706.88,0,1
16903,363.2,1,247,2011-11-10 15:32:00,2011-11-10 15:32:00,28,1,363.2,4,2,2,8,Potential Loyal,363.2,0,0
16904,3653.75,16,1984,2011-12-05 13:10:00,2010-12-07 13:29:00,3,16,3653.75,5,5,5,15,VIP,228.359375,362,0
16905,3037.6,7,1381,2011-12-04 14:01:00,2010-12-03 10:43:00,4,7,3037.6,5,5,5,15,VIP,433.9428571428571,366,0
16906,559.59,4,263,2011-09-19 11:49:00,2011-04-05 12:30:00,81,4,559.59,2,4,3,9,Potential Loyal,139.8975,166,0
16907,928.76,5,286,2011-11-10 18:04:00,2010-12-09 16:52:00,28,5,928.76,4,4,3,11,Loyal,185.752,336,0
16909,379.14,1,436,2011-09-28 16:45:00,2011-09-28 16:45:00,71,1,379.14,3,2,2,7,Potential Loyal,379.14,0,0
16910,1508.96,8,884,2011-12-05 12:51:00,2011-09-09 14:14:00,3,8,1508.96,5,5,4,14,VIP,188.62,86,0
16912,2555.58,11,1025,2011-11-11 12:18:00,2011-01-20 15:42:00,28,11,2555.58,4,5,5,14,VIP,232.32545454545453,294,0
16913,113.44,1,82,2011-02-22 12:56:00,2011-02-22 12:56:00,289,1,113.44,1,2,1,4,Lost,113.44,0,1
16914,183.76,1,112,2011-11-03 15:27:00,2011-11-03 15:27:00,35,1,183.76,3,2,1,6,At Risk,183.76,0,0
16915,621.6800000000001,6,132,2011-11-30 16:39:00,2011-03-01 09:52:00,8,6,621.6800000000001,5,5,3,13,VIP,103.61333333333334,274,0
16916,562.41,2,431,2011-11-16 12:08:00,2010-12-02 13:14:00,23,2,562.41,4,3,3,10,Loyal,281.205,348,0
16917,391.52,1,232,2011-03-08 11:55:00,2011-03-08 11:55:00,276,1,391.52,1,2,2,5,At Risk,391.52,0,1
16918,1068.82,6,721,2011-10-21 12:50:00,2011-01-26 17:37:00,49,6,1068.82,3,5,4,12,Loyal,178.13666666666666,267,0
16919,2592.25,11,1403,2011-07-06 13:35:00,2010-12-06 12:52:00,155,11,2592.25,2,5,5,12,Loyal,235.6590909090909,212,1
16921,154.18,1,154,2011-10-09 16:22:00,2011-10-09 16:22:00,60,1,154.18,3,2,1,6,At Risk,154.18,0,0
16923,7069.08,19,3344,2011-11-27 13:00:00,2010-12-12 11:06:00,11,19,7069.08,5,5,5,15,VIP,372.0568421052632,350,0
16924,829.89,3,467,2011-11-18 12:53:00,2011-09-16 12:54:00,20,3,829.89,4,4,3,11,Loyal,276.63,62,0
16926,230.25,1,35,2010-12-03 13:42:00,2010-12-03 13:42:00,370,1,230.25,1,2,1,4,Lost,230.25,0,1
16927,543.05,3,993,2011-08-16 11:10:00,2010-12-13 11:57:00,115,3,543.05,2,4,3,9,Potential Loyal,181.01666666666665,245,1
16928,2814.7,17,2092,2011-09-20 15:10:00,2010-12-01 15:21:00,79,17,2814.7,2,5,5,12,Loyal,165.5705882352941,292,0
16929,1295.39,7,929,2011-12-06 08:37:00,2011-07-07 12:39:00,3,7,1295.39,5,5,4,14,VIP,185.0557142857143,151,0
16930,378.89,3,339,2011-11-13 16:13:00,2011-10-02 14:25:00,25,3,378.89,4,4,2,10,Loyal,126.29666666666667,42,0
16931,4554.87,21,3134,2011-12-04 13:15:00,2010-12-05 11:40:00,4,21,4554.87,5,5,5,15,VIP,216.89857142857142,364,0
16932,150.23000000000002,1,82,2011-10-17 14:12:00,2011-10-17 14:12:00,52,1,150.23000000000002,3,2,1,6,At Risk,150.23000000000002,0,0
16933,563.23,2,288,2011-12-08 12:54:00,2011-04-14 13:33:00,0,2,563.23,5,3,3,11,Loyal,281.615,237,0
16934,931.03,2,397,2011-10-16 12:40:00,2011-10-16 12:25:00,54,2,931.03,3,3,3,9,Potential Loyal,465.515,0,0
16936,261.9,1,171,2011-11-14 11:04:00,2011-11-14 11:04:00,25,1,261.9,4,2,2,8,Potential Loyal,261.9,0,0
16938,2711.6800000000003,4,2533,2011-12-01 10:20:00,2011-02-04 09:34:00,8,4,2711.6800000000003,5,4,5,14,VIP,677.9200000000001,300,0
16940,3049.88,3,2169,2011-10-18 13:15:00,2011-02-23 12:27:00,51,3,3049.88,3,4,5,12,Loyal,1016.6266666666667,237,0
16942,1904.99,9,805,2011-11-27 12:40:00,2011-04-26 11:59:00,12,9,1904.99,5,5,4,14,VIP,211.66555555555556,215,0
16943,816.73,3,145,2011-05-12 11:57:00,2011-01-25 14:00:00,211,3,816.73,1,4,3,8,Potential Loyal,272.24333333333334,106,1
16945,4345.5,19,2725,2011-11-18 11:39:00,2010-12-16 17:49:00,21,19,4345.5,4,5,5,14,VIP,228.71052631578948,336,0
16947,406.48,1,312,2011-04-18 09:38:00,2011-04-18 09:38:00,235,1,406.48,1,2,2,5,At Risk,406.48,0,1
16948,435.02,3,1614,2011-07-24 12:46:00,2011-01-18 10:58:00,138,3,435.02,2,4,2,8,Potential Loyal,145.00666666666666,187,1
16949,1286.27,6,791,2011-12-06 11:07:00,2011-01-27 12:11:00,3,6,1286.27,5,5,4,14,VIP,214.37833333333333,312,0
16950,1178.56,3,644,2011-10-14 09:06:00,2010-12-07 15:20:00,56,3,1178.56,3,4,4,11,Loyal,392.8533333333333,310,0
16951,1277.75,3,1318,2011-07-28 12:05:00,2011-02-08 14:58:00,134,3,1277.75,2,4,4,10,Loyal,425.9166666666667,169,1
16952,167.61,2,92,2011-08-22 13:03:00,2011-08-22 12:58:00,108,2,167.61,2,3,1,6,At Risk,83.805,0,1
16953,20.8,1,10,2011-11-09 15:54:00,2011-11-09 15:54:00,29,1,20.8,4,2,1,7,Potential Loyal,20.8,0,0
16954,2085.08,9,1054,2011-12-09 09:46:00,2010-12-15 10:41:00,0,9,2085.08,5,5,5,15,VIP,231.67555555555555,358,0
16955,518.67,4,266,2011-06-08 10:36:00,2010-12-01 13:31:00,184,4,518.67,1,4,3,8,Potential Loyal,129.6675,188,1
16956,308.74,1,114,2011-11-22 08:56:00,2011-11-22 08:56:00,17,1,308.74,4,2,2,8,Potential Loyal,308.74,0,0
16957,416.64,2,172,2011-04-14 13:56:00,2011-03-03 09:25:00,238,2,416.64,1,3,2,6,At Risk,208.32,42,1
16959,117.35000000000001,1,49,2011-09-13 15:03:00,2011-09-13 15:03:00,86,1,117.35000000000001,2,2,1,5,At Risk,117.35000000000001,0,0
16960,507.05,3,304,2011-11-01 11:35:00,2011-04-01 11:54:00,38,3,507.05,3,4,3,10,Loyal,169.01666666666668,213,0
16961,234.17,1,125,2011-08-15 13:46:00,2011-08-15 13:46:00,115,1,234.17,2,2,1,5,At Risk,234.17,0,1
16963,110.55000000000001,1,35,2011-06-05 13:48:00,2011-06-05 13:48:00,186,1,110.55000000000001,1,2,1,4,Lost,110.55000000000001,0,1
16965,201.19,1,291,2011-04-27 12:08:00,2011-04-27 12:08:00,226,1,201.19,1,2,1,4,Lost,201.19,0,1
16966,2154.97,7,1981,2011-12-01 13:40:00,2011-04-13 14:17:00,7,7,2154.97,5,5,5,15,VIP,307.8528571428571,231,0
16967,319.02,1,333,2011-06-03 14:24:00,2011-06-03 14:24:00,188,1,319.02,1,2,2,5,At Risk,319.02,0,1
16968,439.43,2,326,2011-12-05 15:02:00,2011-08-24 10:51:00,3,2,439.43,5,3,2,10,Loyal,219.715,103,0
16969,650.41,3,816,2011-10-31 13:12:00,2011-06-01 12:10:00,38,3,650.41,3,4,3,10,Loyal,216.8033333333333,152,0
16971,357.21,1,72,2011-11-01 15:06:00,2011-11-01 15:06:00,37,1,357.21,3,2,2,7,Potential Loyal,357.21,0,0
16976,251.51999999999998,1,88,2011-03-17 16:33:00,2011-03-17 16:33:00,266,1,251.51999999999998,1,2,2,5,At Risk,251.51999999999998,0,1
16978,344.33,1,166,2011-09-23 12:50:00,2011-09-23 12:50:00,77,1,344.33,2,2,2,6,At Risk,344.33,0,0
16979,1852.0,6,865,2011-12-06 12:21:00,2011-02-15 09:20:00,3,6,1852.0,5,5,4,14,VIP,308.6666666666667,294,0
16980,1028.46,2,739,2011-03-29 16:36:00,2011-02-21 12:58:00,254,2,1028.46,1,3,4,8,Potential Loyal,514.23,36,1
16982,384.06,1,182,2011-10-10 12:28:00,2011-10-10 12:28:00,60,1,384.06,3,2,2,7,Potential Loyal,384.06,0,0
16983,1905.87,7,1335,2011-11-27 12:10:00,2010-12-05 12:34:00,12,7,1905.87,5,5,4,14,VIP,272.26714285714286,356,0
16984,4459.52,2,2380,2011-09-12 13:43:00,2011-08-01 17:37:00,87,2,4459.52,2,3,5,10,Loyal,2229.76,41,0
16985,5464.12,10,1832,2011-11-22 13:33:00,2010-12-16 10:38:00,16,10,5464.12,4,5,5,14,VIP,546.412,341,0
16986,1873.2,2,1040,2011-11-10 11:55:00,2011-11-09 15:52:00,29,2,1873.2,4,3,4,11,Loyal,936.6,0,0
16987,1616.8,7,401,2011-12-06 17:26:00,2011-05-18 15:55:00,2,7,1616.8,5,5,4,14,VIP,230.97142857142856,202,0
16988,126.12,1,43,2011-12-04 16:02:00,2011-12-04 16:02:00,4,1,126.12,5,2,1,8,Potential Loyal,126.12,0,0
16989,1133.25,6,1233,2011-12-02 16:39:00,2011-07-12 09:11:00,6,6,1133.25,5,5,4,14,VIP,188.875,143,0
16990,179.0,1,100,2011-05-05 08:30:00,2011-05-05 08:30:00,218,1,179.0,1,2,1,4,Lost,179.0,0,1
16992,1614.31,5,860,2011-11-29 11:50:00,2011-02-28 10:37:00,10,5,1614.31,5,4,4,13,VIP,322.86199999999997,274,0
16996,1456.96,6,544,2011-11-09 16:43:00,2010-12-21 13:22:00,29,6,1456.96,4,5,4,13,VIP,242.82666666666668,323,0
16997,702.0,3,360,2011-02-24 17:28:00,2011-01-18 11:51:00,287,3,702.0,1,4,3,8,Potential Loyal,234.0,37,1
16998,295.0,4,76,2011-07-13 09:44:00,2011-02-08 15:42:00,149,4,295.0,2,4,2,8,Potential Loyal,73.75,154,1
16999,484.82,2,294,2011-11-16 13:53:00,2011-09-26 15:43:00,22,2,484.82,4,3,2,9,Potential Loyal,242.41,50,0
17001,3989.57,11,2164,2011-12-09 09:38:00,2010-12-16 09:35:00,0,11,3989.57,5,5,5,15,VIP,362.6881818181818,358,0
17002,1493.73,3,679,2011-09-15 12:40:00,2011-02-22 11:46:00,85,3,1493.73,2,4,4,10,Loyal,497.91,205,0
17004,1312.1399999999999,2,771,2011-10-24 14:25:00,2011-09-08 12:16:00,45,2,1312.1399999999999,3,3,4,10,Loyal,656.0699999999999,46,0
17006,781.78,4,272,2011-12-05 12:09:00,2011-09-25 12:15:00,4,4,781.78,5,4,3,12,Loyal,195.445,70,0
17007,889.9300000000001,6,597,2011-10-20 10:47:00,2010-12-17 13:57:00,50,6,889.9300000000001,3,5,3,11,Loyal,148.3216666666667,306,0
17010,195.36,1,118,2011-11-21 14:49:00,2011-11-21 14:49:00,17,1,195.36,4,2,1,7,Potential Loyal,195.36,0,0
17011,270.9,1,186,2011-11-09 13:30:00,2011-11-09 13:30:00,29,1,270.9,4,2,2,8,Potential Loyal,270.9,0,0
17014,583.4300000000001,3,243,2011-12-01 14:09:00,2011-10-04 11:36:00,7,3,583.4300000000001,5,4,3,12,Loyal,194.4766666666667,58,0
17015,1838.6100000000001,3,1978,2011-11-11 10:45:00,2011-06-07 13:19:00,28,3,1838.6100000000001,4,4,4,12,Loyal,612.87,156,0
17017,8694.26,20,6673,2011-12-07 09:32:00,2010-12-02 10:17:00,2,20,8694.26,5,5,5,15,VIP,434.713,369,0
17018,920.1,2,176,2011-10-30 11:42:00,2011-01-18 08:46:00,40,2,920.1,3,3,3,9,Potential Loyal,460.05,285,0
17019,1258.08,4,820,2011-11-28 13:06:00,2010-12-06 12:55:00,10,4,1258.08,5,4,4,13,VIP,314.52,357,0
17022,71.0,1,108,2011-11-08 17:09:00,2011-11-08 17:09:00,30,1,71.0,4,2,1,7,Potential Loyal,71.0,0,0
17024,95.85,3,69,2011-10-25 13:47:00,2011-07-05 09:31:00,44,3,95.85,3,4,1,8,Potential Loyal,31.95,112,0
17025,357.77,3,235,2011-10-10 09:06:00,2010-12-01 15:45:00,60,3,357.77,3,4,2,9,Potential Loyal,119.25666666666666,312,0
17026,154.82999999999998,2,97,2011-06-07 14:28:00,2010-12-05 12:47:00,184,2,154.82999999999998,1,3,1,5,At Risk,77.41499999999999,184,1
17027,877.5600000000001,6,416,2011-09-22 12:24:00,2011-01-26 14:19:00,78,6,877.5600000000001,2,5,3,10,Loyal,146.26000000000002,238,0
17029,716.0,2,400,2011-08-21 11:06:00,2011-04-17 10:57:00,110,2,716.0,2,3,3,8,Potential Loyal,358.0,126,1
17030,146.87,1,146,2011-10-07 08:49:00,2011-10-07 08:49:00,63,1,146.87,3,2,1,6,At Risk,146.87,0,0
17031,380.35,2,235,2011-11-28 10:23:00,2011-07-08 09:38:00,11,2,380.35,5,3,2,10,Loyal,190.175,143,0
17033,1030.14,3,750,2011-09-14 14:34:00,2010-12-15 13:21:00,85,3,1030.14,2,4,4,10,Loyal,343.38000000000005,273,0
17034,745.52,3,410,2011-11-23 15:14:00,2011-02-25 10:10:00,15,3,745.52,4,4,3,11,Loyal,248.50666666666666,271,0
17035,433.53000000000003,2,229,2011-04-08 11:23:00,2011-02-01 12:27:00,245,2,433.53000000000003,1,3,2,6,At Risk,216.76500000000001,65,1
17037,1267.32,1,656,2011-09-13 12:49:00,2011-09-13 12:49:00,87,1,1267.32,2,2,4,8,Potential Loyal,1267.32,0,0
17038,112.4,1,28,2011-11-09 13:50:00,2011-11-09 13:50:00,29,1,112.4,4,2,1,7,Potential Loyal,112.4,0,0
17040,449.73,1,181,2011-07-25 10:19:00,2011-07-25 10:19:00,137,1,449.73,2,2,2,6,At Risk,449.73,0,1
17041,1071.49,3,927,2011-11-13 11:21:00,2010-12-14 11:43:00,26,3,1071.49,4,4,4,12,Loyal,357.16333333333336,333,0
17042,1036.58,5,990,2011-12-07 12:26:00,2011-04-06 14:53:00,2,5,1036.58,5,4,4,13,VIP,207.31599999999997,244,0
17043,1735.18,4,998,2011-11-07 15:33:00,2011-03-18 14:53:00,31,4,1735.18,4,4,4,12,Loyal,433.795,234,0
17044,948.48,1,504,2011-11-14 14:28:00,2011-11-14 14:28:00,24,1,948.48,4,2,4,10,Loyal,948.48,0,0
17045,339.44,3,106,2011-08-18 17:09:00,2011-04-06 12:08:00,112,3,339.44,2,4,2,8,Potential Loyal,113.14666666666666,134,1
17046,642.02,1,510,2011-07-05 14:24:00,2011-07-05 14:24:00,156,1,642.02,2,2,3,7,Potential Loyal,642.02,0,1
17047,1100.9,3,533,2011-09-15 13:27:00,2011-05-18 16:50:00,84,3,1100.9,2,4,4,10,Loyal,366.9666666666667,119,0
17048,925.35,3,485,2011-08-14 11:49:00,2011-01-12 16:51:00,117,3,925.35,2,4,3,9,Potential Loyal,308.45,213,1
17049,5655.03,9,2673,2011-12-07 10:48:00,2011-03-09 08:33:00,2,9,5655.03,5,5,5,15,VIP,628.3366666666666,273,0
17050,3185.64,6,1595,2011-09-04 13:48:00,2011-02-13 12:41:00,95,6,3185.64,2,5,5,12,Loyal,530.9399999999999,203,1
17051,240.89000000000001,1,179,2011-05-29 14:13:00,2011-05-29 14:13:00,193,1,240.89000000000001,1,2,1,4,Lost,240.89000000000001,0,1
17052,399.09,1,251,2011-11-11 14:50:00,2011-11-11 14:50:00,27,1,399.09,4,2,2,8,Potential Loyal,399.09,0,0
17053,498.48,1,122,2011-08-01 10:23:00,2011-08-01 10:23:00,130,1,498.48,2,2,3,7,Potential Loyal,498.48,0,1
17054,1356.33,5,804,2011-11-11 12:56:00,2011-04-08 13:14:00,27,5,1356.33,4,4,4,12,Loyal,271.26599999999996,216,0
17058,1179.89,3,592,2011-09-19 10:13:00,2011-04-14 09:18:00,81,3,1179.89,2,4,4,10,Loyal,393.2966666666667,158,0
17059,3080.39,5,1850,2011-11-10 12:27:00,2010-12-05 12:35:00,29,5,3080.39,4,4,5,13,VIP,616.078,339,0
17060,234.24,1,216,2011-03-18 13:27:00,2011-03-18 13:27:00,265,1,234.24,1,2,1,4,Lost,234.24,0,1
17061,5232.2300000000005,11,1526,2011-09-27 11:24:00,2011-04-21 13:29:00,73,11,5232.2300000000005,2,5,5,12,Loyal,475.65727272727275,158,0
17062,533.33,4,418,2011-01-30 11:01:00,2010-12-05 11:59:00,313,4,533.33,1,4,3,8,Potential Loyal,133.3325,55,1
17063,1461.14,7,770,2011-11-18 16:19:00,2011-02-23 13:44:00,20,7,1461.14,4,5,4,13,VIP,208.73428571428573,268,0
17064,855.45,3,316,2011-10-12 10:18:00,2011-01-16 16:10:00,58,3,855.45,3,4,3,10,Loyal,285.15000000000003,268,0
17068,4552.14,21,2164,2011-11-27 13:14:00,2010-12-06 13:58:00,11,21,4552.14,5,5,5,15,VIP,216.76857142857145,355,0
17069,2709.7000000000003,9,1506,2011-11-11 17:13:00,2010-12-01 16:49:00,27,9,2709.7000000000003,4,5,5,14,VIP,301.0777777777778,345,0
17070,304.24,1,131,2011-08-17 17:01:00,2011-08-17 17:01:00,113,1,304.24,2,2,2,6,At Risk,304.24,0,1
17071,2429.03,9,1197,2011-11-11 16:31:00,2011-02-03 08:18:00,27,9,2429.03,4,5,5,14,VIP,269.89222222222224,281,0
17073,1446.09,4,759,2011-11-22 11:47:00,2011-08-22 14:37:00,17,4,1446.09,4,4,4,12,Loyal,361.5225,91,0
17075,834.12,4,292,2011-11-22 11:58:00,2011-01-26 13:20:00,17,4,834.12,4,4,3,11,Loyal,208.53,299,0
17076,841.0799999999999,3,295,2011-11-03 17:53:00,2010-12-10 10:08:00,35,3,841.0799999999999,3,4,3,10,Loyal,280.35999999999996,328,0
17078,378.2,2,788,2011-11-03 19:17:00,2011-11-03 18:49:00,35,2,378.2,3,3,2,8,Potential Loyal,189.1,0,0
17079,118.80000000000001,1,24,2011-09-22 15:34:00,2011-09-22 15:34:00,77,1,118.80000000000001,2,2,1,5,At Risk,118.80000000000001,0,0
17080,287.62,2,166,2011-11-17 12:59:00,2011-03-15 12:05:00,21,2,287.62,4,3,2,9,Potential Loyal,143.81,247,0
17081,288.91,2,77,2011-11-14 12:56:00,2011-10-24 13:08:00,24,2,288.91,4,3,2,9,Potential Loyal,144.455,20,0
17082,2003.85,2,1049,2011-11-06 15:17:00,2011-01-25 14:36:00,32,2,2003.85,4,3,4,11,Loyal,1001.925,285,0
17083,1405.78,3,772,2011-08-22 15:43:00,2011-02-09 11:38:00,108,3,1405.78,2,4,4,10,Loyal,468.5933333333333,194,1
17084,2747.9900000000002,2,1702,2011-11-04 14:54:00,2011-11-04 14:49:00,34,2,2747.9900000000002,3,3,5,11,Loyal,1373.9950000000001,0,0
17085,1562.4,5,785,2011-08-08 14:15:00,2010-12-12 12:24:00,122,5,1562.4,2,4,4,10,Loyal,312.48,239,1
17086,2050.08,6,1859,2011-12-02 13:54:00,2011-10-07 11:22:00,6,6,2050.08,5,5,4,14,VIP,341.68,56,0
17088,1991.01,4,868,2011-11-11 14:23:00,2011-03-31 09:48:00,27,4,1991.01,4,4,4,12,Loyal,497.7525,225,0
17090,1974.65,7,903,2011-12-05 13:44:00,2010-12-20 13:52:00,3,7,1974.65,5,5,4,14,VIP,282.09285714285716,349,0
17091,3827.76,9,1746,2011-12-07 10:43:00,2010-12-07 09:55:00,2,9,3827.76,5,5,5,15,VIP,425.3066666666667,365,0
17092,1774.03,4,1130,2011-10-20 19:51:00,2011-03-07 14:51:00,49,4,1774.03,3,4,4,11,Loyal,443.5075,227,0
17094,302.0,1,152,2011-01-21 13:09:00,2011-01-21 13:09:00,321,1,302.0,1,2,2,5,At Risk,302.0,0,1
17095,1324.16,3,618,2011-11-17 12:21:00,2011-01-09 11:05:00,22,3,1324.16,4,4,4,12,Loyal,441.3866666666667,312,0
17096,1022.13,4,339,2011-11-24 15:01:00,2011-03-23 12:05:00,14,4,1022.13,4,4,4,12,Loyal,255.5325,246,0
17097,954.42,8,459,2011-12-07 17:05:00,2010-12-09 14:55:00,1,8,954.42,5,5,4,14,VIP,119.3025,363,0
17100,971.74,2,800,2011-11-21 16:36:00,2011-11-21 16:36:00,17,2,971.74,4,3,4,11,Loyal,485.87,0,0
17101,1621.73,4,815,2011-11-29 13:57:00,2011-06-14 14:49:00,9,4,1621.73,5,4,4,13,VIP,405.4325,167,0
17102,25.5,1,2,2011-03-23 10:08:00,2011-03-23 10:08:00,261,1,25.5,1,2,1,4,Lost,25.5,0,1
17105,665.78,2,693,2011-07-03 15:53:00,2011-02-06 14:46:00,158,2,665.78,2,3,3,8,Potential Loyal,332.89,147,1
17107,10797.48,6,4826,2011-11-06 14:14:00,2011-03-06 15:17:00,32,6,10797.48,4,5,5,14,VIP,1799.58,244,0
17109,881.29,6,588,2011-11-10 16:59:00,2011-04-21 15:46:00,28,6,881.29,4,5,3,12,Loyal,146.88166666666666,203,0
17110,163.29999999999998,1,50,2011-06-27 12:58:00,2011-06-27 12:58:00,164,1,163.29999999999998,2,2,1,5,At Risk,163.29999999999998,0,1
17111,231.61,1,282,2011-10-23 15:59:00,2011-10-23 15:59:00,46,1,231.61,3,2,1,6,At Risk,231.61,0,0
17114,801.12,8,215,2011-12-04 12:17:00,2011-01-09 11:39:00,5,8,801.12,5,5,3,13,VIP,100.14,329,0
17115,837.5,3,372,2011-12-01 14:30:00,2011-04-20 14:46:00,7,3,837.5,5,4,3,12,Loyal,279.1666666666667,224,0
17117,116.19999999999999,1,68,2011-02-24 13:54:00,2011-02-24 13:54:00,287,1,116.19999999999999,1,2,1,4,Lost,116.19999999999999,0,1
17118,157.02,1,154,2011-01-26 12:19:00,2011-01-26 12:19:00,317,1,157.02,1,2,1,4,Lost,157.02,0,1
17119,606.91,2,334,2011-12-06 14:40:00,2011-10-11 11:03:00,2,2,606.91,5,3,3,11,Loyal,303.455,56,0
17120,307.46,1,120,2011-04-20 15:21:00,2011-04-20 15:21:00,232,1,307.46,1,2,2,5,At Risk,307.46,0,1
17122,138.32,1,80,2011-08-12 14:33:00,2011-08-12 14:33:00,118,1,138.32,2,2,1,5,At Risk,138.32,0,1
17123,345.29999999999995,1,246,2011-07-01 10:47:00,2011-07-01 10:47:00,161,1,345.29999999999995,2,2,2,6,At Risk,345.29999999999995,0,1
17124,294.24,1,129,2011-06-07 14:02:00,2011-06-07 14:02:00,184,1,294.24,1,2,2,5,At Risk,294.24,0,1
17125,230.5,1,281,2011-10-20 14:41:00,2011-10-20 14:41:00,49,1,230.5,3,2,1,6,At Risk,230.5,0,0
17126,989.45,5,780,2011-07-10 13:52:00,2010-12-12 11:26:00,151,5,989.45,2,4,4,10,Loyal,197.89000000000001,210,1
17128,157.09,1,76,2011-01-09 12:02:00,2011-01-09 12:02:00,334,1,157.09,1,2,1,4,Lost,157.09,0,1
17131,2463.17,5,983,2011-12-04 12:52:00,2011-09-25 12:42:00,4,5,2463.17,5,4,5,14,VIP,492.634,70,0
17133,4892.240000000001,7,2730,2011-11-24 12:27:00,2011-03-18 13:47:00,15,7,4892.240000000001,4,5,5,14,VIP,698.8914285714287,250,0
17134,413.2,2,98,2011-08-25 09:53:00,2011-03-20 11:56:00,106,2,413.2,2,3,2,7,Potential Loyal,206.6,157,1
17135,1139.73,7,1224,2011-11-23 16:48:00,2010-12-03 09:31:00,15,7,1139.73,4,5,4,13,VIP,162.81857142857143,355,0
17138,380.5,1,126,2011-03-09 11:54:00,2011-03-09 11:54:00,275,1,380.5,1,2,2,5,At Risk,380.5,0,1
17139,10650.77,12,5176,2011-11-24 10:12:00,2011-02-24 09:32:00,15,12,10650.77,4,5,5,14,VIP,887.5641666666667,273,0
17140,454.12,1,296,2011-04-06 13:33:00,2011-04-06 13:33:00,246,1,454.12,1,2,2,5,At Risk,454.12,0,1
17142,579.0,1,81,2011-04-14 18:22:00,2011-04-14 18:22:00,238,1,579.0,1,2,3,6,At Risk,579.0,0,1
17144,984.57,2,483,2011-12-08 17:57:00,2011-09-16 12:50:00,0,2,984.57,5,3,4,12,Loyal,492.285,83,0
17146,749.78,3,212,2011-08-26 12:44:00,2010-12-16 12:20:00,105,3,749.78,2,4,3,9,Potential Loyal,249.92666666666665,253,1
17147,1714.59,4,882,2011-11-17 12:32:00,2011-02-01 09:36:00,22,4,1714.59,4,4,4,12,Loyal,428.6475,289,0
17148,124.88,1,82,2011-10-19 09:59:00,2011-10-19 09:59:00,51,1,124.88,3,2,1,6,At Risk,124.88,0,0
17152,1689.5,3,517,2011-05-29 12:19:00,2011-03-21 16:20:00,194,3,1689.5,1,4,4,9,Potential Loyal,563.1666666666666,68,1
17153,213.78,1,104,2011-11-15 13:42:00,2011-11-15 13:42:00,23,1,213.78,4,2,1,7,Potential Loyal,213.78,0,0
17154,329.34,1,490,2011-09-25 13:42:00,2011-09-25 13:42:00,74,1,329.34,2,2,2,6,At Risk,329.34,0,0
17155,251.70000000000002,2,242,2011-11-22 12:38:00,2011-06-15 10:22:00,17,2,251.70000000000002,4,3,2,9,Potential Loyal,125.85000000000001,160,0
17157,319.0,2,172,2011-12-02 09:10:00,2011-06-16 15:08:00,7,2,319.0,5,3,2,10,Loyal,159.5,168,0
17158,1266.97,3,778,2011-11-07 15:15:00,2010-12-14 13:03:00,31,3,1266.97,4,4,4,12,Loyal,422.3233333333333,328,0
17159,1538.88,3,1111,2011-11-18 10:52:00,2011-06-21 09:49:00,21,3,1538.88,4,4,4,12,Loyal,512.96,150,0
17160,3518.03,6,2856,2011-11-08 14:05:00,2011-04-12 12:00:00,30,6,3518.03,4,5,5,14,VIP,586.3383333333334,210,0
17162,1715.46,10,1001,2011-11-11 11:34:00,2011-02-07 12:27:00,28,10,1715.46,4,5,4,13,VIP,171.546,276,0
17163,293.1,2,66,2011-11-18 08:57:00,2011-09-22 15:54:00,21,2,293.1,4,3,2,9,Potential Loyal,146.55,56,0
17164,2467.35,7,1501,2011-11-07 09:14:00,2011-03-11 14:26:00,32,7,2467.35,4,5,5,14,VIP,352.4785714285714,240,0
17165,158.68,1,100,2011-02-28 16:39:00,2011-02-28 16:39:00,283,1,158.68,1,2,1,4,Lost,158.68,0,1
17166,206.34,2,78,2011-11-01 09:46:00,2011-05-20 08:18:00,38,2,206.34,3,3,1,7,Potential Loyal,103.17,165,0
17169,835.78,2,526,2011-10-13 10:25:00,2011-06-09 13:16:00,57,2,835.78,3,3,3,9,Potential Loyal,417.89,125,0
17171,224.91,1,185,2011-02-23 16:37:00,2011-02-23 16:37:00,288,1,224.91,1,2,1,4,Lost,224.91,0,1
17172,317.76,1,480,2011-09-22 09:36:00,2011-09-22 09:36:00,78,1,317.76,2,2,2,6,At Risk,317.76,0,0
17173,3766.6,8,1122,2011-12-04 14:40:00,2011-07-31 15:26:00,4,8,3766.6,5,5,5,15,VIP,470.825,125,0
17174,59.9,1,41,2011-05-06 11:47:00,2011-05-06 11:47:00,217,1,59.9,1,2,1,4,Lost,59.9,0,1
17175,1443.69,4,866,2011-10-26 15:31:00,2011-02-16 14:56:00,43,4,1443.69,3,4,4,11,Loyal,360.9225,252,0
17176,306.13,1,170,2011-05-22 12:41:00,2011-05-22 12:41:00,201,1,306.13,1,2,2,5,At Risk,306.13,0,1
17179,711.79,3,290,2011-06-14 16:48:00,2010-12-13 14:24:00,177,3,711.79,2,4,3,9,Potential Loyal,237.26333333333332,183,1
17180,783.97,4,670,2011-10-14 15:46:00,2011-01-27 18:05:00,55,4,783.97,3,4,3,10,Loyal,195.9925,259,0
17181,239.92000000000002,2,241,2011-10-13 14:48:00,2010-12-01 12:38:00,56,2,239.92000000000002,3,3,1,7,Potential Loyal,119.96000000000001,316,0
17183,3347.31,6,1296,2011-12-02 10:07:00,2011-08-26 15:25:00,7,6,3347.31,5,5,5,15,VIP,557.885,97,0
17186,144.0,2,200,2011-10-24 10:20:00,2011-10-10 12:52:00,46,2,144.0,3,3,1,7,Potential Loyal,72.0,13,0
17187,203.95,1,144,2011-04-27 12:39:00,2011-04-27 12:39:00,226,1,203.95,1,2,1,4,Lost,203.95,0,1
17188,2474.23,7,1328,2011-11-28 13:53:00,2010-12-12 12:56:00,10,7,2474.23,5,5,5,15,VIP,353.4614285714286,351,0
17189,383.75,2,226,2011-08-25 19:39:00,2010-12-15 17:28:00,105,2,383.75,2,3,2,7,Potential Loyal,191.875,253,1
17190,444.74,2,161,2011-10-12 11:33:00,2011-05-16 15:29:00,58,2,444.74,3,3,2,8,Potential Loyal,222.37,148,0
17191,2093.68,7,1166,2011-11-11 16:58:00,2010-12-06 14:36:00,27,7,2093.68,4,5,5,14,VIP,299.09714285714284,340,0
17193,1699.3000000000002,7,1254,2011-11-04 12:47:00,2011-06-16 10:04:00,35,7,1699.3000000000002,3,5,4,12,Loyal,242.7571428571429,141,0
17194,262.62,2,119,2011-03-11 12:05:00,2010-12-14 12:06:00,273,2,262.62,1,3,2,6,At Risk,131.31,86,1
17197,1013.01,1,191,2011-11-10 10:32:00,2011-11-10 10:32:00,29,1,1013.01,4,2,4,10,Loyal,1013.01,0,0
17198,692.22,3,357,2011-11-16 10:39:00,2010-12-03 14:54:00,23,3,692.22,4,4,3,11,Loyal,230.74,347,0
17201,289.78,1,231,2011-10-17 11:55:00,2011-10-17 11:55:00,53,1,289.78,3,2,2,7,Potential Loyal,289.78,0,0
17203,3560.08,6,2846,2011-11-04 12:27:00,2011-10-10 14:37:00,35,6,3560.08,3,5,5,13,VIP,593.3466666666667,24,0
17204,1564.56,4,646,2011-06-17 14:46:00,2011-03-21 12:42:00,174,4,1564.56,2,4,4,10,Loyal,391.14,88,1
17205,384.08,1,884,2011-10-17 12:46:00,2011-10-17 12:46:00,53,1,384.08,3,2,2,7,Potential Loyal,384.08,0,0
17206,204.24,1,76,2011-10-17 13:25:00,2011-10-17 13:25:00,52,1,204.24,3,2,1,6,At Risk,204.24,0,0
17211,2317.2200000000003,8,1323,2011-11-13 12:03:00,2010-12-05 12:44:00,26,8,2317.2200000000003,4,5,5,14,VIP,289.65250000000003,342,0
17212,226.85,1,147,2011-03-31 19:42:00,2011-03-31 19:42:00,252,1,226.85,1,2,1,4,Lost,226.85,0,1
17213,2781.23,7,1176,2011-10-30 14:53:00,2010-12-08 13:03:00,39,7,2781.23,3,5,5,13,VIP,397.31857142857143,326,0
17214,1059.1200000000001,6,272,2011-10-10 13:17:00,2010-12-15 15:14:00,59,6,1059.1200000000001,3,5,4,12,Loyal,176.52,298,0
17217,113.5,1,24,2011-04-19 17:19:00,2011-04-19 17:19:00,233,1,113.5,1,2,1,4,Lost,113.5,0,1
17218,1951.97,10,955,2011-12-05 13:52:00,2010-12-06 15:25:00,3,10,1951.97,5,5,4,14,VIP,195.197,363,0
17219,114.23,1,89,2011-11-08 11:25:00,2011-11-08 11:25:00,31,1,114.23,4,2,1,7,Potential Loyal,114.23,0,0
17220,3187.55,14,1897,2011-11-15 13:47:00,2010-12-10 14:54:00,23,14,3187.55,4,5,5,14,VIP,227.68214285714288,339,0
17221,334.48,2,287,2011-12-02 13:35:00,2011-11-03 17:39:00,6,2,334.48,5,3,2,10,Loyal,167.24,28,0
17222,328.65,1,122,2011-10-05 13:58:00,2011-10-05 13:58:00,64,1,328.65,3,2,2,7,Potential Loyal,328.65,0,0
17223,416.89,2,110,2011-02-02 15:57:00,2010-12-06 14:08:00,309,2,416.89,1,3,2,6,At Risk,208.445,58,1
17226,393.49,1,406,2011-02-04 11:52:00,2011-02-04 11:52:00,308,1,393.49,1,2,2,5,At Risk,393.49,0,1
17227,939.32,6,741,2011-11-21 10:51:00,2010-12-06 11:16:00,18,6,939.32,4,5,4,13,VIP,156.55333333333334,349,0
17228,1906.09,8,1532,2011-11-24 10:24:00,2010-12-02 16:00:00,15,8,1906.09,4,5,4,13,VIP,238.26125,356,0
17229,318.76,2,185,2011-09-04 13:56:00,2011-07-20 12:38:00,95,2,318.76,2,3,2,7,Potential Loyal,159.38,46,1
17230,3638.41,8,1651,2011-03-20 16:12:00,2010-12-15 11:22:00,263,8,3638.41,1,5,5,11,Loyal,454.80125,95,1
17231,3124.72,10,1724,2011-11-27 15:18:00,2010-12-13 14:16:00,11,10,3124.72,5,5,5,15,VIP,312.472,349,0
17232,417.77,2,202,2011-12-07 12:21:00,2011-11-25 12:24:00,2,2,417.77,5,3,2,10,Loyal,208.885,11,0
17233,190.88,1,131,2011-11-04 14:06:00,2011-11-04 14:06:00,34,1,190.88,3,2,1,6,At Risk,190.88,0,0
17234,149.89000000000001,1,55,2011-06-10 11:20:00,2011-06-10 11:20:00,182,1,149.89000000000001,1,2,1,4,Lost,149.89000000000001,0,1
17235,550.06,2,224,2011-11-14 15:51:00,2010-12-02 13:38:00,24,2,550.06,4,3,3,10,Loyal,275.03,347,0
17236,916.13,6,474,2011-11-27 12:00:00,2010-12-12 11:49:00,12,6,916.13,5,5,3,13,VIP,152.68833333333333,350,0
17237,314.69,2,105,2011-11-28 15:02:00,2011-11-17 12:55:00,10,2,314.69,5,3,2,10,Loyal,157.345,11,0
17238,3719.1,17,1807,2011-12-07 11:35:00,2010-12-03 15:05:00,2,17,3719.1,5,5,5,15,VIP,218.7705882352941,368,0
17239,382.5,1,150,2011-01-31 09:41:00,2011-01-31 09:41:00,312,1,382.5,1,2,2,5,At Risk,382.5,0,1
17242,1135.04,2,611,2011-08-23 14:55:00,2011-06-12 13:04:00,107,2,1135.04,2,3,4,9,Potential Loyal,567.52,72,1
17243,8540.05,26,3320,2011-12-08 13:26:00,2010-12-05 10:03:00,0,26,8540.05,5,5,5,15,VIP,328.4634615384615,368,0
17244,954.9,1,616,2011-10-17 15:19:00,2011-10-17 15:19:00,52,1,954.9,3,2,4,9,Potential Loyal,954.9,0,0
17245,171.45,1,75,2011-05-19 10:43:00,2011-05-19 10:43:00,204,1,171.45,1,2,1,4,Lost,171.45,0,1
17247,280.09000000000003,1,105,2011-11-24 15:21:00,2011-11-24 15:21:00,14,1,280.09000000000003,4,2,2,8,Potential Loyal,280.09000000000003,0,0
17248,318.65,1,213,2011-08-11 13:34:00,2011-08-11 13:34:00,119,1,318.65,2,2,2,6,At Risk,318.65,0,1
17250,381.97,2,167,2011-12-06 12:15:00,2011-03-23 16:45:00,3,2,381.97,5,3,2,10,Loyal,190.985,257,0
17251,269.83,1,108,2010-12-12 11:06:00,2010-12-12 11:06:00,362,1,269.83,1,2,2,5,At Risk,269.83,0,1
17252,348.91,2,192,2011-08-15 09:45:00,2011-06-06 16:41:00,116,2,348.91,2,3,2,7,Potential Loyal,174.455,69,1
17253,178.26,1,43,2011-11-21 12:59:00,2011-11-21 12:59:00,17,1,178.26,4,2,1,7,Potential Loyal,178.26,0,0
17254,271.19,2,251,2011-12-05 12:46:00,2011-11-24 14:09:00,4,2,271.19,5,3,2,10,Loyal,135.595,10,0
17255,291.48,2,227,2011-10-30 12:18:00,2011-02-13 15:18:00,40,2,291.48,3,3,2,8,Potential Loyal,145.74,258,0
17256,240.0,2,141,2011-08-24 13:30:00,2011-01-31 14:53:00,106,2,240.0,2,3,1,6,At Risk,120.0,204,1
17259,581.23,2,388,2011-07-14 15:01:00,2010-12-06 12:55:00,147,2,581.23,2,3,3,8,Potential Loyal,290.615,220,1
17262,1253.3600000000001,5,367,2011-10-18 12:56:00,2010-12-08 13:30:00,51,5,1253.3600000000001,3,4,4,11,Loyal,250.67200000000003,313,0
17263,63.440000000000005,1,36,2011-05-15 14:32:00,2011-05-15 14:32:00,207,1,63.440000000000005,1,2,1,4,Lost,63.440000000000005,0,1
17265,550.01,2,389,2011-07-24 10:49:00,2011-06-12 12:00:00,138,2,550.01,2,3,3,8,Potential Loyal,275.005,41,1
17266,296.58,3,153,2011-12-07 14:12:00,2011-07-15 11:57:00,1,3,296.58,5,4,2,11,Loyal,98.86,145,0
17267,317.2,2,158,2011-08-04 17:22:00,2011-08-04 17:19:00,126,2,317.2,2,3,2,7,Potential Loyal,158.6,0,1
17268,763.64,4,844,2011-08-24 10:06:00,2011-04-08 13:20:00,107,4,763.64,2,4,3,9,Potential Loyal,190.91,137,1
17272,2148.63,4,1778,2011-10-28 16:37:00,2011-03-22 12:05:00,41,4,2148.63,3,4,5,12,Loyal,537.1575,220,0
17274,107.82,1,77,2011-11-04 13:16:00,2011-11-04 13:16:00,34,1,107.82,3,2,1,6,At Risk,107.82,0,0
17277,1065.3500000000001,2,430,2011-04-26 12:47:00,2011-01-21 12:37:00,227,2,1065.3500000000001,1,3,4,8,Potential Loyal,532.6750000000001,95,1
17278,246.04,1,179,2011-04-12 13:10:00,2011-04-12 13:10:00,240,1,246.04,1,2,1,4,Lost,246.04,0,1
17279,187.82999999999998,1,48,2011-10-13 11:58:00,2011-10-13 11:58:00,57,1,187.82999999999998,3,2,1,6,At Risk,187.82999999999998,0,0
17282,1685.46,3,1866,2011-08-01 14:29:00,2011-02-13 11:36:00,129,3,1685.46,2,4,4,10,Loyal,561.82,169,1
17284,1647.48,6,1362,2011-10-10 14:38:00,2011-01-07 14:31:00,59,6,1647.48,3,5,4,12,Loyal,274.58,276,0
17286,151.37,1,117,2011-11-18 12:47:00,2011-11-18 12:47:00,21,1,151.37,4,2,1,7,Potential Loyal,151.37,0,0
17287,1049.06,7,556,2011-11-13 13:27:00,2010-12-02 12:22:00,25,7,1049.06,4,5,4,13,VIP,149.8657142857143,346,0
17288,1417.63,7,1201,2011-11-30 16:09:00,2010-12-16 13:33:00,8,7,1417.63,5,5,4,14,VIP,202.51857142857145,349,0
17289,931.02,3,513,2011-11-08 12:01:00,2011-06-12 13:51:00,31,3,931.02,4,4,3,11,Loyal,310.34,148,0
17290,513.01,2,397,2011-12-06 12:38:00,2011-11-23 15:53:00,3,2,513.01,5,3,3,11,Loyal,256.505,12,0
17291,550.8000000000001,1,72,2011-02-04 13:04:00,2011-02-04 13:04:00,307,1,550.8000000000001,1,2,3,6,At Risk,550.8000000000001,0,1
17293,1854.06,9,1135,2011-12-01 14:37:00,2010-12-13 14:55:00,7,9,1854.06,5,5,4,14,VIP,206.00666666666666,352,0
17295,547.0,3,293,2011-11-11 10:49:00,2011-10-06 12:22:00,28,3,547.0,4,4,3,11,Loyal,182.33333333333334,35,0
17297,128.18,1,65,2011-11-22 14:43:00,2011-11-22 14:43:00,16,1,128.18,4,2,1,7,Potential Loyal,128.18,0,0
17298,498.42,2,387,2011-08-30 16:43:00,2011-08-07 12:21:00,100,2,498.42,2,3,3,8,Potential Loyal,249.21,23,1
17299,656.61,4,668,2011-11-28 12:01:00,2011-06-19 16:04:00,11,4,656.61,5,4,3,12,Loyal,164.1525,161,0
17301,163.24,1,137,2011-11-18 13:43:00,2011-11-18 13:43:00,20,1,163.24,4,2,1,7,Potential Loyal,163.24,0,0
17302,1135.63,5,575,2011-11-25 09:36:00,2011-02-07 10:14:00,14,5,1135.63,4,4,4,12,Loyal,227.12600000000003,290,0
17303,250.04,1,144,2010-12-13 13:32:00,2010-12-13 13:32:00,360,1,250.04,1,2,2,5,At Risk,250.04,0,1
17306,8631.31,19,11491,2011-11-29 12:14:00,2010-12-21 13:34:00,10,19,8631.31,5,5,5,15,VIP,454.2794736842105,342,0
17309,82.75,1,41,2011-09-05 15:20:00,2011-09-05 15:20:00,94,1,82.75,2,2,1,5,At Risk,82.75,0,1
17311,1384.85,2,1005,2011-09-22 14:11:00,2011-01-27 10:56:00,77,2,1384.85,2,3,4,9,Potential Loyal,692.425,238,0
17312,644.3,3,372,2011-07-24 11:52:00,2011-07-03 13:12:00,138,3,644.3,2,4,3,9,Potential Loyal,214.76666666666665,20,1
17313,2328.84,1,1402,2011-11-08 15:45:00,2011-11-08 15:45:00,30,1,2328.84,4,2,5,11,Loyal,2328.84,0,0
17314,2527.92,8,1896,2011-11-15 09:41:00,2011-01-31 11:25:00,24,8,2527.92,4,5,5,14,VIP,315.99,287,0
17315,6281.23,38,3863,2011-12-08 12:15:00,2010-12-17 12:24:00,1,38,6281.23,5,5,5,15,VIP,165.29552631578946,355,0
17317,2600.34,3,1146,2011-10-24 17:19:00,2011-09-11 12:45:00,45,3,2600.34,3,4,5,12,Loyal,866.7800000000001,43,0
17320,1200.6200000000001,3,634,2011-08-31 13:31:00,2010-12-06 15:38:00,99,3,1200.6200000000001,2,4,4,10,Loyal,400.2066666666667,267,1
17321,657.16,2,364,2011-12-01 13:41:00,2011-10-03 11:34:00,7,2,657.16,5,3,3,11,Loyal,328.58,59,0
17323,906.52,7,760,2011-11-24 17:29:00,2011-02-20 14:38:00,14,7,906.52,4,5,3,12,Loyal,129.50285714285715,277,0
17324,986.48,4,843,2011-11-22 10:34:00,2010-12-08 12:45:00,17,4,986.48,4,4,4,12,Loyal,246.62,348,0
17325,96.8,1,60,2011-03-04 13:09:00,2011-03-04 13:09:00,279,1,96.8,1,2,1,4,Lost,96.8,0,1
17329,523.11,2,142,2011-11-25 14:24:00,2011-01-28 15:29:00,13,2,523.11,4,3,3,10,Loyal,261.555,300,0
17330,363.9,2,120,2011-11-17 08:56:00,2011-10-03 11:26:00,22,2,363.9,4,3,2,9,Potential Loyal,181.95,44,0
17331,175.2,1,16,2011-08-08 11:55:00,2011-08-08 11:55:00,123,1,175.2,2,2,1,5,At Risk,175.2,0,1
17333,494.25,1,375,2011-09-15 10:11:00,2011-09-15 10:11:00,85,1,494.25,2,2,3,7,Potential Loyal,494.25,0,0
17334,307.02,2,315,2011-02-10 14:59:00,2011-02-04 09:03:00,301,2,307.02,1,3,2,6,At Risk,153.51,6,1
17337,1981.06,4,1247,2011-07-11 14:55:00,2011-02-02 17:06:00,150,4,1981.06,2,4,4,10,Loyal,495.265,158,1
17338,6493.54,8,3059,2011-11-22 14:23:00,2010-12-13 12:57:00,16,8,6493.54,4,5,5,14,VIP,811.6925,344,0
17339,243.36,2,152,2011-09-06 13:29:00,2010-12-09 14:44:00,93,2,243.36,2,3,1,6,At Risk,121.68,270,1
17340,12353.29,11,5967,2011-11-10 10:45:00,2010-12-08 15:56:00,29,11,12353.29,4,5,5,14,VIP,1123.0263636363636,336,0
17341,682.29,3,443,2011-07-06 12:33:00,2010-12-08 12:46:00,156,3,682.29,2,4,3,9,Potential Loyal,227.42999999999998,209,1
17343,193.64,1,56,2010-12-19 15:07:00,2010-12-19 15:07:00,354,1,193.64,1,2,1,4,Lost,193.64,0,1
17344,157.62,1,65,2011-10-24 12:56:00,2011-10-24 12:56:00,45,1,157.62,3,2,1,6,At Risk,157.62,0,0
17345,519.6899999999999,4,341,2011-11-24 15:03:00,2011-05-27 12:26:00,14,4,519.6899999999999,4,4,3,11,Loyal,129.92249999999999,181,0
17346,2622.88,15,1617,2011-12-06 12:18:00,2010-12-01 14:34:00,3,15,2622.88,5,5,5,15,VIP,174.85866666666666,369,0
17347,228.96,1,216,2011-09-14 13:12:00,2011-09-14 13:12:00,85,1,228.96,2,2,1,5,At Risk,228.96,0,0
17348,1156.6,5,1398,2011-11-25 11:25:00,2011-02-15 10:49:00,14,5,1156.6,4,4,4,12,Loyal,231.32,283,0
17349,98.25,1,102,2011-06-13 14:29:00,2011-06-13 14:29:00,178,1,98.25,2,2,1,5,At Risk,98.25,0,1
17350,1281.32,4,770,2011-12-01 15:47:00,2011-10-19 16:05:00,7,4,1281.32,5,4,4,13,VIP,320.33,42,0
17351,587.15,3,113,2011-11-03 18:45:00,2011-03-11 16:05:00,35,3,587.15,3,4,3,10,Loyal,195.71666666666667,237,0
17353,1740.0,2,1200,2011-08-02 17:19:00,2011-07-08 16:17:00,128,2,1740.0,2,3,4,9,Potential Loyal,870.0,25,1
17354,1393.06,1,1006,2011-10-20 10:34:00,2011-10-20 10:34:00,50,1,1393.06,3,2,4,9,Potential Loyal,1393.06,0,0
17356,178.22,1,166,2011-02-01 11:07:00,2011-02-01 11:07:00,311,1,178.22,1,2,1,4,Lost,178.22,0,1
17357,384.39,2,152,2011-11-15 16:30:00,2011-11-15 16:29:00,23,2,384.39,4,3,2,9,Potential Loyal,192.195,0,0
17358,360.81,2,190,2011-02-09 16:57:00,2010-12-19 14:16:00,302,2,360.81,1,3,2,6,At Risk,180.405,52,1
17359,127.86,1,161,2011-11-28 14:37:00,2011-11-28 14:37:00,10,1,127.86,5,2,1,8,Potential Loyal,127.86,0,0
17360,568.24,3,328,2011-11-22 13:11:00,2011-06-08 17:09:00,16,3,568.24,4,4,3,11,Loyal,189.41333333333333,166,0
17361,488.2,3,157,2011-10-21 15:43:00,2011-02-21 09:55:00,48,3,488.2,3,4,3,10,Loyal,162.73333333333332,242,0
17362,312.23,2,191,2011-04-14 14:43:00,2011-02-03 10:26:00,238,2,312.23,1,3,2,6,At Risk,156.115,70,1
17364,4462.68,11,2692,2011-12-09 09:00:00,2011-01-12 16:57:00,0,11,4462.68,5,5,5,15,VIP,405.69818181818187,330,0
17365,4767.36,8,4749,2011-11-27 12:13:00,2011-01-11 12:11:00,12,8,4767.36,5,5,5,15,VIP,595.92,320,0
17367,167.55,1,149,2011-04-15 14:21:00,2011-04-15 14:21:00,237,1,167.55,1,2,1,4,Lost,167.55,0,1
17368,1878.87,8,1377,2011-11-16 15:26:00,2011-01-06 11:57:00,22,8,1878.87,4,5,4,13,VIP,234.85875,314,0
17370,446.18,4,540,2011-09-28 10:14:00,2011-06-23 11:50:00,72,4,446.18,2,4,2,8,Potential Loyal,111.545,96,0
17371,418.4,3,151,2011-11-22 13:30:00,2010-12-13 15:20:00,16,3,418.4,4,4,2,10,Loyal,139.46666666666667,343,0
17372,1337.18,8,747,2011-10-30 11:37:00,2010-12-12 12:00:00,40,8,1337.18,3,5,4,12,Loyal,167.1475,321,0
17373,646.92,4,408,2011-10-30 15:28:00,2011-01-31 11:46:00,39,4,646.92,3,4,3,10,Loyal,161.73,272,0
17374,495.77,2,85,2011-05-05 09:05:00,2011-03-03 12:53:00,218,2,495.77,1,3,3,7,Potential Loyal,247.885,62,1
17375,400.1,3,367,2011-05-24 15:45:00,2010-12-13 15:16:00,198,3,400.1,1,4,2,7,Potential Loyal,133.36666666666667,162,1
17376,203.2,2,86,2011-09-30 12:36:00,2011-02-01 14:12:00,70,2,203.2,3,3,1,7,Potential Loyal,101.6,240,0
17377,4058.32,20,2038,2011-11-16 11:17:00,2010-12-01 12:35:00,23,20,4058.32,4,5,5,14,VIP,202.916,349,0
17379,389.71999999999997,1,623,2011-11-28 13:56:00,2011-11-28 13:56:00,10,1,389.71999999999997,5,2,2,9,Potential Loyal,389.71999999999997,0,0
17381,20275.61,29,25649,2011-12-01 11:59:00,2010-12-02 12:58:00,8,29,20275.61,5,5,5,15,VIP,699.1589655172414,363,0
17382,65.4,1,25,2011-10-05 13:05:00,2011-10-05 13:05:00,64,1,65.4,3,2,1,6,At Risk,65.4,0,0
17383,193.39000000000001,1,148,2011-12-05 17:36:00,2011-12-05 17:36:00,3,1,193.39000000000001,5,2,1,8,Potential Loyal,193.39000000000001,0,0
17384,336.4,2,88,2011-11-20 15:48:00,2011-05-04 16:07:00,18,2,336.4,4,3,2,9,Potential Loyal,168.2,199,0
17385,256.11,1,197,2011-11-25 11:02:00,2011-11-25 11:02:00,14,1,256.11,4,2,2,8,Potential Loyal,256.11,0,0
17386,2686.42,6,1902,2011-12-02 11:28:00,2011-06-27 12:11:00,7,6,2686.42,5,5,5,15,VIP,447.7366666666667,157,0
17387,746.81,2,522,2011-11-20 11:00:00,2011-11-06 11:25:00,19,2,746.81,4,3,3,10,Loyal,373.405,13,0
17388,1259.56,4,1068,2011-09-23 10:31:00,2011-02-25 12:28:00,77,4,1259.56,2,4,4,10,Loyal,314.89,209,0
17389,31833.68,34,7612,2011-12-09 09:38:00,2011-01-12 15:48:00,0,34,31833.68,5,5,5,15,VIP,936.2847058823529,330,0
17391,508.8,2,480,2011-06-29 09:58:00,2011-06-28 12:21:00,163,2,508.8,2,3,3,8,Potential Loyal,254.4,0,1
17392,417.27,2,277,2011-02-06 12:48:00,2010-12-16 19:04:00,306,2,417.27,1,3,2,6,At Risk,208.635,51,1
17394,203.86999999999998,1,241,2011-05-04 13:22:00,2011-05-04 13:22:00,218,1,203.86999999999998,1,2,1,4,Lost,203.86999999999998,0,1
17396,7330.8,8,2005,2011-10-31 14:12:00,2010-12-03 09:45:00,38,8,7330.8,3,5,5,13,VIP,916.35,332,0
17397,681.41,2,250,2011-11-17 14:08:00,2011-11-17 13:58:00,21,2,681.41,4,3,3,10,Loyal,340.705,0,0
17398,653.38,3,310,2011-08-17 09:48:00,2011-03-29 13:04:00,114,3,653.38,2,4,3,9,Potential Loyal,217.79333333333332,140,1
17400,2097.84,5,1088,2011-08-05 15:38:00,2010-12-21 17:16:00,125,5,2097.84,2,4,5,11,Loyal,419.56800000000004,226,1
17402,2633.85,13,701,2011-12-05 10:15:00,2010-12-05 13:53:00,4,13,2633.85,5,5,5,15,VIP,202.60384615384615,364,0
17403,263.92,1,111,2011-11-03 15:18:00,2011-11-03 15:18:00,35,1,263.92,3,2,2,7,Potential Loyal,263.92,0,0
17404,31906.82,15,32748,2011-12-05 16:26:00,2010-12-14 13:28:00,3,15,31906.82,5,5,5,15,VIP,2127.1213333333335,356,0
17405,1031.41,3,726,2011-12-08 17:12:00,2011-07-12 14:17:00,0,3,1031.41,5,4,4,13,VIP,343.80333333333334,149,0
17406,2184.42,3,780,2011-01-10 15:07:00,2010-12-08 10:35:00,332,3,2184.42,1,4,5,10,Loyal,728.14,33,1
17408,32.65,1,3,2011-06-29 12:53:00,2011-06-29 12:53:00,162,1,32.65,2,2,1,5,At Risk,32.65,0,1
17409,771.85,2,105,2011-06-08 10:36:00,2011-04-05 16:42:00,184,2,771.85,1,3,3,7,Potential Loyal,385.925,63,1
17410,1214.72,5,616,2011-11-23 15:46:00,2011-05-08 15:21:00,15,5,1214.72,4,4,4,12,Loyal,242.94400000000002,199,0
17411,778.94,3,306,2011-11-27 14:25:00,2011-03-23 13:44:00,11,3,778.94,5,4,3,12,Loyal,259.6466666666667,249,0
17412,1258.06,7,738,2011-12-07 11:36:00,2010-12-02 16:29:00,2,7,1258.06,5,5,4,14,VIP,179.72285714285712,369,0
17414,778.0,2,2100,2011-10-27 12:13:00,2011-06-08 11:43:00,43,2,778.0,3,3,3,9,Potential Loyal,389.0,141,0
17415,507.84,1,114,2011-09-21 12:50:00,2011-09-21 12:50:00,79,1,507.84,2,2,3,7,Potential Loyal,507.84,0,0
17416,6893.42,7,4302,2011-11-10 12:47:00,2011-03-03 13:45:00,29,7,6893.42,4,5,5,14,VIP,984.7742857142857,251,0
17418,463.46000000000004,2,289,2011-10-28 13:00:00,2011-01-20 11:39:00,41,2,463.46000000000004,3,3,2,8,Potential Loyal,231.73000000000002,281,0
17419,4226.57,12,1876,2011-11-28 13:47:00,2010-12-07 15:03:00,10,12,4226.57,5,5,5,15,VIP,352.21416666666664,355,0
17420,598.83,3,265,2011-10-20 14:52:00,2010-12-01 09:56:00,49,3,598.83,3,4,3,10,Loyal,199.61,323,0
17422,1979.37,6,2253,2011-11-23 13:27:00,2011-02-16 14:44:00,15,6,1979.37,4,5,4,13,VIP,329.895,279,0
17423,698.41,2,459,2011-10-24 13:36:00,2011-05-06 09:14:00,45,2,698.41,3,3,3,9,Potential Loyal,349.205,171,0
17425,759.17,2,407,2011-11-20 15:30:00,2011-10-10 11:37:00,18,2,759.17,4,3,3,10,Loyal,379.585,41,0
17426,5037.26,6,3094,2011-12-01 18:07:00,2011-03-02 16:34:00,7,6,5037.26,5,5,5,15,VIP,839.5433333333334,274,0
17427,100.8,1,34,2011-09-29 11:29:00,2011-09-29 11:29:00,71,1,100.8,3,2,1,6,At Risk,100.8,0,0
17428,17256.85,28,9474,2011-12-09 09:45:00,2010-12-06 09:37:00,0,28,17256.85,5,5,5,15,VIP,616.3160714285714,368,0
17429,524.9200000000001,3,624,2011-08-03 13:22:00,2011-05-05 09:53:00,127,3,524.9200000000001,2,4,3,9,Potential Loyal,174.97333333333336,90,1
17430,265.76,2,190,2011-11-07 09:24:00,2010-12-09 13:05:00,32,2,265.76,4,3,2,9,Potential Loyal,132.88,332,0
17431,403.3,1,292,2011-01-30 14:36:00,2011-01-30 14:36:00,312,1,403.3,1,2,2,5,At Risk,403.3,0,1
17432,365.76,2,207,2011-11-21 17:33:00,2011-11-02 17:30:00,17,2,365.76,4,3,2,9,Potential Loyal,182.88,19,0
17433,303.15999999999997,1,185,2011-09-12 14:24:00,2011-09-12 14:24:00,87,1,303.15999999999997,2,2,2,6,At Risk,303.15999999999997,0,0
17434,2373.82,7,1693,2011-12-07 13:16:00,2011-09-15 13:54:00,1,7,2373.82,5,5,5,15,VIP,339.1171428571429,82,0
17436,216.29999999999998,2,90,2011-12-08 12:30:00,2011-04-27 11:33:00,1,2,216.29999999999998,5,3,1,9,Potential Loyal,108.14999999999999,225,0
17438,388.45000000000005,1,103,2011-03-31 10:26:00,2011-03-31 10:26:00,253,1,388.45000000000005,1,2,2,5,At Risk,388.45000000000005,0,1
17440,186.42000000000002,3,246,2011-07-06 11:54:00,2011-04-06 12:05:00,156,3,186.42000000000002,2,4,1,7,Potential Loyal,62.14000000000001,90,1
17442,2248.56,6,1496,2011-11-03 09:17:00,2011-02-22 13:02:00,36,6,2248.56,3,5,5,13,VIP,374.76,253,0
17443,534.24,1,504,2011-05-04 10:47:00,2011-05-04 10:47:00,219,1,534.24,1,2,3,6,At Risk,534.24,0,1
17444,2940.04,3,2119,2011-07-15 12:05:00,2011-06-20 09:04:00,147,3,2940.04,2,4,5,11,Loyal,980.0133333333333,25,1
17446,120.9,2,198,2011-06-16 10:42:00,2011-02-02 14:40:00,176,2,120.9,2,3,1,6,At Risk,60.45,133,1
17447,541.53,2,443,2011-10-30 14:18:00,2011-09-29 10:10:00,39,2,541.53,3,3,3,9,Potential Loyal,270.765,31,0
17449,2519.21,7,1121,2011-12-07 16:56:00,2010-12-15 10:57:00,1,7,2519.21,5,5,5,15,VIP,359.88714285714286,357,0
17450,194390.79,46,69973,2011-12-01 13:29:00,2010-12-07 09:23:00,7,46,194390.79,5,5,5,15,VIP,4225.886739130435,359,0
17451,1721.4,7,1203,2011-12-08 15:02:00,2011-08-26 11:54:00,0,7,1721.4,5,5,4,14,VIP,245.91428571428574,104,0
17453,486.71999999999997,2,219,2011-11-22 09:42:00,2011-10-06 17:02:00,17,2,486.71999999999997,4,3,2,9,Potential Loyal,243.35999999999999,46,0
17454,517.53,4,243,2011-05-31 13:58:00,2010-12-15 10:54:00,191,4,517.53,1,4,3,8,Potential Loyal,129.3825,167,1
17455,131.7,1,66,2011-05-20 12:31:00,2011-05-20 12:31:00,203,1,131.7,1,2,1,4,Lost,131.7,0,1
17456,249.86,1,222,2010-12-09 15:23:00,2010-12-09 15:23:00,364,1,249.86,1,2,2,5,At Risk,249.86,0,1
17457,1737.7,5,826,2011-08-05 12:48:00,2011-01-04 14:33:00,126,5,1737.7,2,4,4,10,Loyal,347.54,212,1
17458,316.5,1,170,2011-11-24 13:01:00,2011-11-24 13:01:00,14,1,316.5,4,2,2,8,Potential Loyal,316.5,0,0
17459,657.3,2,537,2011-10-27 13:25:00,2011-10-10 17:00:00,42,2,657.3,3,3,3,9,Potential Loyal,328.65,16,0
17460,622.4300000000001,6,236,2011-09-06 15:04:00,2010-12-01 16:24:00,93,6,622.4300000000001,2,5,3,10,Loyal,103.73833333333334,278,1
17461,735.82,3,770,2011-11-17 10:21:00,2011-11-10 12:01:00,22,3,735.82,4,4,3,11,Loyal,245.27333333333334,6,0
17462,675.69,2,227,2011-10-10 13:56:00,2011-02-28 17:01:00,59,2,675.69,3,3,3,9,Potential Loyal,337.845,223,0
17463,1875.86,5,1086,2011-11-23 13:40:00,2011-01-30 15:48:00,15,5,1875.86,4,4,4,12,Loyal,375.17199999999997,296,0
17464,289.96000000000004,1,220,2011-07-04 13:19:00,2011-07-04 13:19:00,157,1,289.96000000000004,2,2,2,6,At Risk,289.96000000000004,0,1
17466,763.28,2,306,2011-11-29 13:15:00,2011-09-22 09:16:00,9,2,763.28,5,3,3,11,Loyal,381.64,68,0
17468,137.0,2,116,2011-11-29 15:33:00,2011-11-25 12:52:00,9,2,137.0,5,3,1,9,Potential Loyal,68.5,4,0
17469,1870.97,5,787,2011-11-23 13:15:00,2011-05-19 08:55:00,15,5,1870.97,4,4,4,12,Loyal,374.194,188,0
17470,1125.07,5,1675,2011-10-26 12:42:00,2010-12-07 09:57:00,44,5,1125.07,3,4,4,11,Loyal,225.01399999999998,323,0
17472,697.54,3,455,2011-06-01 14:57:00,2011-02-13 14:40:00,190,3,697.54,1,4,3,8,Potential Loyal,232.51333333333332,108,1
17475,194.37,1,178,2011-09-21 14:55:00,2011-09-21 14:55:00,78,1,194.37,2,2,1,5,At Risk,194.37,0,0
17480,511.82,1,338,2011-09-23 11:39:00,2011-09-23 11:39:00,77,1,511.82,2,2,3,7,Potential Loyal,511.82,0,0
17481,1255.59,4,1061,2011-12-06 12:28:00,2011-09-07 09:57:00,3,4,1255.59,5,4,4,13,VIP,313.8975,90,0
17483,414.04,3,191,2011-10-05 13:10:00,2011-06-09 19:40:00,64,3,414.04,3,4,2,9,Potential Loyal,138.01333333333335,117,0
17486,396.87,1,191,2011-03-23 14:00:00,2011-03-23 14:00:00,260,1,396.87,1,2,2,5,At Risk,396.87,0,1
17489,376.64,2,428,2011-10-12 08:56:00,2011-05-11 11:34:00,58,2,376.64,3,3,2,8,Potential Loyal,188.32,153,0
17490,2092.32,7,1134,2011-12-09 09:08:00,2011-06-16 09:15:00,0,7,2092.32,5,5,5,15,VIP,298.90285714285716,175,0
17491,3558.87,10,2013,2011-12-08 16:18:00,2010-12-07 12:18:00,0,10,3558.87,5,5,5,15,VIP,355.887,366,0
17492,374.57,1,155,2011-04-05 15:21:00,2011-04-05 15:21:00,247,1,374.57,1,2,2,5,At Risk,374.57,0,1
17495,497.56,2,229,2011-12-02 12:08:00,2011-11-01 12:06:00,7,2,497.56,5,3,3,11,Loyal,248.78,31,0
17496,271.05,1,79,2010-12-16 08:39:00,2010-12-16 08:39:00,358,1,271.05,1,2,2,5,At Risk,271.05,0,1
17498,272.22,1,394,2011-09-25 12:25:00,2011-09-25 12:25:00,75,1,272.22,2,2,2,6,At Risk,272.22,0,0
17499,622.88,1,711,2011-02-23 09:14:00,2011-02-23 09:14:00,289,1,622.88,1,2,3,6,At Risk,622.88,0,1
17500,1138.0,3,17,2011-11-22 14:25:00,2011-11-10 09:08:00,16,3,1138.0,4,4,4,12,Loyal,379.3333333333333,12,0
17501,288.6,2,160,2011-05-03 09:47:00,2011-05-03 09:46:00,220,2,288.6,1,3,2,6,At Risk,144.3,0,1
17502,689.1,4,376,2011-11-30 13:13:00,2011-11-10 16:39:00,8,4,689.1,5,4,3,12,Loyal,172.275,19,0
17503,558.96,2,486,2011-12-07 09:18:00,2011-11-01 11:12:00,2,2,558.96,5,3,3,11,Loyal,279.48,35,0
17504,2997.0299999999997,9,1664,2011-05-17 12:59:00,2011-01-21 11:09:00,205,9,2997.0299999999997,1,5,5,11,Loyal,333.00333333333333,116,1
17505,1145.84,2,556,2011-07-01 12:50:00,2011-05-18 09:01:00,161,2,1145.84,2,3,4,9,Potential Loyal,572.92,44,1
17506,302.2,1,139,2011-09-25 11:39:00,2011-09-25 11:39:00,75,1,302.2,2,2,2,6,At Risk,302.2,0,0
17507,605.58,2,359,2011-03-23 11:48:00,2011-02-03 18:08:00,261,2,605.58,1,3,3,7,Potential Loyal,302.79,47,1
17508,387.31,1,289,2011-03-04 08:10:00,2011-03-04 08:10:00,280,1,387.31,1,2,2,5,At Risk,387.31,0,1
17509,6083.64,8,3512,2011-10-13 10:26:00,2011-10-07 13:14:00,57,8,6083.64,3,5,5,13,VIP,760.455,5,0
17510,308.48,1,214,2011-11-15 10:00:00,2011-11-15 10:00:00,24,1,308.48,4,2,2,8,Potential Loyal,308.48,0,0
17511,91062.38,31,64549,2011-12-07 10:12:00,2010-12-01 10:19:00,2,31,91062.38,5,5,5,15,VIP,2937.496129032258,370,0
17512,2924.9900000000002,10,2753,2011-11-11 12:11:00,2011-02-11 12:22:00,28,10,2924.9900000000002,4,5,5,14,VIP,292.499,272,0
17513,513.2,1,254,2011-09-28 16:42:00,2011-09-28 16:42:00,71,1,513.2,3,2,3,8,Potential Loyal,513.2,0,0
17514,208.65,1,135,2011-08-03 15:45:00,2011-08-03 15:45:00,127,1,208.65,2,2,1,5,At Risk,208.65,0,1
17515,639.02,4,243,2011-11-08 14:04:00,2011-01-25 14:33:00,30,4,639.02,4,4,3,11,Loyal,159.755,286,0
17516,764.88,5,414,2011-11-24 16:51:00,2011-02-27 12:41:00,14,5,764.88,4,4,3,11,Loyal,152.976,270,0
17517,153.94,1,102,2011-02-04 11:48:00,2011-02-04 11:48:00,308,1,153.94,1,2,1,4,Lost,153.94,0,1
17519,1844.02,6,1236,2011-11-22 16:43:00,2010-12-06 15:18:00,16,6,1844.02,4,5,4,13,VIP,307.33666666666664,351,0
17520,546.81,1,365,2011-10-17 12:04:00,2011-10-17 12:04:00,53,1,546.81,3,2,3,8,Potential Loyal,546.81,0,0
17521,723.2099999999999,3,519,2011-11-10 11:22:00,2011-05-24 15:14:00,29,3,723.2099999999999,4,4,3,11,Loyal,241.06999999999996,169,0
17522,1070.71,5,1034,2011-12-08 12:31:00,2011-05-05 16:31:00,1,5,1070.71,5,4,4,13,VIP,214.142,216,0
17523,652.74,4,872,2011-11-28 13:20:00,2011-11-20 13:40:00,10,4,652.74,5,4,3,12,Loyal,163.185,7,0
17524,145.0,1,90,2010-12-13 14:32:00,2010-12-13 14:32:00,360,1,145.0,1,2,1,4,Lost,145.0,0,1
17525,422.70000000000005,1,82,2010-12-15 12:05:00,2010-12-15 12:05:00,359,1,422.70000000000005,1,2,2,5,At Risk,422.70000000000005,0,1
17526,1195.8999999999999,4,310,2011-12-05 11:05:00,2010-12-09 12:20:00,4,4,1195.8999999999999,5,4,4,13,VIP,298.97499999999997,360,0
17527,939.37,4,488,2011-10-17 12:32:00,2011-05-05 13:43:00,53,4,939.37,3,4,4,11,Loyal,234.8425,164,0
17528,3628.5,8,2138,2011-12-08 13:27:00,2011-09-29 13:04:00,0,8,3628.5,5,5,5,15,VIP,453.5625,70,0
17530,2367.12,10,1514,2011-12-08 18:42:00,2010-12-09 20:01:00,0,10,2367.12,5,5,5,15,VIP,236.712,363,0
17531,296.7,1,136,2011-06-02 19:17:00,2011-06-02 19:17:00,189,1,296.7,1,2,2,5,At Risk,296.7,0,1
17534,223.36,1,103,2011-10-17 12:47:00,2011-10-17 12:47:00,53,1,223.36,3,2,1,6,At Risk,223.36,0,0
17535,164.4,1,136,2011-03-04 15:20:00,2011-03-04 15:20:00,279,1,164.4,1,2,1,4,Lost,164.4,0,1
17536,76.5,1,6,2011-06-15 13:23:00,2011-06-15 13:23:00,176,1,76.5,2,2,1,5,At Risk,76.5,0,1
17537,887.67,2,699,2011-11-10 10:56:00,2011-02-09 13:37:00,29,2,887.67,4,3,3,10,Loyal,443.835,273,0
17538,98.42,1,134,2011-11-14 12:12:00,2011-11-14 12:12:00,25,1,98.42,4,2,1,7,Potential Loyal,98.42,0,0
17540,578.9,2,194,2011-11-15 11:56:00,2011-01-27 14:35:00,24,2,578.9,4,3,3,10,Loyal,289.45,291,0
17542,170.75,1,134,2011-03-15 11:45:00,2011-03-15 11:45:00,269,1,170.75,1,2,1,4,Lost,170.75,0,1
17545,642.32,3,337,2011-10-27 14:04:00,2011-10-27 13:48:00,42,3,642.32,3,4,3,10,Loyal,214.10666666666668,0,0
17548,103.3,1,58,2011-04-20 12:01:00,2011-04-20 12:01:00,233,1,103.3,1,2,1,4,Lost,103.3,0,1
17549,148.86,2,210,2011-11-16 09:59:00,2011-10-19 10:05:00,23,2,148.86,4,3,1,8,Potential Loyal,74.43,27,0
17550,267.16,3,86,2011-05-26 14:09:00,2011-04-10 15:19:00,196,3,267.16,1,4,2,7,Potential Loyal,89.05333333333334,45,1
17551,290.34,1,142,2010-12-15 14:12:00,2010-12-15 14:12:00,358,1,290.34,1,2,2,5,At Risk,290.34,0,1
17552,930.41,4,719,2011-10-10 17:00:00,2010-12-02 18:45:00,59,4,930.41,3,4,3,10,Loyal,232.6025,311,0
17553,1487.6,1,1048,2011-08-02 10:00:00,2011-08-02 10:00:00,129,1,1487.6,2,2,4,8,Potential Loyal,1487.6,0,1
17554,1952.45,5,1763,2011-12-08 14:15:00,2011-07-14 20:01:00,0,5,1952.45,5,4,4,13,VIP,390.49,146,0
17555,480.31,2,348,2011-11-20 12:22:00,2011-01-09 12:31:00,19,2,480.31,4,3,2,9,Potential Loyal,240.155,314,0
17556,157.9,1,101,2011-05-18 10:48:00,2011-05-18 10:48:00,205,1,157.9,1,2,1,4,Lost,157.9,0,1
17557,541.46,3,306,2011-11-25 12:57:00,2011-09-19 14:23:00,13,3,541.46,4,4,3,11,Loyal,180.48666666666668,66,0
17560,854.95,4,635,2011-09-06 09:18:00,2011-02-02 11:14:00,94,4,854.95,2,4,3,9,Potential Loyal,213.7375,215,1
17561,165.12,1,144,2011-11-20 12:53:00,2011-11-20 12:53:00,18,1,165.12,4,2,1,7,Potential Loyal,165.12,0,0
17562,1122.38,7,817,2011-11-25 14:21:00,2011-06-19 13:06:00,13,7,1122.38,4,5,4,13,VIP,160.34,159,0
17564,454.01,3,146,2011-11-15 13:27:00,2011-09-20 14:00:00,23,3,454.01,4,4,2,10,Loyal,151.33666666666667,55,0
17566,869.77,2,497,2011-12-01 19:54:00,2011-11-14 13:42:00,7,2,869.77,5,3,3,11,Loyal,434.885,17,0
17567,4331.48,8,2632,2011-12-02 15:48:00,2010-12-02 15:18:00,6,8,4331.48,5,5,5,15,VIP,541.435,365,0
17569,344.14,1,159,2011-01-11 14:15:00,2011-01-11 14:15:00,331,1,344.14,1,2,2,5,At Risk,344.14,0,1
17571,1425.67,4,876,2011-10-20 15:57:00,2011-02-14 15:15:00,49,4,1425.67,3,4,4,11,Loyal,356.4175,248,0
17572,226.75000000000003,4,95,2011-09-29 17:53:00,2010-12-01 12:51:00,70,4,226.75000000000003,3,4,1,8,Potential Loyal,56.68750000000001,302,0
17573,380.6,3,308,2011-11-10 13:01:00,2011-09-07 10:36:00,28,3,380.6,4,4,2,10,Loyal,126.86666666666667,64,0
17574,185.65,1,77,2011-04-11 09:47:00,2011-04-11 09:47:00,242,1,185.65,1,2,1,4,Lost,185.65,0,1
17576,3564.83,19,1967,2011-12-01 17:56:00,2010-12-09 16:57:00,7,19,3564.83,5,5,5,15,VIP,187.62263157894736,357,0
17578,143.45999999999998,1,138,2011-05-05 18:38:00,2011-05-05 18:38:00,217,1,143.45999999999998,1,2,1,4,Lost,143.45999999999998,0,1
17579,448.90000000000003,3,258,2011-12-05 12:28:00,2011-06-13 14:12:00,4,3,448.90000000000003,5,4,2,11,Loyal,149.63333333333335,174,0
17580,215.72,3,88,2011-04-01 12:41:00,2010-12-16 15:27:00,252,3,215.72,1,4,1,6,At Risk,71.90666666666667,105,1
17581,11025.24,25,5915,2011-12-09 12:21:00,2010-12-02 14:47:00,0,25,11025.24,5,5,5,15,VIP,441.0096,371,0
17582,175.27,1,123,2011-04-17 13:18:00,2011-04-17 13:18:00,235,1,175.27,1,2,1,4,Lost,175.27,0,1
17584,1242.3,2,458,2011-12-02 17:12:00,2011-08-04 14:12:00,6,2,1242.3,5,3,4,12,Loyal,621.15,120,0
17585,1116.68,4,1650,2011-08-22 13:30:00,2011-01-05 15:09:00,108,4,1116.68,2,4,4,10,Loyal,279.17,228,1
17588,1240.2,3,676,2011-08-31 13:37:00,2011-04-21 10:31:00,99,3,1240.2,2,4,4,10,Loyal,413.40000000000003,132,1
17589,2404.17,4,1631,2011-10-10 16:58:00,2011-04-13 13:47:00,59,4,2404.17,3,4,5,12,Loyal,601.0425,180,0
17590,1468.02,3,822,2011-12-07 12:55:00,2011-10-30 14:05:00,1,3,1468.02,5,4,4,13,VIP,489.34,37,0
17591,2203.67,7,1000,2011-09-27 13:42:00,2010-12-07 15:39:00,72,7,2203.67,2,5,5,12,Loyal,314.81,293,0
17593,3923.86,5,3089,2011-12-06 10:30:00,2010-12-22 10:29:00,3,5,3923.86,5,4,5,14,VIP,784.772,349,0
17594,993.18,2,550,2011-09-15 16:34:00,2011-03-30 10:32:00,84,2,993.18,2,3,4,9,Potential Loyal,496.59,169,0
17595,386.69,2,228,2011-11-27 16:08:00,2011-11-02 16:19:00,11,2,386.69,5,3,2,10,Loyal,193.345,24,0
17596,2806.69,7,4376,2011-11-16 14:11:00,2010-12-06 12:34:00,22,7,2806.69,4,5,5,14,VIP,400.9557142857143,345,0
17597,2044.3700000000001,1,1176,2011-05-10 11:54:00,2011-05-10 11:54:00,213,1,2044.3700000000001,1,2,4,7,Potential Loyal,2044.3700000000001,0,1
17600,161.67000000000002,1,144,2011-11-22 09:43:00,2011-11-22 09:43:00,17,1,161.67000000000002,4,2,1,7,Potential Loyal,161.67000000000002,0,0
17601,116.00999999999999,1,103,2011-04-14 18:02:00,2011-04-14 18:02:00,238,1,116.00999999999999,1,2,1,4,Lost,116.00999999999999,0,1
17602,5054.42,6,4116,2011-12-07 13:53:00,2011-01-19 16:18:00,1,6,5054.42,5,5,5,15,VIP,842.4033333333333,321,0
17603,394.72,1,74,2011-09-22 14:18:00,2011-09-22 14:18:00,77,1,394.72,2,2,2,6,At Risk,394.72,0,0
17604,309.36,2,169,2011-05-06 13:43:00,2011-01-31 15:09:00,216,2,309.36,1,3,2,6,At Risk,154.68,94,1
17608,191.99,2,229,2011-11-06 13:06:00,2011-11-06 13:00:00,32,2,191.99,4,3,1,8,Potential Loyal,95.995,0,0
17609,1105.78,5,719,2011-10-30 12:28:00,2011-01-16 16:23:00,40,5,1105.78,3,4,4,11,Loyal,221.156,286,0
17611,3961.12,15,2550,2011-12-02 13:29:00,2010-12-13 13:52:00,6,15,3961.12,5,5,5,15,VIP,264.07466666666664,353,0
17612,2048.45,6,1808,2011-10-17 14:59:00,2011-02-15 10:40:00,52,6,2048.45,3,5,4,12,Loyal,341.4083333333333,244,0
17613,4544.55,14,2490,2011-11-17 10:51:00,2011-02-07 11:20:00,22,14,4544.55,4,5,5,14,VIP,324.6107142857143,282,0
17614,386.32,1,235,2011-10-13 16:01:00,2011-10-13 16:01:00,56,1,386.32,3,2,2,7,Potential Loyal,386.32,0,0
17615,329.6,3,140,2011-08-01 14:06:00,2011-05-01 15:33:00,129,3,329.6,2,4,2,8,Potential Loyal,109.86666666666667,91,1
17616,571.1999999999999,3,224,2011-06-19 10:11:00,2010-12-07 10:04:00,173,3,571.1999999999999,2,4,3,9,Potential Loyal,190.39999999999998,194,1
17618,930.28,3,319,2011-12-04 11:50:00,2010-12-12 16:05:00,5,3,930.28,5,4,3,12,Loyal,310.0933333333333,356,0
17619,214.37,1,124,2011-01-31 14:18:00,2011-01-31 14:18:00,311,1,214.37,1,2,1,4,Lost,214.37,0,1
17620,81.44,1,60,2011-10-11 12:08:00,2011-10-11 12:08:00,59,1,81.44,3,2,1,6,At Risk,81.44,0,0
17621,1379.9,3,514,2011-11-18 17:11:00,2010-12-20 13:31:00,20,3,1379.9,4,4,4,12,Loyal,459.9666666666667,333,0
17623,527.0500000000001,1,265,2011-11-07 11:32:00,2011-11-07 11:32:00,32,1,527.0500000000001,4,2,3,9,Potential Loyal,527.0500000000001,0,0
17624,843.48,2,554,2011-11-25 10:52:00,2011-05-05 17:59:00,14,2,843.48,4,3,3,10,Loyal,421.74,203,0
17625,2020.4,4,1180,2011-11-21 13:36:00,2011-03-27 12:21:00,17,4,2020.4,4,4,4,12,Loyal,505.1,239,0
17628,75.75,1,79,2011-09-19 15:21:00,2011-09-19 15:21:00,80,1,75.75,2,2,1,5,At Risk,75.75,0,0
17629,1814.12,8,1629,2011-12-04 10:56:00,2010-12-15 09:58:00,5,8,1814.12,5,5,4,14,VIP,226.765,354,0
17630,503.59999999999997,2,158,2011-06-23 11:58:00,2011-04-21 14:03:00,169,2,503.59999999999997,2,3,3,8,Potential Loyal,251.79999999999998,62,1
17631,528.33,3,334,2011-12-08 09:47:00,2011-04-21 13:22:00,1,3,528.33,5,4,3,12,Loyal,176.11,230,0
17633,1324.84,4,644,2011-11-08 13:25:00,2011-08-11 15:43:00,30,4,1324.84,4,4,4,12,Loyal,331.21,88,0
17634,2358.59,9,838,2011-11-03 13:09:00,2011-01-06 12:45:00,35,9,2358.59,3,5,5,13,VIP,262.0655555555556,301,0
17636,285.56,1,182,2011-11-20 14:40:00,2011-11-20 14:40:00,18,1,285.56,4,2,2,8,Potential Loyal,285.56,0,0
17637,547.0600000000001,2,280,2011-11-08 12:51:00,2011-08-16 13:25:00,30,2,547.0600000000001,4,3,3,10,Loyal,273.53000000000003,83,0
17639,108.5,1,49,2011-03-08 15:22:00,2011-03-08 15:22:00,275,1,108.5,1,2,1,4,Lost,108.5,0,1
17640,621.66,1,250,2011-09-14 09:13:00,2011-09-14 09:13:00,86,1,621.66,2,2,3,7,Potential Loyal,621.66,0,0
17642,712.29,2,474,2011-08-12 09:11:00,2011-06-16 12:55:00,119,2,712.29,2,3,3,8,Potential Loyal,356.145,56,1
17643,101.55,1,71,2010-12-01 14:38:00,2010-12-01 14:38:00,372,1,101.55,1,2,1,4,Lost,101.55,0,1
17644,2895.64,11,1793,2011-12-08 13:43:00,2011-03-24 09:44:00,0,11,2895.64,5,5,5,15,VIP,263.24,259,0
17646,1008.39,3,323,2011-05-04 13:17:00,2010-12-09 14:28:00,218,3,1008.39,1,4,4,9,Potential Loyal,336.13,145,1
17647,133.06,1,30,2011-10-05 15:38:00,2011-10-05 15:38:00,64,1,133.06,3,2,1,6,At Risk,133.06,0,0
17648,1797.5,4,487,2011-10-10 09:41:00,2011-04-04 10:29:00,60,4,1797.5,3,4,4,11,Loyal,449.375,188,0
17649,868.49,1,399,2011-07-24 15:53:00,2011-07-24 15:53:00,137,1,868.49,2,2,3,7,Potential Loyal,868.49,0,1
17650,166.08,1,150,2011-11-18 14:52:00,2011-11-18 14:52:00,20,1,166.08,4,2,1,7,Potential Loyal,166.08,0,0
17651,3945.0,10,3112,2011-11-28 10:29:00,2011-06-15 15:57:00,11,10,3945.0,5,5,5,15,VIP,394.5,165,0
17652,4867.72,12,2509,2011-11-14 12:55:00,2011-03-03 14:05:00,24,12,4867.72,4,5,5,14,VIP,405.6433333333334,255,0
17653,1207.56,4,1409,2011-11-03 12:46:00,2011-08-11 15:24:00,36,4,1207.56,3,4,4,11,Loyal,301.89,83,0
17654,117.55,1,41,2011-03-07 13:17:00,2011-03-07 13:17:00,276,1,117.55,1,2,1,4,Lost,117.55,0,1
17655,2638.94,7,1116,2011-11-29 11:34:00,2010-12-08 16:45:00,10,7,2638.94,5,5,5,15,VIP,376.99142857142857,355,0
17656,1674.69,5,1399,2011-09-27 13:04:00,2011-08-03 10:45:00,72,5,1674.69,2,4,4,10,Loyal,334.938,55,0
17658,595.42,2,616,2011-11-14 12:07:00,2011-05-12 15:23:00,25,2,595.42,4,3,3,10,Loyal,297.71,185,0
17659,2999.46,12,1525,2011-11-22 13:29:00,2010-12-02 16:46:00,16,12,2999.46,4,5,5,14,VIP,249.955,354,0
17660,178.75,1,121,2011-07-21 13:37:00,2011-07-21 13:37:00,140,1,178.75,2,2,1,5,At Risk,178.75,0,1
17663,1802.91,7,797,2011-11-14 08:56:00,2011-02-25 14:11:00,25,7,1802.91,4,5,4,13,VIP,257.55857142857144,261,0
17664,604.64,2,604,2011-11-21 11:29:00,2011-05-11 14:17:00,18,2,604.64,4,3,3,10,Loyal,302.32,193,0
17666,728.16,2,596,2011-12-06 09:06:00,2011-10-05 11:06:00,3,2,728.16,5,3,3,11,Loyal,364.08,61,0
17667,2055.51,5,1033,2011-10-04 14:32:00,2011-02-14 09:24:00,65,5,2055.51,3,4,5,12,Loyal,411.10200000000003,232,0
17668,347.75,2,93,2011-12-08 13:25:00,2011-11-01 14:45:00,0,2,347.75,5,3,2,10,Loyal,173.875,36,0
17669,3406.7200000000003,7,1916,2011-10-28 08:53:00,2011-04-04 10:11:00,42,7,3406.7200000000003,3,5,5,13,VIP,486.67428571428576,206,0
17670,205.7,1,110,2011-04-26 09:12:00,2011-04-26 09:12:00,227,1,205.7,1,2,1,4,Lost,205.7,0,1
17671,1572.71,4,772,2011-11-24 12:21:00,2010-12-09 14:27:00,15,4,1572.71,4,4,4,12,Loyal,393.1775,349,0
17672,3178.17,2,1690,2011-10-20 14:18:00,2011-02-03 13:29:00,49,2,3178.17,3,3,5,11,Loyal,1589.085,259,0
17673,1594.97,6,1462,2011-12-08 12:50:00,2011-01-23 15:16:00,1,6,1594.97,5,5,4,14,VIP,265.8283333333333,318,0
17674,551.04,2,672,2011-09-26 13:35:00,2010-12-06 10:20:00,73,2,551.04,2,3,3,8,Potential Loyal,275.52,294,0
17675,20374.28,31,8360,2011-12-08 18:03:00,2010-12-07 13:22:00,0,31,20374.28,5,5,5,15,VIP,657.2348387096774,366,0
17676,1371.18,6,922,2011-12-05 15:16:00,2010-12-08 13:49:00,3,6,1371.18,5,5,4,14,VIP,228.53,362,0
17677,16345.38,30,9772,2011-12-08 09:56:00,2010-12-06 08:42:00,1,30,16345.38,5,5,5,15,VIP,544.846,367,0
17678,298.11,1,207,2011-03-21 11:52:00,2011-03-21 11:52:00,263,1,298.11,1,2,2,5,At Risk,298.11,0,1
17679,1992.1100000000001,2,729,2011-10-18 07:43:00,2011-09-15 10:35:00,52,2,1992.1100000000001,3,3,4,10,Loyal,996.0550000000001,32,0
17680,184.4,1,96,2011-11-16 12:42:00,2011-11-16 12:42:00,23,1,184.4,4,2,1,7,Potential Loyal,184.4,0,0
17682,2474.33,6,1367,2011-11-29 15:59:00,2010-12-06 13:35:00,9,6,2474.33,5,5,5,15,VIP,412.3883333333333,358,0
17684,239.41,1,145,2011-10-27 11:10:00,2011-10-27 11:10:00,43,1,239.41,3,2,1,6,At Risk,239.41,0,0
17685,3155.83,7,1907,2011-11-23 11:36:00,2010-12-02 14:42:00,16,7,3155.83,4,5,5,14,VIP,450.8328571428571,355,0
17686,5739.46,7,2478,2011-12-02 15:39:00,2011-02-10 10:18:00,6,7,5739.46,5,5,5,15,VIP,819.9228571428572,295,0
17690,4726.8,15,1769,2011-11-09 15:17:00,2010-12-01 16:15:00,29,15,4726.8,4,5,5,14,VIP,315.12,342,0
17691,290.40000000000003,2,134,2010-12-16 17:20:00,2010-12-06 11:10:00,357,2,290.40000000000003,1,3,2,6,At Risk,145.20000000000002,10,1
17692,740.9399999999999,4,672,2011-08-04 14:01:00,2010-12-15 13:37:00,126,4,740.9399999999999,2,4,3,9,Potential Loyal,185.23499999999999,232,1
17693,200.47,1,231,2011-07-25 15:48:00,2011-07-25 15:48:00,136,1,200.47,2,2,1,5,At Risk,200.47,0,1
17694,283.12,1,184,2011-07-21 12:00:00,2011-07-21 12:00:00,141,1,283.12,2,2,2,6,At Risk,283.12,0,1
17695,765.34,2,779,2011-07-31 10:40:00,2011-06-21 12:35:00,131,2,765.34,2,3,3,8,Potential Loyal,382.67,39,1
17696,2285.71,8,1756,2011-11-01 13:43:00,2010-12-10 09:51:00,37,8,2285.71,3,5,5,13,VIP,285.71375,326,0
17697,338.95,1,93,2011-04-17 15:40:00,2011-04-17 15:40:00,235,1,338.95,1,2,2,5,At Risk,338.95,0,1
17698,154.95,1,93,2011-03-24 11:34:00,2011-03-24 11:34:00,260,1,154.95,1,2,1,4,Lost,154.95,0,1
17700,2534.64,4,1266,2011-11-23 11:51:00,2011-03-03 16:34:00,16,4,2534.64,4,4,5,13,VIP,633.66,264,0
17701,417.95,1,109,2011-04-01 12:25:00,2011-04-01 12:25:00,252,1,417.95,1,2,2,5,At Risk,417.95,0,1
17702,1824.37,4,1353,2011-11-09 16:03:00,2011-05-17 16:23:00,29,4,1824.37,4,4,4,12,Loyal,456.0925,175,0
17703,798.74,3,590,2011-11-04 15:51:00,2011-07-24 13:30:00,34,3,798.74,3,4,3,10,Loyal,266.24666666666667,103,0
17704,885.19,2,343,2011-06-24 09:40:00,2011-04-14 09:28:00,168,2,885.19,2,3,3,8,Potential Loyal,442.595,71,1
17705,1823.52,9,963,2011-12-06 13:45:00,2011-02-11 10:57:00,2,9,1823.52,5,5,4,14,VIP,202.61333333333334,298,0
17706,10504.49,17,3899,2011-12-05 13:34:00,2010-12-08 11:02:00,3,17,10504.49,5,5,5,15,VIP,617.9111764705882,362,0
17707,152.4,2,144,2011-06-07 15:03:00,2011-01-07 13:30:00,184,2,152.4,1,3,1,5,At Risk,76.2,151,1
17708,263.33,2,90,2011-06-05 10:12:00,2011-01-19 10:09:00,187,2,263.33,1,3,2,6,At Risk,131.665,137,1
17709,137.45,1,17,2011-06-23 11:55:00,2011-06-23 11:55:00,169,1,137.45,2,2,1,5,At Risk,137.45,0,1
17711,385.1,2,246,2011-11-29 11:40:00,2011-02-23 11:32:00,10,2,385.1,5,3,2,10,Loyal,192.55,279,0
17712,522.91,1,215,2011-10-26 12:28:00,2011-10-26 12:28:00,44,1,522.91,3,2,3,8,Potential Loyal,522.91,0,0
17714,153.0,1,92,2011-01-23 10:32:00,2011-01-23 10:32:00,320,1,153.0,1,2,1,4,Lost,153.0,0,1
17715,326.4,1,384,2011-05-23 12:32:00,2011-05-23 12:32:00,200,1,326.4,1,2,2,5,At Risk,326.4,0,1
17716,5655.99,11,3072,2011-11-17 12:00:00,2011-03-17 10:38:00,22,11,5655.99,4,5,5,14,VIP,514.180909090909,245,0
17718,139.35,1,83,2011-04-21 13:39:00,2011-04-21 13:39:00,231,1,139.35,1,2,1,4,Lost,139.35,0,1
17719,5396.04,15,2466,2011-11-02 10:36:00,2011-03-29 11:29:00,37,15,5396.04,3,5,5,13,VIP,359.736,217,0
17720,1195.94,4,576,2011-11-13 15:04:00,2010-12-07 10:43:00,25,4,1195.94,4,4,4,12,Loyal,298.985,341,0
17722,2424.04,4,1595,2011-09-04 15:22:00,2010-12-08 12:41:00,95,4,2424.04,2,4,5,11,Loyal,606.01,270,1
17723,3276.4000000000005,6,792,2011-08-04 18:37:00,2011-05-09 14:44:00,126,6,3276.4000000000005,2,5,5,12,Loyal,546.0666666666667,87,1
17724,1033.0,3,300,2011-09-29 15:26:00,2011-07-24 13:26:00,70,3,1033.0,3,4,4,11,Loyal,344.3333333333333,67,0
17725,3439.08,11,2162,2011-11-23 16:34:00,2011-03-17 19:47:00,15,11,3439.08,4,5,5,14,VIP,312.64363636363635,250,0
17727,1060.25,1,645,2011-11-24 17:06:00,2011-11-24 17:06:00,14,1,1060.25,4,2,4,10,Loyal,1060.25,0,0
17728,2876.01,3,1469,2011-12-06 08:52:00,2011-09-14 11:39:00,3,3,2876.01,5,4,5,14,VIP,958.6700000000001,82,0
17730,5298.4800000000005,13,3576,2011-12-06 15:43:00,2011-01-17 14:49:00,2,13,5298.4800000000005,5,5,5,15,VIP,407.5753846153847,323,0
17731,1240.11,4,493,2011-09-21 15:02:00,2011-06-09 14:18:00,78,4,1240.11,2,4,4,10,Loyal,310.0275,104,0
17732,303.97,1,93,2010-12-02 09:29:00,2010-12-02 09:29:00,372,1,303.97,1,2,2,5,At Risk,303.97,0,1
17733,692.19,2,463,2011-11-01 08:16:00,2011-03-23 09:54:00,38,2,692.19,3,3,3,9,Potential Loyal,346.095,222,0
17734,700.63,3,422,2011-10-17 12:33:00,2011-04-20 10:04:00,53,3,700.63,3,4,3,10,Loyal,233.54333333333332,180,0
17735,13110.02,19,8439,2011-12-07 16:47:00,2010-12-07 10:32:00,1,19,13110.02,5,5,5,15,VIP,690.001052631579,365,0
17736,377.44,3,238,2011-11-30 15:36:00,2011-08-18 14:33:00,8,3,377.44,5,4,2,11,Loyal,125.81333333333333,104,0
17737,168.24,2,108,2011-11-30 15:16:00,2011-10-12 14:42:00,8,2,168.24,5,3,1,9,Potential Loyal,84.12,49,0
17738,1879.05,4,1029,2011-11-20 15:05:00,2011-03-02 16:26:00,18,4,1879.05,4,4,4,12,Loyal,469.7625,262,0
17739,2791.35,7,861,2011-11-28 09:12:00,2010-12-14 14:26:00,11,7,2791.35,5,5,5,15,VIP,398.7642857142857,348,0
17742,355.11,2,89,2011-08-18 15:28:00,2011-01-11 10:04:00,112,2,355.11,2,3,2,7,Potential Loyal,177.555,219,1
17744,2322.4,6,3412,2011-12-06 12:11:00,2010-12-16 14:17:00,3,6,2322.4,5,5,5,15,VIP,387.06666666666666,354,0
17746,110.25,1,29,2011-04-13 14:31:00,2011-04-13 14:31:00,239,1,110.25,1,2,1,4,Lost,110.25,0,1
17747,71.4,1,12,2011-08-19 08:13:00,2011-08-19 08:13:00,112,1,71.4,2,2,1,5,At Risk,71.4,0,1
17749,674.52,2,320,2011-06-14 15:45:00,2011-03-28 13:39:00,177,2,674.52,2,3,3,8,Potential Loyal,337.26,78,1
17750,1710.45,9,3747,2011-12-04 14:09:00,2011-06-28 15:44:00,4,9,1710.45,5,5,4,14,VIP,190.05,158,0
17752,80.64,1,192,2010-12-15 16:19:00,2010-12-15 16:19:00,358,1,80.64,1,2,1,4,Lost,80.64,0,1
17754,1664.65,5,1816,2011-12-09 11:20:00,2011-03-24 13:54:00,0,5,1664.65,5,4,4,13,VIP,332.93,259,0
17757,5593.39,30,3318,2011-12-08 15:31:00,2010-12-02 17:17:00,0,30,5593.39,5,5,5,15,VIP,186.44633333333334,370,0
17758,3408.2000000000003,8,2054,2011-11-20 14:45:00,2011-04-03 15:22:00,18,8,3408.2000000000003,4,5,5,14,VIP,426.02500000000003,230,0
17759,819.96,3,697,2011-11-22 16:02:00,2011-06-23 13:35:00,16,3,819.96,4,4,3,11,Loyal,273.32,152,0
17760,287.59,2,239,2011-11-18 10:56:00,2010-12-01 15:08:00,21,2,287.59,4,3,2,9,Potential Loyal,143.795,351,0
17761,712.78,1,398,2011-11-07 10:23:00,2011-11-07 10:23:00,32,1,712.78,4,2,3,9,Potential Loyal,712.78,0,0
17763,15.0,1,12,2011-03-21 14:25:00,2011-03-21 14:25:00,262,1,15.0,1,2,1,4,Lost,15.0,0,1
17764,772.55,2,351,2011-10-20 11:03:00,2011-05-12 16:11:00,50,2,772.55,3,3,3,9,Potential Loyal,386.275,160,0
17765,367.63,3,143,2011-07-04 12:41:00,2011-03-28 11:58:00,158,3,367.63,2,4,2,8,Potential Loyal,122.54333333333334,98,1
17767,271.2,1,128,2011-11-24 14:42:00,2011-11-24 14:42:00,14,1,271.2,4,2,2,8,Potential Loyal,271.2,0,0
17768,2081.9,3,1122,2011-12-01 13:22:00,2011-06-26 13:46:00,7,3,2081.9,5,4,5,14,VIP,693.9666666666667,157,0
17769,3957.43,10,1850,2011-11-27 11:18:00,2011-01-23 11:15:00,12,10,3957.43,5,5,5,15,VIP,395.743,308,0
17770,1143.27,5,365,2011-05-25 12:34:00,2011-03-02 13:35:00,198,5,1143.27,1,4,4,9,Potential Loyal,228.654,83,1
17771,245.81,2,287,2011-10-14 11:43:00,2011-01-20 14:13:00,56,2,245.81,3,3,1,7,Potential Loyal,122.905,266,0
17772,173.45,2,55,2011-11-29 11:05:00,2011-11-29 10:57:00,10,2,173.45,5,3,1,9,Potential Loyal,86.725,0,0
17774,1213.73,4,508,2011-09-04 12:49:00,2011-02-07 13:13:00,96,4,1213.73,2,4,4,10,Loyal,303.4325,208,1
17775,56.4,1,72,2011-03-30 10:50:00,2011-03-30 10:50:00,254,1,56.4,1,2,1,4,Lost,56.4,0,1
17777,647.56,3,501,2011-11-15 12:02:00,2011-08-31 14:35:00,24,3,647.56,4,4,3,11,Loyal,215.85333333333332,75,0
17779,650.32,3,396,2011-11-18 14:15:00,2011-07-19 12:19:00,20,3,650.32,4,4,3,11,Loyal,216.77333333333334,122,0
17781,188.02,2,34,2011-07-03 16:00:00,2011-03-31 19:54:00,158,2,188.02,2,3,1,6,At Risk,94.01,93,1
17783,283.47,2,354,2011-09-28 16:07:00,2011-04-06 10:07:00,71,2,283.47,3,3,2,8,Potential Loyal,141.735,175,0
17785,131.94,1,67,2011-10-17 13:43:00,2011-10-17 13:43:00,52,1,131.94,3,2,1,6,At Risk,131.94,0,0
17786,266.85,2,195,2011-09-15 12:51:00,2011-01-26 14:35:00,84,2,266.85,2,3,2,7,Potential Loyal,133.425,231,0
17787,1817.54,4,896,2011-07-10 11:24:00,2010-12-03 13:43:00,152,4,1817.54,2,4,4,10,Loyal,454.385,218,1
17788,1117.9,2,211,2011-09-27 10:09:00,2011-08-02 10:38:00,73,2,1117.9,2,3,4,9,Potential Loyal,558.95,55,0
17789,225.9,1,74,2011-03-03 13:14:00,2011-03-03 13:14:00,280,1,225.9,1,2,1,4,Lost,225.9,0,1
17790,1964.3,14,835,2011-11-13 11:30:00,2010-12-10 10:47:00,26,14,1964.3,4,5,4,13,VIP,140.30714285714285,338,0
17791,106.1,1,46,2011-11-10 12:09:00,2011-11-10 12:09:00,29,1,106.1,4,2,1,7,Potential Loyal,106.1,0,0
17793,300.34,1,226,2011-11-14 14:24:00,2011-11-14 14:24:00,24,1,300.34,4,2,2,8,Potential Loyal,300.34,0,0
17795,342.83,2,305,2011-06-13 12:36:00,2011-03-20 12:02:00,179,2,342.83,1,3,2,6,At Risk,171.415,85,1
17796,690.0,4,176,2011-10-30 15:38:00,2010-12-05 12:23:00,39,4,690.0,3,4,3,10,Loyal,172.5,329,0
17797,780.43,3,498,2011-11-17 13:21:00,2011-06-10 11:29:00,21,3,780.43,4,4,3,11,Loyal,260.1433333333333,160,0
17799,3039.17,10,1753,2011-11-17 15:16:00,2010-12-13 13:10:00,21,10,3039.17,4,5,5,14,VIP,303.91700000000003,339,0
17800,1187.21,9,732,2011-11-02 12:57:00,2011-01-09 13:50:00,36,9,1187.21,3,5,4,12,Loyal,131.91222222222223,296,0
17802,1285.04,3,752,2011-09-18 14:56:00,2010-12-02 13:44:00,81,3,1285.04,2,4,4,10,Loyal,428.34666666666664,290,0
17805,512.31,1,478,2011-09-27 11:49:00,2011-09-27 11:49:00,73,1,512.31,2,2,3,7,Potential Loyal,512.31,0,0
17806,546.04,1,727,2011-11-28 14:12:00,2011-11-28 14:12:00,10,1,546.04,5,2,3,10,Loyal,546.04,0,0
17809,5411.91,12,2057,2011-11-23 12:59:00,2010-12-01 09:41:00,15,12,5411.91,4,5,5,14,VIP,450.9925,357,0
17811,7761.82,39,4146,2011-12-05 13:46:00,2011-01-10 10:58:00,3,39,7761.82,5,5,5,15,VIP,199.02102564102563,329,0
17812,699.81,4,329,2011-11-27 11:47:00,2010-12-06 15:27:00,12,4,699.81,5,4,3,12,Loyal,174.9525,355,0
17813,1698.07,5,752,2011-11-25 16:13:00,2011-09-29 15:57:00,13,5,1698.07,4,4,4,12,Loyal,339.614,57,0
17816,36.56,4,30,2011-11-03 11:34:00,2010-12-09 14:10:00,36,4,36.56,3,4,1,8,Potential Loyal,9.14,328,0
17817,387.68,3,67,2011-12-05 14:39:00,2011-03-07 17:30:00,3,3,387.68,5,4,2,11,Loyal,129.22666666666666,272,0
17819,3704.87,7,1031,2011-09-29 10:52:00,2010-12-03 14:26:00,71,7,3704.87,3,5,5,13,VIP,529.2671428571429,299,0
17824,298.4,1,408,2011-10-19 14:14:00,2011-10-19 14:14:00,50,1,298.4,3,2,2,7,Potential Loyal,298.4,0,0
17827,1987.33,5,1240,2011-12-04 15:00:00,2010-12-10 10:18:00,4,5,1987.33,5,4,4,13,VIP,397.466,359,0
17828,1820.09,4,667,2011-11-17 08:41:00,2011-06-08 08:31:00,22,4,1820.09,4,4,4,12,Loyal,455.0225,162,0
17829,889.24,1,496,2011-02-14 12:46:00,2011-02-14 12:46:00,298,1,889.24,1,2,3,6,At Risk,889.24,0,1
17830,398.7,3,92,2011-12-08 12:28:00,2011-02-24 10:15:00,1,3,398.7,5,4,2,11,Loyal,132.9,287,0
17831,35.400000000000006,1,12,2011-11-06 15:09:00,2011-11-06 15:09:00,32,1,35.400000000000006,4,2,1,7,Potential Loyal,35.400000000000006,0,0
17832,155.37,1,208,2011-10-21 11:43:00,2011-10-21 11:43:00,49,1,155.37,3,2,1,6,At Risk,155.37,0,0
17835,342.24,3,344,2011-12-07 11:48:00,2011-11-16 16:30:00,2,3,342.24,5,4,2,11,Loyal,114.08,20,0
17836,110.21000000000001,1,88,2011-10-23 16:13:00,2011-10-23 16:13:00,46,1,110.21000000000001,3,2,1,6,At Risk,110.21000000000001,0,0
17837,1541.23,8,510,2011-10-28 16:13:00,2011-06-29 16:44:00,41,8,1541.23,3,5,4,12,Loyal,192.65375,120,0
17838,2720.8,5,1831,2011-11-13 11:20:00,2010-12-02 15:55:00,26,5,2720.8,4,4,5,13,VIP,544.1600000000001,345,0
17839,318.15,1,257,2011-10-28 17:27:00,2011-10-28 17:27:00,41,1,318.15,3,2,2,7,Potential Loyal,318.15,0,0
17841,40519.84,124,22834,2011-12-08 12:07:00,2010-12-01 14:41:00,1,124,40519.84,5,5,5,15,VIP,326.77290322580643,371,0
17843,205.48,1,113,2011-02-09 15:33:00,2011-02-09 15:33:00,302,1,205.48,1,2,1,4,Lost,205.48,0,1
17844,51.559999999999995,1,52,2011-08-25 11:27:00,2011-08-25 11:27:00,106,1,51.559999999999995,2,2,1,5,At Risk,51.559999999999995,0,1
17846,2033.1,1,1,2011-09-15 15:20:00,2011-09-15 15:20:00,84,1,2033.1,2,2,4,8,Potential Loyal,2033.1,0,0
17848,901.1999999999999,9,398,2011-09-19 16:49:00,2010-12-16 18:38:00,80,9,901.1999999999999,2,5,3,10,Loyal,100.13333333333333,276,0
17849,605.8000000000001,4,114,2011-05-05 13:46:00,2011-01-10 11:59:00,217,4,605.8000000000001,1,4,3,8,Potential Loyal,151.45000000000002,115,1
17850,5391.21,34,1733,2010-12-02 15:27:00,2010-12-01 08:26:00,371,34,5391.21,1,5,5,11,Loyal,158.565,1,1
17852,114.34,2,53,2011-11-28 12:36:00,2011-11-28 12:31:00,11,2,114.34,5,3,1,9,Potential Loyal,57.17,0,0
17854,311.26,2,84,2011-06-07 16:21:00,2011-04-26 16:53:00,184,2,311.26,1,3,2,6,At Risk,155.63,41,1
17855,208.97,1,197,2010-12-02 09:44:00,2010-12-02 09:44:00,372,1,208.97,1,2,1,4,Lost,208.97,0,1
17856,1418.03,4,842,2011-12-08 09:40:00,2011-03-03 11:40:00,1,4,1418.03,5,4,4,13,VIP,354.5075,279,0
17857,26879.04,23,19256,2011-12-05 13:13:00,2010-12-09 11:35:00,3,23,26879.04,5,5,5,15,VIP,1168.6539130434783,361,0
17858,5140.66,12,2694,2011-12-04 11:56:00,2010-12-05 13:08:00,5,12,5140.66,5,5,5,15,VIP,428.3883333333333,363,0
17859,141.92000000000002,1,102,2011-02-08 10:32:00,2011-02-08 10:32:00,304,1,141.92000000000002,1,2,1,4,Lost,141.92000000000002,0,1
17860,226.45000000000002,1,93,2010-12-06 12:41:00,2010-12-06 12:41:00,368,1,226.45000000000002,1,2,1,4,Lost,226.45000000000002,0,1
17861,2097.88,8,1985,2011-12-06 16:21:00,2011-01-24 11:34:00,2,8,2097.88,5,5,5,15,VIP,262.235,316,0
17862,330.9,1,100,2011-01-20 12:23:00,2011-01-20 12:23:00,323,1,330.9,1,2,2,5,At Risk,330.9,0,1
17863,3160.0,6,2638,2011-10-11 13:45:00,2010-12-05 13:21:00,58,6,3160.0,3,5,5,13,VIP,526.6666666666666,310,0
17864,554.85,3,706,2011-11-27 11:15:00,2011-03-09 11:44:00,12,3,554.85,5,4,3,12,Loyal,184.95000000000002,262,0
17865,10526.32,20,5757,2011-11-09 12:08:00,2010-12-10 14:53:00,30,20,10526.32,4,5,5,14,VIP,526.316,333,0
17866,329.65,1,174,2011-07-20 11:07:00,2011-07-20 11:07:00,142,1,329.65,2,2,2,6,At Risk,329.65,0,1
17867,1157.8700000000001,6,508,2011-11-09 14:15:00,2011-02-24 12:25:00,29,6,1157.8700000000001,4,5,4,13,VIP,192.97833333333335,258,0
17869,428.18,5,111,2011-08-24 16:16:00,2010-12-06 17:16:00,106,5,428.18,2,4,2,8,Potential Loyal,85.636,260,1
17870,1865.89,12,1351,2011-12-07 15:07:00,2010-12-08 08:12:00,1,12,1865.89,5,5,4,14,VIP,155.49083333333334,364,0
17871,155.9,1,182,2011-05-19 11:32:00,2011-05-19 11:32:00,204,1,155.9,1,2,1,4,Lost,155.9,0,1
17873,1848.96,5,1035,2011-09-20 16:41:00,2010-12-01 14:54:00,79,5,1848.96,2,4,4,10,Loyal,369.79200000000003,293,0
17874,683.46,6,221,2011-06-07 12:54:00,2011-03-29 11:25:00,184,6,683.46,1,5,3,9,Potential Loyal,113.91000000000001,70,1
17877,237.61,1,98,2011-06-22 13:00:00,2011-06-22 13:00:00,169,1,237.61,2,2,1,5,At Risk,237.61,0,1
17878,379.45,1,401,2011-10-27 11:24:00,2011-10-27 11:24:00,43,1,379.45,3,2,2,7,Potential Loyal,379.45,0,0
17879,178.51999999999998,1,45,2011-06-19 12:36:00,2011-06-19 12:36:00,173,1,178.51999999999998,2,2,1,5,At Risk,178.51999999999998,0,1
17880,458.92,1,314,2010-12-10 10:21:00,2010-12-10 10:21:00,364,1,458.92,1,2,2,5,At Risk,458.92,0,1
17881,133.35000000000002,1,32,2011-02-08 17:16:00,2011-02-08 17:16:00,303,1,133.35000000000002,1,2,1,4,Lost,133.35000000000002,0,1
17883,664.34,4,374,2011-12-06 17:49:00,2011-04-07 19:16:00,2,4,664.34,5,4,3,12,Loyal,166.085,242,0
17884,695.0699999999999,4,817,2011-12-06 11:33:00,2010-12-03 12:11:00,3,4,695.0699999999999,5,4,3,12,Loyal,173.76749999999998,367,0
17885,156.34,1,110,2011-11-27 14:40:00,2011-11-27 14:40:00,11,1,156.34,5,2,1,8,Potential Loyal,156.34,0,0
17886,869.28,3,469,2011-11-08 10:09:00,2011-04-04 12:34:00,31,3,869.28,4,4,3,11,Loyal,289.76,217,0
17887,111.35,1,30,2011-08-02 17:29:00,2011-08-02 17:29:00,128,1,111.35,2,2,1,5,At Risk,111.35,0,1
17888,716.0,8,973,2011-11-18 13:45:00,2010-12-17 13:56:00,20,8,716.0,4,5,3,12,Loyal,89.5,335,0
17889,201.37,2,77,2011-05-11 16:26:00,2011-01-21 17:14:00,211,2,201.37,1,3,1,5,At Risk,100.685,109,1
17890,586.89,2,402,2011-01-21 11:19:00,2010-12-13 15:12:00,322,2,586.89,1,3,3,7,Potential Loyal,293.445,38,1
17891,203.85999999999999,1,393,2011-06-30 20:08:00,2011-06-30 20:08:00,161,1,203.85999999999999,2,2,1,5,At Risk,203.85999999999999,0,1
17892,244.1,3,109,2011-10-14 16:49:00,2011-07-07 12:56:00,55,3,244.1,3,4,1,8,Potential Loyal,81.36666666666666,99,0
17893,107.21,1,149,2011-04-28 13:50:00,2011-04-28 13:50:00,224,1,107.21,1,2,1,4,Lost,107.21,0,1
17894,1118.96,8,404,2011-09-29 09:23:00,2010-12-08 14:50:00,71,8,1118.96,3,5,4,12,Loyal,139.87,294,0
17895,95.45,1,127,2011-10-26 17:00:00,2011-10-26 17:00:00,43,1,95.45,3,2,1,6,At Risk,95.45,0,0
17896,256.32,1,288,2011-11-16 13:59:00,2011-11-16 13:59:00,22,1,256.32,4,2,2,8,Potential Loyal,256.32,0,0
17897,541.8100000000001,3,222,2011-06-20 11:23:00,2010-12-01 12:31:00,172,3,541.8100000000001,2,4,3,9,Potential Loyal,180.60333333333335,200,1
17898,152.06,2,190,2011-09-15 14:56:00,2011-05-16 17:13:00,84,2,152.06,2,3,1,6,At Risk,76.03,121,0
17899,154.55,1,170,2011-07-03 14:58:00,2011-07-03 14:58:00,158,1,154.55,2,2,1,5,At Risk,154.55,0,1
17900,112.19999999999999,2,73,2011-06-02 14:38:00,2011-06-02 14:28:00,189,2,112.19999999999999,1,3,1,5,At Risk,56.099999999999994,0,1
17901,110.38,1,24,2011-11-10 17:29:00,2011-11-10 17:29:00,28,1,110.38,4,2,1,7,Potential Loyal,110.38,0,0
17904,181.07,1,59,2011-11-18 12:57:00,2011-11-18 12:57:00,20,1,181.07,4,2,1,7,Potential Loyal,181.07,0,0
17905,798.99,4,406,2011-09-29 17:33:00,2010-12-01 13:21:00,70,4,798.99,3,4,3,10,Loyal,199.7475,302,0
17906,72.9,1,26,2011-04-06 17:25:00,2011-04-06 17:25:00,246,1,72.9,1,2,1,4,Lost,72.9,0,1
17908,232.03,1,169,2010-12-01 11:45:00,2010-12-01 11:45:00,373,1,232.03,1,2,1,4,Lost,232.03,0,1
17911,366.23,1,223,2011-11-30 14:52:00,2011-11-30 14:52:00,8,1,366.23,5,2,2,9,Potential Loyal,366.23,0,0
17912,310.06,5,184,2011-02-02 14:25:00,2010-12-10 11:11:00,309,5,310.06,1,4,2,7,Potential Loyal,62.012,54,1
17913,408.65,2,288,2011-10-12 10:45:00,2010-12-19 11:35:00,58,2,408.65,3,3,2,8,Potential Loyal,204.325,296,0
17914,329.36,1,457,2011-12-06 11:58:00,2011-12-06 11:58:00,3,1,329.36,5,2,2,9,Potential Loyal,329.36,0,0
17917,335.03,3,184,2011-10-25 13:20:00,2010-12-12 12:08:00,44,3,335.03,3,4,2,9,Potential Loyal,111.67666666666666,317,0
17919,1304.04,1,756,2011-09-12 13:41:00,2011-09-12 13:41:00,87,1,1304.04,2,2,4,8,Potential Loyal,1304.04,0,0
17920,4119.5,17,2473,2011-12-05 14:29:00,2010-12-01 11:49:00,3,17,4119.5,5,5,5,15,VIP,242.3235294117647,369,0
17921,820.23,4,425,2011-10-06 18:56:00,2011-03-18 13:19:00,63,4,820.23,3,4,3,10,Loyal,205.0575,202,0
17923,207.50000000000003,1,50,2011-03-02 15:15:00,2011-03-02 15:15:00,281,1,207.50000000000003,1,2,1,4,Lost,207.50000000000003,0,1
17924,2962.5,7,1160,2011-11-28 09:11:00,2010-12-01 10:51:00,11,7,2962.5,5,5,5,15,VIP,423.2142857142857,361,0
17925,244.08,1,72,2010-12-02 10:10:00,2010-12-02 10:10:00,372,1,244.08,1,2,1,4,Lost,244.08,0,1
17926,397.29,2,306,2011-07-29 14:39:00,2011-05-20 09:24:00,132,2,397.29,2,3,2,7,Potential Loyal,198.645,70,1
17928,212.54,2,140,2011-10-25 13:52:00,2011-04-07 18:03:00,44,2,212.54,3,3,1,7,Potential Loyal,106.27,200,0
17929,843.0,4,108,2011-11-28 16:01:00,2011-02-04 11:40:00,10,4,843.0,5,4,3,12,Loyal,210.75,297,0
17930,1740.48,5,1594,2011-11-04 10:23:00,2011-04-14 15:46:00,35,5,1740.48,3,4,4,11,Loyal,348.096,203,0
17931,408.36,2,249,2011-07-28 18:33:00,2011-03-29 12:31:00,133,2,408.36,2,3,2,7,Potential Loyal,204.18,121,1
17932,1331.57,3,789,2011-11-10 19:49:00,2011-05-12 13:58:00,28,3,1331.57,4,4,4,12,Loyal,443.8566666666666,182,0
17934,704.25,2,478,2011-10-19 11:16:00,2011-10-12 10:50:00,51,2,704.25,3,3,3,9,Potential Loyal,352.125,7,0
17935,145.79,2,82,2011-07-24 13:18:00,2011-07-21 11:23:00,137,2,145.79,2,3,1,6,At Risk,72.895,3,1
17936,380.13,1,257,2011-12-04 13:32:00,2011-12-04 13:32:00,4,1,380.13,5,2,2,9,Potential Loyal,380.13,0,0
17937,4301.22,7,1754,2011-12-01 11:45:00,2010-12-12 14:43:00,8,7,4301.22,5,5,5,15,VIP,614.46,353,0
17939,99.14,1,40,2011-07-03 12:27:00,2011-07-03 12:27:00,159,1,99.14,2,2,1,5,At Risk,99.14,0,1
17940,4020.04,10,9323,2011-10-21 13:27:00,2011-02-10 09:29:00,48,10,4020.04,3,5,5,13,VIP,402.004,253,0
17941,304.56,1,252,2011-08-01 08:30:00,2011-08-01 08:30:00,130,1,304.56,2,2,2,6,At Risk,304.56,0,1
17942,77.50000000000001,1,38,2011-12-02 10:45:00,2011-12-02 10:45:00,7,1,77.50000000000001,5,2,1,8,Potential Loyal,77.50000000000001,0,0
17946,149.57999999999998,2,75,2011-04-20 17:00:00,2011-03-25 14:34:00,232,2,149.57999999999998,1,3,1,5,At Risk,74.78999999999999,26,1
17947,176.68,1,168,2011-11-02 13:05:00,2011-11-02 13:05:00,36,1,176.68,3,2,1,6,At Risk,176.68,0,0
17948,358.56000000000006,1,144,2011-07-15 12:58:00,2011-07-15 12:58:00,146,1,358.56000000000006,2,2,2,6,At Risk,358.56000000000006,0,1
17949,58510.48,45,30546,2011-12-08 18:46:00,2010-12-03 13:12:00,0,45,58510.48,5,5,5,15,VIP,1300.232888888889,370,0
17950,482.2,3,366,2011-09-28 15:18:00,2010-12-09 15:16:00,71,3,482.2,3,4,2,9,Potential Loyal,160.73333333333332,293,0
17951,1008.5400000000001,3,616,2011-10-31 12:30:00,2010-12-01 12:40:00,39,3,1008.5400000000001,3,4,4,11,Loyal,336.18,333,0
17954,2314.13,12,2221,2011-12-04 14:15:00,2010-12-03 14:18:00,4,12,2314.13,5,5,5,15,VIP,192.84416666666667,365,0
17955,557.3,4,273,2011-05-25 12:00:00,2011-05-04 12:29:00,198,4,557.3,1,4,3,8,Potential Loyal,139.325,20,1
17956,12.75,1,1,2011-04-04 13:47:00,2011-04-04 13:47:00,248,1,12.75,1,2,1,4,Lost,12.75,0,1
17957,111.68,1,287,2011-10-04 14:58:00,2011-10-04 14:58:00,65,1,111.68,3,2,1,6,At Risk,111.68,0,0
17958,508.4599999999999,1,84,2011-08-15 12:19:00,2011-08-15 12:19:00,116,1,508.4599999999999,2,2,3,7,Potential Loyal,508.4599999999999,0,1
17960,73.78,1,41,2011-06-21 14:15:00,2011-06-21 14:15:00,170,1,73.78,2,2,1,5,At Risk,73.78,0,1
17961,1296.44,39,560,2011-11-18 16:55:00,2010-12-02 19:18:00,20,39,1296.44,4,5,4,13,VIP,33.242051282051285,350,0
17962,102.41,1,127,2011-07-20 14:16:00,2011-07-20 14:16:00,141,1,102.41,2,2,1,5,At Risk,102.41,0,1
17964,463.21,2,294,2011-11-08 10:44:00,2010-12-02 13:32:00,31,2,463.21,4,3,2,9,Potential Loyal,231.605,340,0
17965,2599.19,14,1532,2011-11-02 09:31:00,2010-12-05 15:54:00,37,14,2599.19,3,5,5,13,VIP,185.65642857142856,331,0
17966,1098.43,5,2571,2011-11-02 10:26:00,2011-03-23 17:25:00,37,5,1098.43,3,4,4,11,Loyal,219.686,223,0
17967,112.27,1,73,2010-12-03 11:19:00,2010-12-03 11:19:00,371,1,112.27,1,2,1,4,Lost,112.27,0,1
17968,265.1,1,151,2010-12-01 12:23:00,2010-12-01 12:23:00,373,1,265.1,1,2,2,5,At Risk,265.1,0,1
17969,228.2,2,152,2011-06-26 13:00:00,2010-12-13 15:34:00,165,2,228.2,2,3,1,6,At Risk,114.1,194,1
17970,562.79,1,513,2011-05-12 20:03:00,2011-05-12 20:03:00,210,1,562.79,1,2,3,6,At Risk,562.79,0,1
17972,135.19,1,36,2011-04-12 12:16:00,2011-04-12 12:16:00,241,1,135.19,1,2,1,4,Lost,135.19,0,1
17973,337.04,1,176,2011-10-19 10:34:00,2011-10-19 10:34:00,51,1,337.04,3,2,2,7,Potential Loyal,337.04,0,0
17974,703.99,3,500,2011-11-15 11:37:00,2011-05-04 11:50:00,24,3,703.99,4,4,3,11,Loyal,234.66333333333333,194,0
17975,4483.26,13,1565,2011-11-24 13:27:00,2010-12-08 11:38:00,14,13,4483.26,4,5,5,14,VIP,344.86615384615385,351,0
17976,321.79,1,93,2010-12-02 13:49:00,2010-12-02 13:49:00,371,1,321.79,1,2,2,5,At Risk,321.79,0,1
17977,288.14,1,342,2011-11-10 13:28:00,2011-11-10 13:28:00,28,1,288.14,4,2,2,8,Potential Loyal,288.14,0,0
17978,300.91999999999996,1,499,2010-12-09 14:05:00,2010-12-09 14:05:00,364,1,300.91999999999996,1,2,2,5,At Risk,300.91999999999996,0,1
17979,732.41,4,383,2011-11-04 12:05:00,2011-03-25 11:34:00,35,4,732.41,3,4,3,10,Loyal,183.1025,224,0
17980,811.45,3,682,2011-06-27 12:01:00,2010-12-15 15:50:00,165,3,811.45,2,4,3,9,Potential Loyal,270.48333333333335,193,1
17984,152.68,1,98,2011-07-17 15:59:00,2011-07-17 15:59:00,144,1,152.68,2,2,1,5,At Risk,152.68,0,1
17985,631.35,1,171,2011-11-17 14:24:00,2011-11-17 14:24:00,21,1,631.35,4,2,3,9,Potential Loyal,631.35,0,0
17986,20.8,1,10,2011-10-14 14:22:00,2011-10-14 14:22:00,55,1,20.8,3,2,1,6,At Risk,20.8,0,0
17987,198.57,1,261,2011-06-07 14:22:00,2011-06-07 14:22:00,184,1,198.57,1,2,1,4,Lost,198.57,0,1
17988,201.12,7,43,2011-11-28 11:00:00,2011-01-17 11:59:00,11,7,201.12,5,5,1,11,Loyal,28.731428571428573,314,0
17990,630.84,3,414,2011-04-17 11:44:00,2010-12-13 12:10:00,236,3,630.84,1,4,3,8,Potential Loyal,210.28,124,1
17991,93.35,2,25,2011-04-28 15:58:00,2011-04-27 16:39:00,224,2,93.35,1,3,1,5,At Risk,46.675,0,1
17994,674.89,4,495,2011-08-10 11:41:00,2011-02-22 11:02:00,121,4,674.89,2,4,3,9,Potential Loyal,168.7225,169,1
17995,76.1,1,133,2011-03-03 12:30:00,2011-03-03 12:30:00,281,1,76.1,1,2,1,4,Lost,76.1,0,1
17997,1962.46,8,2273,2011-09-26 16:13:00,2011-06-28 17:28:00,73,8,1962.46,2,5,4,11,Loyal,245.3075,89,0
17999,380.39,2,219,2011-11-02 15:56:00,2010-12-08 15:17:00,36,2,380.39,3,3,2,8,Potential Loyal,190.195,329,0
18001,415.13,2,362,2011-11-27 16:02:00,2011-09-14 11:21:00,11,2,415.13,5,3,2,10,Loyal,207.565,74,0
18004,157.92,1,75,2010-12-12 13:47:00,2010-12-12 13:47:00,361,1,157.92,1,2,1,4,Lost,157.92,0,1
18005,226.47,2,86,2011-12-06 11:51:00,2011-10-23 14:40:00,3,2,226.47,5,3,1,9,Potential Loyal,113.235,43,0
18006,444.68,1,220,2011-11-16 16:52:00,2011-11-16 16:52:00,22,1,444.68,4,2,2,8,Potential Loyal,444.68,0,0
18008,2116.19,9,1581,2011-09-30 15:17:00,2011-01-25 12:26:00,69,9,2116.19,3,5,5,13,VIP,235.13222222222223,248,0
18009,247.39,1,125,2011-04-18 13:36:00,2011-04-18 13:36:00,234,1,247.39,1,2,1,4,Lost,247.39,0,1
18010,174.8,1,60,2011-03-28 12:27:00,2011-03-28 12:27:00,256,1,174.8,1,2,1,4,Lost,174.8,0,1
18011,102.78999999999999,1,71,2010-12-01 17:35:00,2010-12-01 17:35:00,372,1,102.78999999999999,1,2,1,4,Lost,102.78999999999999,0,1
18013,187.29,2,285,2011-07-07 14:11:00,2011-07-07 14:08:00,154,2,187.29,2,3,1,6,At Risk,93.645,0,1
18014,162.22,1,66,2011-11-11 15:28:00,2011-11-11 15:28:00,27,1,162.22,4,2,1,7,Potential Loyal,162.22,0,0
18015,120.03,1,157,2011-12-05 14:49:00,2011-12-05 14:49:00,3,1,120.03,5,2,1,8,Potential Loyal,120.03,0,0
18016,1477.66,5,1027,2011-11-07 13:25:00,2010-12-10 17:14:00,31,5,1477.66,4,4,4,12,Loyal,295.53200000000004,331,0
18017,523.0,3,300,2011-09-19 16:15:00,2011-02-02 13:57:00,80,3,523.0,2,4,3,9,Potential Loyal,174.33333333333334,229,0
18018,122.14,2,55,2011-08-23 17:37:00,2011-05-24 13:22:00,107,2,122.14,2,3,1,6,At Risk,61.07,91,1
18019,38.45,1,7,2011-10-19 12:10:00,2011-10-19 12:10:00,51,1,38.45,3,2,1,6,At Risk,38.45,0,0
18022,612.72,1,703,2011-11-04 12:45:00,2011-11-04 12:45:00,35,1,612.72,3,2,3,8,Potential Loyal,612.72,0,0
18024,389.78,2,184,2011-07-10 12:40:00,2011-07-10 12:28:00,152,2,389.78,2,3,2,7,Potential Loyal,194.89,0,1
18027,115.31,1,78,2011-09-02 10:38:00,2011-09-02 10:38:00,98,1,115.31,2,2,1,5,At Risk,115.31,0,1
18030,230.64999999999998,2,67,2011-12-05 16:37:00,2011-10-28 13:55:00,3,2,230.64999999999998,5,3,1,9,Potential Loyal,115.32499999999999,38,0
18032,73.5,1,42,2011-01-09 15:32:00,2011-01-09 15:32:00,333,1,73.5,1,2,1,4,Lost,73.5,0,1
18033,93.82000000000001,1,252,2011-10-05 17:28:00,2011-10-05 17:28:00,64,1,93.82000000000001,3,2,1,6,At Risk,93.82000000000001,0,0
18034,418.68,2,559,2011-11-18 12:22:00,2011-11-18 12:08:00,21,2,418.68,4,3,2,9,Potential Loyal,209.34,0,0
18035,713.89,3,584,2011-11-04 12:39:00,2011-10-27 17:48:00,35,3,713.89,3,4,3,10,Loyal,237.96333333333334,7,0
18036,403.12,3,232,2011-11-07 14:40:00,2011-04-08 11:26:00,31,3,403.12,4,4,2,10,Loyal,134.37333333333333,213,0
18037,70.02,6,20,2011-07-08 13:39:00,2010-12-12 16:20:00,153,6,70.02,2,5,1,8,Potential Loyal,11.67,207,1
18040,357.20000000000005,2,148,2011-11-20 14:20:00,2011-04-08 08:27:00,18,2,357.20000000000005,4,3,2,9,Potential Loyal,178.60000000000002,226,0
18041,4097.37,21,3758,2011-11-28 11:39:00,2010-12-02 11:21:00,11,21,4097.37,5,5,5,15,VIP,195.11285714285714,361,0
18042,165.04999999999998,1,33,2011-10-17 11:49:00,2011-10-17 11:49:00,53,1,165.04999999999998,3,2,1,6,At Risk,165.04999999999998,0,0
18043,529.29,3,265,2011-11-15 12:48:00,2010-12-08 12:35:00,24,3,529.29,4,4,3,11,Loyal,176.42999999999998,342,0
18044,2088.6,10,1033,2011-12-05 14:26:00,2010-12-14 12:25:00,3,10,2088.6,5,5,5,15,VIP,208.85999999999999,356,0
18045,178.34,1,138,2011-10-25 13:07:00,2011-10-25 13:07:00,44,1,178.34,3,2,1,6,At Risk,178.34,0,0
18048,172.29000000000002,2,127,2011-05-20 14:58:00,2011-05-20 14:54:00,202,2,172.29000000000002,1,3,1,5,At Risk,86.14500000000001,0,1
18050,74.4,1,40,2010-12-15 14:25:00,2010-12-15 14:25:00,358,1,74.4,1,2,1,4,Lost,74.4,0,1
18053,300.02,1,302,2011-09-30 09:05:00,2011-09-30 09:05:00,70,1,300.02,3,2,2,7,Potential Loyal,300.02,0,0
18055,6761.34,10,2452,2011-12-02 14:25:00,2010-12-05 10:52:00,6,10,6761.34,5,5,5,15,VIP,676.134,362,0
18056,363.65,1,211,2011-02-24 14:27:00,2011-02-24 14:27:00,287,1,363.65,1,2,2,5,At Risk,363.65,0,1
18058,170.16,1,88,2011-11-30 08:38:00,2011-11-30 08:38:00,9,1,170.16,5,2,1,8,Potential Loyal,170.16,0,0
18059,306.46,3,258,2011-11-16 16:49:00,2011-10-03 09:30:00,22,3,306.46,4,4,2,10,Loyal,102.15333333333332,44,0
18061,2119.41,10,955,2011-11-18 11:20:00,2010-12-08 13:03:00,21,10,2119.41,4,5,5,14,VIP,211.94099999999997,344,0
18062,720.52,3,396,2011-06-19 14:47:00,2011-01-06 10:03:00,172,3,720.52,2,4,3,9,Potential Loyal,240.17333333333332,164,1
18064,814.0,2,384,2011-07-29 16:39:00,2011-04-18 15:08:00,132,2,814.0,2,3,3,8,Potential Loyal,407.0,102,1
18065,2392.83,14,1027,2011-12-04 10:30:00,2010-12-10 12:44:00,5,14,2392.83,5,5,5,15,VIP,170.91642857142855,358,0
18066,318.0,1,108,2011-09-25 15:30:00,2011-09-25 15:30:00,74,1,318.0,2,2,2,6,At Risk,318.0,0,0
18067,396.33,1,189,2011-10-30 15:58:00,2011-10-30 15:58:00,39,1,396.33,3,2,2,7,Potential Loyal,396.33,0,0
18068,101.69999999999999,1,6,2011-02-23 14:50:00,2011-02-23 14:50:00,288,1,101.69999999999999,1,2,1,4,Lost,101.69999999999999,0,1
18069,2009.24,5,1296,2011-11-13 16:03:00,2011-01-16 15:50:00,25,5,2009.24,4,4,4,12,Loyal,401.848,301,0
18071,453.0,2,260,2011-03-27 11:59:00,2010-12-09 10:33:00,257,2,453.0,1,3,2,6,At Risk,226.5,108,1
18072,247.44,1,288,2011-06-07 10:44:00,2011-06-07 10:44:00,185,1,247.44,1,2,1,4,Lost,247.44,0,1
18073,3859.82,12,3102,2011-08-17 14:02:00,2011-05-26 19:38:00,113,12,3859.82,2,5,5,12,Loyal,321.6516666666667,82,1
18074,489.6,1,190,2010-12-01 09:53:00,2010-12-01 09:53:00,373,1,489.6,1,2,3,6,At Risk,489.6,0,1
18075,2611.75,10,1464,2011-11-16 15:21:00,2010-12-14 10:48:00,22,10,2611.75,4,5,5,14,VIP,261.175,337,0
18077,2584.41,11,1839,2011-12-01 13:32:00,2010-12-08 10:21:00,7,11,2584.41,5,5,5,15,VIP,234.94636363636363,358,0
18078,336.13,2,145,2011-05-06 14:32:00,2011-03-25 15:08:00,216,2,336.13,1,3,2,6,At Risk,168.065,41,1
18079,3613.15,4,7347,2011-10-25 15:27:00,2011-04-15 12:14:00,44,4,3613.15,3,4,5,12,Loyal,903.2875,193,0
18080,1231.5,2,642,2011-11-21 08:02:00,2011-04-11 10:10:00,18,2,1231.5,4,3,4,11,Loyal,615.75,223,0
18081,343.45,3,195,2011-11-03 16:30:00,2011-07-29 11:56:00,35,3,343.45,3,4,2,9,Potential Loyal,114.48333333333333,97,0
18082,680.84,1,608,2011-11-14 12:45:00,2011-11-14 12:45:00,25,1,680.84,4,2,3,9,Potential Loyal,680.84,0,0
18084,90.47999999999999,1,312,2011-11-23 13:57:00,2011-11-23 13:57:00,15,1,90.47999999999999,4,2,1,7,Potential Loyal,90.47999999999999,0,0
18085,689.95,2,265,2011-01-13 15:17:00,2010-12-01 12:08:00,329,2,689.95,1,3,3,7,Potential Loyal,344.975,43,1
18086,101.34,1,106,2011-03-10 13:34:00,2011-03-10 13:34:00,273,1,101.34,1,2,1,4,Lost,101.34,0,1
18087,4055.7199999999993,2,3907,2011-09-02 15:12:00,2011-02-22 10:43:00,97,2,4055.7199999999993,2,3,5,10,Loyal,2027.8599999999997,192,1
18088,166.03,1,107,2011-10-09 13:41:00,2011-10-09 13:41:00,60,1,166.03,3,2,1,6,At Risk,166.03,0,0
18092,9068.26,11,4252,2011-12-07 13:14:00,2010-12-09 10:00:00,1,11,9068.26,5,5,5,15,VIP,824.3872727272727,363,0
18093,2106.52,4,1392,2011-09-07 15:43:00,2011-02-10 12:15:00,92,4,2106.52,2,4,5,11,Loyal,526.63,209,1
18094,3017.3,7,2518,2011-09-19 09:28:00,2011-02-21 08:50:00,81,7,3017.3,2,5,5,12,Loyal,431.04285714285714,210,0
18095,580.0500000000001,2,419,2011-01-31 12:50:00,2011-01-11 12:37:00,312,2,580.0500000000001,1,3,3,7,Potential Loyal,290.02500000000003,20,1
18096,849.06,3,788,2011-11-28 12:44:00,2011-10-07 11:55:00,11,3,849.06,5,4,3,12,Loyal,283.02,52,0
18097,2662.4,6,1662,2011-12-02 11:16:00,2010-12-20 14:49:00,7,6,2662.4,5,5,5,15,VIP,443.73333333333335,346,0
18099,168.31,1,149,2011-08-04 15:52:00,2011-08-04 15:52:00,126,1,168.31,2,2,1,5,At Risk,168.31,0,1
18101,222.4,2,87,2011-11-28 13:37:00,2011-07-19 13:05:00,10,2,222.4,5,3,1,9,Potential Loyal,111.2,132,0
18102,259657.3,60,64124,2011-12-09 11:50:00,2010-12-07 16:42:00,0,60,259657.3,5,5,5,15,VIP,4327.621666666667,366,0
18104,754.64,1,362,2011-11-02 14:07:00,2011-11-02 14:07:00,36,1,754.64,3,2,3,8,Potential Loyal,754.64,0,0
18105,113.48000000000002,1,46,2011-11-02 12:04:00,2011-11-02 12:04:00,37,1,113.48000000000002,3,2,1,6,At Risk,113.48000000000002,0,0
18106,421.9,1,126,2011-01-14 12:23:00,2011-01-14 12:23:00,329,1,421.9,1,2,2,5,At Risk,421.9,0,1
18108,271.0,1,84,2011-03-30 13:56:00,2011-03-30 13:56:00,253,1,271.0,1,2,2,5,At Risk,271.0,0,1
18109,8004.92,26,4230,2011-12-08 11:36:00,2010-12-05 10:58:00,1,26,8004.92,5,5,5,15,VIP,307.88153846153847,368,0
18110,198.8,1,72,2011-11-20 12:34:00,2011-11-20 12:34:00,19,1,198.8,4,2,1,7,Potential Loyal,198.8,0,0
18112,352.69,2,255,2011-11-27 14:43:00,2011-06-26 13:56:00,11,2,352.69,5,3,2,10,Loyal,176.345,154,0
18113,76.32000000000001,1,72,2010-12-06 12:31:00,2010-12-06 12:31:00,368,1,76.32000000000001,1,2,1,4,Lost,76.32000000000001,0,1
18114,220.1,1,55,2011-02-22 13:20:00,2011-02-22 13:20:00,289,1,220.1,1,2,1,4,Lost,220.1,0,1
18116,1403.1100000000001,8,837,2011-10-03 11:00:00,2010-12-10 12:14:00,67,8,1403.1100000000001,3,5,4,12,Loyal,175.38875000000002,296,0
18117,315.65,1,605,2011-11-14 12:47:00,2011-11-14 12:47:00,25,1,315.65,4,2,2,8,Potential Loyal,315.65,0,0
18118,5625.08,26,2865,2011-11-29 11:32:00,2010-12-05 12:13:00,10,26,5625.08,5,5,5,15,VIP,216.34923076923076,358,0
18119,180.7,1,124,2010-12-07 11:59:00,2010-12-07 11:59:00,367,1,180.7,1,2,1,4,Lost,180.7,0,1
18120,111.15,1,31,2011-05-09 13:45:00,2011-05-09 13:45:00,213,1,111.15,1,2,1,4,Lost,111.15,0,1
18121,653.3,2,438,2011-07-13 12:53:00,2011-07-08 12:14:00,148,2,653.3,2,3,3,8,Potential Loyal,326.65,5,1
18122,1793.06,6,1225,2011-12-01 13:08:00,2011-07-12 11:37:00,7,6,1793.06,5,5,4,14,VIP,298.8433333333333,142,0
18123,574.4399999999999,2,582,2011-11-15 14:23:00,2011-11-08 13:31:00,23,2,574.4399999999999,4,3,3,10,Loyal,287.21999999999997,7,0
18125,1131.75,4,800,2011-11-10 12:29:00,2011-01-27 15:02:00,29,4,1131.75,4,4,4,12,Loyal,282.9375,286,0
18126,200.92000000000002,1,135,2011-10-10 12:19:00,2011-10-10 12:19:00,60,1,200.92000000000002,3,2,1,6,At Risk,200.92000000000002,0,0
18127,347.08,3,187,2011-11-20 14:05:00,2011-07-29 10:06:00,18,3,347.08,4,4,2,10,Loyal,115.69333333333333,114,0
18129,112.55000000000001,1,48,2011-04-10 14:16:00,2011-04-10 14:16:00,242,1,112.55000000000001,1,2,1,4,Lost,112.55000000000001,0,1
18130,1059.39,3,824,2011-11-24 14:40:00,2011-10-13 15:58:00,14,3,1059.39,4,4,4,12,Loyal,353.13000000000005,41,0
18133,931.4999999999999,1,1350,2011-05-11 14:14:00,2011-05-11 14:14:00,211,1,931.4999999999999,1,2,3,6,At Risk,931.4999999999999,0,1
18135,681.9100000000001,5,349,2011-11-10 19:32:00,2011-06-02 14:04:00,28,5,681.9100000000001,4,4,3,11,Loyal,136.382,161,0
18136,784.33,3,379,2011-10-07 15:40:00,2011-01-24 12:08:00,62,3,784.33,3,4,3,10,Loyal,261.4433333333333,256,0
18138,152.65,1,38,2011-02-17 14:51:00,2011-02-17 14:51:00,294,1,152.65,1,2,1,4,Lost,152.65,0,1
18139,8438.34,6,5557,2011-11-22 10:44:00,2011-11-21 14:06:00,17,6,8438.34,4,5,5,14,VIP,1406.39,0,0
18142,1019.52,2,1276,2011-07-05 13:19:00,2011-05-08 12:31:00,156,2,1019.52,2,3,4,9,Potential Loyal,509.76,58,1
18143,1000.16,2,570,2011-08-15 12:07:00,2011-07-21 10:44:00,116,2,1000.16,2,3,4,9,Potential Loyal,500.08,25,1
18144,2888.75,12,1343,2011-12-02 12:46:00,2010-12-01 13:45:00,7,12,2888.75,5,5,5,15,VIP,240.72916666666666,365,0
18145,2861.55,4,2625,2011-11-27 11:22:00,2011-01-31 12:10:00,12,4,2861.55,5,4,5,14,VIP,715.3875,299,0
18146,160.35000000000002,2,153,2011-07-22 12:08:00,2011-05-03 16:35:00,140,2,160.35000000000002,2,3,1,6,At Risk,80.17500000000001,79,1
18147,179.33999999999997,2,203,2011-10-25 11:46:00,2011-08-23 12:22:00,45,2,179.33999999999997,3,3,1,7,Potential Loyal,89.66999999999999,62,0
18149,612.0799999999999,3,310,2011-10-20 12:04:00,2011-03-11 12:44:00,50,3,612.0799999999999,3,4,3,10,Loyal,204.02666666666664,222,0
18150,566.58,3,332,2011-11-07 16:49:00,2011-05-22 10:47:00,31,3,566.58,4,4,3,11,Loyal,188.86,169,0
18151,653.35,2,355,2011-07-28 11:35:00,2011-02-23 08:29:00,134,2,653.35,2,3,3,8,Potential Loyal,326.675,155,1
18154,399.19,2,255,2011-12-06 16:41:00,2011-10-27 10:40:00,2,2,399.19,5,3,2,10,Loyal,199.595,40,0
18155,371.62,3,266,2011-09-25 13:32:00,2011-02-21 10:36:00,74,3,371.62,2,4,2,8,Potential Loyal,123.87333333333333,216,0
18156,675.64,2,283,2011-11-27 12:24:00,2010-12-05 12:29:00,12,2,675.64,5,3,3,11,Loyal,337.82,356,0
18158,453.4,2,354,2011-11-30 16:19:00,2011-09-12 09:03:00,8,2,453.4,5,3,2,10,Loyal,226.7,79,0
18159,530.15,1,139,2011-02-11 14:26:00,2011-02-11 14:26:00,300,1,530.15,1,2,3,6,At Risk,530.15,0,1
18160,638.0600000000001,2,294,2011-10-13 15:50:00,2011-05-23 13:41:00,56,2,638.0600000000001,3,3,3,9,Potential Loyal,319.03000000000003,143,0
18161,1618.69,5,812,2011-11-24 16:40:00,2011-01-24 11:56:00,14,5,1618.69,4,4,4,12,Loyal,323.738,304,0
18164,399.65000000000003,1,184,2011-11-02 12:56:00,2011-11-02 12:56:00,36,1,399.65000000000003,3,2,2,7,Potential Loyal,399.65000000000003,0,0
18165,302.46000000000004,1,254,2011-06-15 13:23:00,2011-06-15 13:23:00,176,1,302.46000000000004,2,2,2,6,At Risk,302.46000000000004,0,1
18167,1384.8600000000001,3,382,2011-11-16 15:56:00,2011-08-26 11:40:00,22,3,1384.8600000000001,4,4,4,12,Loyal,461.62000000000006,82,0
18168,1160.04,6,592,2011-06-16 19:21:00,2010-12-02 18:08:00,175,6,1160.04,2,5,4,11,Loyal,193.34,196,1
18169,202.65,1,61,2011-10-10 12:18:00,2011-10-10 12:18:00,60,1,202.65,3,2,1,6,At Risk,202.65,0,0
18170,980.31,3,409,2011-11-06 14:35:00,2011-05-06 15:13:00,32,3,980.31,4,4,4,12,Loyal,326.77,183,0
18171,1231.31,5,481,2011-10-12 09:13:00,2011-01-10 09:55:00,58,5,1231.31,3,4,4,11,Loyal,246.262,274,0
18172,7561.68,20,3184,2011-11-25 11:12:00,2011-02-23 10:44:00,14,20,7561.68,4,5,5,14,VIP,378.084,275,0
18173,2106.84,4,1220,2011-09-14 11:26:00,2011-03-10 11:56:00,86,4,2106.84,2,4,5,11,Loyal,526.71,187,0
18174,104.0,1,50,2011-12-02 16:56:00,2011-12-02 16:56:00,6,1,104.0,5,2,1,8,Potential Loyal,104.0,0,0
18176,476.35,1,283,2010-12-16 15:45:00,2010-12-16 15:45:00,357,1,476.35,1,2,2,5,At Risk,476.35,0,1
18177,1340.8700000000001,6,709,2011-11-08 14:44:00,2011-03-29 08:46:00,30,6,1340.8700000000001,4,5,4,13,VIP,223.47833333333335,224,0
18178,1590.81,4,983,2011-08-03 09:30:00,2010-12-10 12:42:00,128,4,1590.81,2,4,4,10,Loyal,397.7025,235,1
18179,1793.17,6,1360,2011-11-30 16:23:00,2011-01-07 14:22:00,8,6,1793.17,5,5,4,14,VIP,298.8616666666667,327,0
18180,1843.75,6,1721,2011-12-05 08:39:00,2011-07-20 08:59:00,4,6,1843.75,5,5,4,14,VIP,307.2916666666667,137,0
18181,366.85,1,133,2011-11-15 15:08:00,2011-11-15 15:08:00,23,1,366.85,4,2,2,8,Potential Loyal,366.85,0,0
18183,632.07,2,371,2011-04-26 15:26:00,2011-03-10 10:08:00,226,2,632.07,1,3,3,7,Potential Loyal,316.035,47,1
18184,49.8,1,60,2011-11-24 15:28:00,2011-11-24 15:28:00,14,1,49.8,4,2,1,7,Potential Loyal,49.8,0,0
18185,304.25,1,183,2011-04-04 13:42:00,2011-04-04 13:42:00,248,1,304.25,1,2,2,5,At Risk,304.25,0,1
18188,2001.04,3,1168,2011-11-24 16:46:00,2011-02-22 14:43:00,14,3,2001.04,4,4,4,12,Loyal,667.0133333333333,275,0
18189,1090.24,2,566,2011-09-23 12:40:00,2011-03-17 09:49:00,77,2,1090.24,2,3,4,9,Potential Loyal,545.12,190,0
18190,284.46000000000004,2,140,2011-05-31 14:48:00,2011-01-13 10:35:00,191,2,284.46000000000004,1,3,2,6,At Risk,142.23000000000002,138,1
18191,207.79999999999998,1,140,2011-03-23 12:08:00,2011-03-23 12:08:00,261,1,207.79999999999998,1,2,1,4,Lost,207.79999999999998,0,1
18192,957.97,1,339,2011-09-29 09:53:00,2011-09-29 09:53:00,71,1,957.97,3,2,4,9,Potential Loyal,957.97,0,0
18193,243.76,1,124,2011-06-27 13:58:00,2011-06-27 13:58:00,164,1,243.76,2,2,1,5,At Risk,243.76,0,1
18194,973.8399999999999,1,632,2011-09-18 13:29:00,2011-09-18 13:29:00,81,1,973.8399999999999,2,2,4,8,Potential Loyal,973.8399999999999,0,0
18196,686.63,2,431,2011-09-05 16:22:00,2011-02-22 16:13:00,94,2,686.63,2,3,3,8,Potential Loyal,343.315,195,1
18198,5425.56,17,4074,2011-12-05 14:49:00,2011-01-07 13:39:00,3,17,5425.56,5,5,5,15,VIP,319.15058823529415,332,0
18200,150.35,1,104,2011-08-25 18:45:00,2011-08-25 18:45:00,105,1,150.35,2,2,1,5,At Risk,150.35,0,1
18202,1396.99,3,581,2011-05-24 12:12:00,2011-02-01 13:36:00,199,3,1396.99,1,4,4,9,Potential Loyal,465.66333333333336,111,1
18203,160.42000000000002,1,43,2011-07-05 13:07:00,2011-07-05 13:07:00,156,1,160.42000000000002,2,2,1,5,At Risk,160.42000000000002,0,1
18204,1975.35,3,1190,2011-09-29 16:44:00,2011-05-31 15:26:00,70,3,1975.35,3,4,4,11,Loyal,658.4499999999999,121,0
18205,517.36,2,192,2011-11-03 13:22:00,2011-09-26 12:02:00,35,2,517.36,3,3,3,9,Potential Loyal,258.68,38,0
18209,139.10000000000002,1,58,2011-11-11 12:07:00,2011-11-11 12:07:00,28,1,139.10000000000002,4,2,1,7,Potential Loyal,139.10000000000002,0,0
18210,2621.38,6,1398,2011-12-08 11:02:00,2011-03-17 16:58:00,1,6,2621.38,5,5,5,15,VIP,436.8966666666667,265,0
18211,600.07,5,359,2011-11-14 08:10:00,2011-03-06 12:09:00,25,5,600.07,4,4,3,11,Loyal,120.01400000000001,252,0
18212,216.07,1,92,2011-01-17 16:14:00,2011-01-17 16:14:00,325,1,216.07,1,2,1,4,Lost,216.07,0,1
18213,232.48000000000002,1,232,2011-04-17 10:21:00,2011-04-17 10:21:00,236,1,232.48000000000002,1,2,1,4,Lost,232.48000000000002,0,1
18215,299.34000000000003,1,118,2011-09-11 16:05:00,2011-09-11 16:05:00,88,1,299.34000000000003,2,2,2,6,At Risk,299.34000000000003,0,0
18216,481.75,1,200,2011-11-08 16:55:00,2011-11-08 16:55:00,30,1,481.75,4,2,2,8,Potential Loyal,481.75,0,0
18217,621.75,2,491,2011-11-10 13:18:00,2011-09-30 10:44:00,28,2,621.75,4,3,3,10,Loyal,310.875,41,0
18218,641.92,2,536,2011-05-12 12:53:00,2011-03-03 12:24:00,210,2,641.92,1,3,3,7,Potential Loyal,320.96,70,1
18219,2069.77,10,885,2011-12-07 11:43:00,2010-12-06 10:05:00,2,10,2069.77,5,5,5,15,VIP,206.977,366,0
18220,305.28000000000003,1,288,2011-04-27 09:03:00,2011-04-27 09:03:00,226,1,305.28000000000003,1,2,2,5,At Risk,305.28000000000003,0,1
18221,1041.61,5,791,2011-11-17 14:40:00,2011-05-12 14:13:00,21,5,1041.61,4,4,4,12,Loyal,208.32199999999997,189,0
18222,443.0,1,335,2011-09-08 10:45:00,2011-09-08 10:45:00,92,1,443.0,2,2,2,6,At Risk,443.0,0,1
18223,6484.54,14,2948,2011-12-05 09:11:00,2010-12-16 16:42:00,4,14,6484.54,5,5,5,15,VIP,463.18142857142857,353,0
18224,158.95000000000002,1,69,2011-03-21 10:30:00,2011-03-21 10:30:00,263,1,158.95000000000002,1,2,1,4,Lost,158.95000000000002,0,1
18225,5504.96,12,3242,2011-12-06 13:27:00,2010-12-09 15:46:00,2,12,5504.96,5,5,5,15,VIP,458.74666666666667,361,0
18226,5228.05,11,3466,2011-10-26 13:36:00,2011-01-06 09:00:00,43,11,5228.05,3,5,5,13,VIP,475.27727272727276,293,0
18227,93.75,1,21,2011-05-06 12:23:00,2011-05-06 12:23:00,217,1,93.75,1,2,1,4,Lost,93.75,0,1
18228,779.9,2,238,2011-10-14 09:21:00,2011-09-21 10:48:00,56,2,779.9,3,3,3,9,Potential Loyal,389.95,22,0
18229,7276.900000000001,20,2488,2011-11-28 09:48:00,2010-12-01 16:25:00,11,20,7276.900000000001,5,5,5,15,VIP,363.845,361,0
18230,2810.2000000000003,7,1316,2011-11-30 13:22:00,2011-02-10 13:06:00,8,7,2810.2000000000003,5,5,5,15,VIP,401.4571428571429,293,0
18231,2071.77,5,819,2011-05-31 14:18:00,2011-02-24 09:08:00,191,5,2071.77,1,4,5,10,Loyal,414.354,96,1
18232,592.97,4,302,2011-09-19 11:49:00,2011-05-26 16:30:00,81,4,592.97,2,4,3,9,Potential Loyal,148.2425,115,0
18233,440.0,1,4,2011-01-18 08:44:00,2011-01-18 08:44:00,325,1,440.0,1,2,2,5,At Risk,440.0,0,1
18235,1796.48,3,1578,2011-09-29 08:27:00,2011-05-06 13:35:00,71,3,1796.48,3,4,4,11,Loyal,598.8266666666667,145,0
18236,882.24,6,403,2011-11-10 08:06:00,2011-04-13 09:52:00,29,6,882.24,4,5,3,12,Loyal,147.04,210,0
18237,987.1,5,622,2011-12-07 12:49:00,2011-07-28 13:05:00,2,5,987.1,5,4,4,13,VIP,197.42000000000002,131,0
18239,1561.6100000000001,5,795,2011-05-05 12:38:00,2010-12-02 17:48:00,218,5,1561.6100000000001,1,4,4,9,Potential Loyal,312.322,153,1
18240,422.58,1,126,2011-10-24 13:06:00,2011-10-24 13:06:00,45,1,422.58,3,2,2,7,Potential Loyal,422.58,0,0
18241,2073.09,17,1051,2011-11-30 12:10:00,2011-05-06 09:22:00,9,17,2073.09,5,5,5,15,VIP,121.9464705882353,208,0
18242,2232.4900000000002,4,1017,2011-09-28 13:43:00,2011-05-10 11:20:00,71,4,2232.4900000000002,3,4,5,12,Loyal,558.1225000000001,141,0
18245,2567.06,7,1788,2011-12-02 14:48:00,2010-12-19 14:58:00,6,7,2567.06,5,5,5,15,VIP,366.72285714285715,347,0
18246,596.1,2,166,2011-11-16 11:49:00,2011-04-20 13:55:00,23,2,596.1,4,3,3,10,Loyal,298.05,209,0
18248,804.02,2,511,2011-08-09 10:19:00,2011-06-06 13:18:00,122,2,804.02,2,3,3,8,Potential Loyal,402.01,63,1
18249,95.34,1,128,2011-11-22 15:07:00,2011-11-22 15:07:00,16,1,95.34,4,2,1,7,Potential Loyal,95.34,0,0
18250,349.27,1,199,2011-02-02 13:16:00,2011-02-02 13:16:00,309,1,349.27,1,2,2,5,At Risk,349.27,0,1
18251,4314.72,1,7824,2011-09-13 15:03:00,2011-09-13 15:03:00,86,1,4314.72,2,2,5,9,Potential Loyal,4314.72,0,0
18252,518.27,2,234,2011-10-20 12:43:00,2011-06-21 11:47:00,50,2,518.27,3,3,3,9,Potential Loyal,259.135,121,0
18255,103.3,1,74,2011-09-11 13:16:00,2011-09-11 13:16:00,88,1,103.3,2,2,1,5,At Risk,103.3,0,0
18257,2337.63,8,1041,2011-10-31 14:48:00,2011-02-16 15:13:00,38,8,2337.63,3,5,5,13,VIP,292.20375,256,0
18259,2338.6000000000004,3,714,2011-11-15 12:34:00,2010-12-08 13:38:00,24,3,2338.6000000000004,4,4,5,13,VIP,779.5333333333334,341,0
18260,2628.35,6,1475,2011-06-20 12:37:00,2010-12-16 18:23:00,172,6,2628.35,2,5,5,12,Loyal,438.05833333333334,185,1
18261,324.24,2,146,2011-10-27 15:36:00,2011-09-05 09:34:00,42,2,324.24,3,3,2,8,Potential Loyal,162.12,52,0
18262,149.48,1,182,2011-07-22 16:04:00,2011-07-22 16:04:00,139,1,149.48,2,2,1,5,At Risk,149.48,0,1
18263,1213.1599999999999,3,1468,2011-11-14 09:00:00,2011-04-01 11:48:00,25,3,1213.1599999999999,4,4,4,12,Loyal,404.3866666666666,226,0
18265,801.51,2,311,2011-09-28 14:10:00,2011-07-04 15:26:00,71,2,801.51,3,3,3,9,Potential Loyal,400.755,85,0
18268,25.5,1,2,2011-07-28 19:13:00,2011-07-28 19:13:00,133,1,25.5,2,2,1,5,At Risk,25.5,0,1
18269,168.6,1,76,2010-12-08 13:53:00,2010-12-08 13:53:00,365,1,168.6,1,2,1,4,Lost,168.6,0,1
18270,283.15,2,101,2011-11-01 13:57:00,2011-03-18 12:41:00,37,2,283.15,3,3,2,8,Potential Loyal,141.575,228,0
18272,3078.58,6,2050,2011-12-07 12:43:00,2011-04-07 09:35:00,2,6,3078.58,5,5,5,15,VIP,513.0966666666667,244,0
18273,204.0,3,80,2011-12-07 13:16:00,2011-03-27 11:22:00,1,3,204.0,5,4,1,10,Loyal,68.0,255,0
18274,175.92,1,88,2011-11-09 17:03:00,2011-11-09 17:03:00,29,1,175.92,4,2,1,7,Potential Loyal,175.92,0,0
18276,335.86,1,186,2011-10-27 10:54:00,2011-10-27 10:54:00,43,1,335.86,3,2,2,7,Potential Loyal,335.86,0,0
18277,110.38,1,68,2011-10-12 15:22:00,2011-10-12 15:22:00,57,1,110.38,3,2,1,6,At Risk,110.38,0,0
18278,173.9,1,66,2011-09-27 11:58:00,2011-09-27 11:58:00,73,1,173.9,2,2,1,5,At Risk,173.9,0,0
18280,180.60000000000002,1,45,2011-03-07 09:52:00,2011-03-07 09:52:00,277,1,180.60000000000002,1,2,1,4,Lost,180.60000000000002,0,1
18281,80.82,1,54,2011-06-12 10:53:00,2011-06-12 10:53:00,180,1,80.82,1,2,1,4,Lost,80.82,0,1
18282,178.05,2,103,2011-12-02 11:43:00,2011-08-05 13:35:00,7,2,178.05,5,3,1,9,Potential Loyal,89.025,118,0
18283,2045.53,16,1357,2011-12-06 12:02:00,2011-01-06 14:14:00,3,16,2045.53,5,5,4,14,VIP,127.845625,333,0
18287,1837.28,3,1586,2011-10-28 09:29:00,2011-05-22 10:39:00,42,3,1837.28,3,4,4,11,Loyal,612.4266666666666,158,0
